
 /----------------------------------------------------------------------------\
 |  yosys -- Yosys Open SYnthesis Suite                                       |
 |  Copyright (C) 2012 - 2026  Claire Xenia Wolf <claire@yosyshq.com>         |
 |  Distributed under an ISC-like license, type "license" to see terms        |
 \----------------------------------------------------------------------------/
 Yosys 0.64 (git sha1 6d2c445ae, g++ 13.3.0-6ubuntu2~24.04.1 -fPIC -O3)

-- Executing script file `/tmp/tmp.MK19HVIMKI' --
echo on

yosys> read_liberty -lib /foss/pdks/sky130A/libs.ref/sky130_fd_sc_hd/lib/sky130_fd_sc_hd__tt_025C_1v80.lib

1. Executing Liberty frontend: /foss/pdks/sky130A/libs.ref/sky130_fd_sc_hd/lib/sky130_fd_sc_hd__tt_025C_1v80.lib
Imported 428 cell types from liberty file.

yosys> read_verilog -sv -Iinclude rtl_rv32im_ahb_core/top/Pip_RV32IM_AHB.v rtl_rv32im_ahb_core/pipeline_registers/Reg_F_D.v rtl_rv32im_ahb_core/pipeline_registers/Reg_D_E.v rtl_rv32im_ahb_core/pipeline_registers/Reg_E_M.v rtl_rv32im_ahb_core/pipeline_registers/Reg_M_W.v rtl_rv32im_ahb_core/control/Decoder.v rtl_rv32im_ahb_core/control/Instr_Decoder.v rtl_rv32im_ahb_core/control/Machine_Control.v rtl_rv32im_ahb_core/control/WrEn_Generator.v rtl_rv32im_ahb_core/datapath_units/ALU.v rtl_rv32im_ahb_core/datapath_units/Branch_Predictor.v rtl_rv32im_ahb_core/datapath_units/Extend_Unit.v rtl_rv32im_ahb_core/datapath_units/Imm_Adder.v rtl_rv32im_ahb_core/datapath_units/PC_Unit.v rtl_rv32im_ahb_core/datapath_units/Register_File.v rtl_rv32im_ahb_core/datapath_units/WB_Unit.v rtl_rv32im_ahb_core/csr/CSR_Data_Mux_Unit.v rtl_rv32im_ahb_core/csr/CSR_File.v rtl_rv32im_ahb_core/csr/Data_Wr_Mux_Unit.v rtl_rv32im_ahb_core/csr/Machine_Counter_Setup.v rtl_rv32im_ahb_core/csr/Machine_Counter.v rtl_rv32im_ahb_core/csr/MCause_Reg.v rtl_rv32im_ahb_core/csr/MEPC_MScratch_Reg.v rtl_rv32im_ahb_core/csr/MIE_Reg.v rtl_rv32im_ahb_core/csr/MIP_Reg.v rtl_rv32im_ahb_core/csr/MISA_PreData_Unit.v rtl_rv32im_ahb_core/csr/MStatus_Reg.v rtl_rv32im_ahb_core/csr/MTVal_Reg.v rtl_rv32im_ahb_core/csr/MTVec_Reg.v rtl_rv32im_ahb_core/memory_if/Load_Unit.v rtl_rv32im_ahb_core/memory_if/Store_Unit.v rtl_rv32im_ahb_core/multiply/Div32_NonRestoring.v rtl_rv32im_ahb_core/multiply/MDU.v rtl_rv32im_ahb_core/multiply/Mul32_Booth.v rtl_rv32im_ahb_core/hazards/Hazard_Unit.v

2. Executing Verilog-2005 frontend: rtl_rv32im_ahb_core/top/Pip_RV32IM_AHB.v
Parsing SystemVerilog input from `rtl_rv32im_ahb_core/top/Pip_RV32IM_AHB.v' to AST representation.
Generating RTLIL representation for module `\Pip_RV32IM_AHB'.
Successfully finished Verilog frontend.

3. Executing Verilog-2005 frontend: rtl_rv32im_ahb_core/pipeline_registers/Reg_F_D.v
Parsing SystemVerilog input from `rtl_rv32im_ahb_core/pipeline_registers/Reg_F_D.v' to AST representation.
Generating RTLIL representation for module `\Reg_F_D'.
Successfully finished Verilog frontend.

4. Executing Verilog-2005 frontend: rtl_rv32im_ahb_core/pipeline_registers/Reg_D_E.v
Parsing SystemVerilog input from `rtl_rv32im_ahb_core/pipeline_registers/Reg_D_E.v' to AST representation.
Generating RTLIL representation for module `\Reg_D_E'.
Successfully finished Verilog frontend.

5. Executing Verilog-2005 frontend: rtl_rv32im_ahb_core/pipeline_registers/Reg_E_M.v
Parsing SystemVerilog input from `rtl_rv32im_ahb_core/pipeline_registers/Reg_E_M.v' to AST representation.
Generating RTLIL representation for module `\Reg_E_M'.
Successfully finished Verilog frontend.

6. Executing Verilog-2005 frontend: rtl_rv32im_ahb_core/pipeline_registers/Reg_M_W.v
Parsing SystemVerilog input from `rtl_rv32im_ahb_core/pipeline_registers/Reg_M_W.v' to AST representation.
Generating RTLIL representation for module `\Reg_M_W'.
Successfully finished Verilog frontend.

7. Executing Verilog-2005 frontend: rtl_rv32im_ahb_core/control/Decoder.v
Parsing SystemVerilog input from `rtl_rv32im_ahb_core/control/Decoder.v' to AST representation.
Generating RTLIL representation for module `\Decoder'.
Successfully finished Verilog frontend.

8. Executing Verilog-2005 frontend: rtl_rv32im_ahb_core/control/Instr_Decoder.v
Parsing SystemVerilog input from `rtl_rv32im_ahb_core/control/Instr_Decoder.v' to AST representation.
Generating RTLIL representation for module `\Instr_Decoder'.
Successfully finished Verilog frontend.

9. Executing Verilog-2005 frontend: rtl_rv32im_ahb_core/control/Machine_Control.v
Parsing SystemVerilog input from `rtl_rv32im_ahb_core/control/Machine_Control.v' to AST representation.
Generating RTLIL representation for module `\Machine_Control'.
Successfully finished Verilog frontend.

10. Executing Verilog-2005 frontend: rtl_rv32im_ahb_core/control/WrEn_Generator.v
Parsing SystemVerilog input from `rtl_rv32im_ahb_core/control/WrEn_Generator.v' to AST representation.
Generating RTLIL representation for module `\WrEn_Generator'.
Successfully finished Verilog frontend.

11. Executing Verilog-2005 frontend: rtl_rv32im_ahb_core/datapath_units/ALU.v
Parsing SystemVerilog input from `rtl_rv32im_ahb_core/datapath_units/ALU.v' to AST representation.
Generating RTLIL representation for module `\ALU'.
Successfully finished Verilog frontend.

12. Executing Verilog-2005 frontend: rtl_rv32im_ahb_core/datapath_units/Branch_Predictor.v
Parsing SystemVerilog input from `rtl_rv32im_ahb_core/datapath_units/Branch_Predictor.v' to AST representation.
Generating RTLIL representation for module `\Branch_Predictor'.
Successfully finished Verilog frontend.

13. Executing Verilog-2005 frontend: rtl_rv32im_ahb_core/datapath_units/Extend_Unit.v
Parsing SystemVerilog input from `rtl_rv32im_ahb_core/datapath_units/Extend_Unit.v' to AST representation.
Generating RTLIL representation for module `\Extend_Unit'.
Successfully finished Verilog frontend.

14. Executing Verilog-2005 frontend: rtl_rv32im_ahb_core/datapath_units/Imm_Adder.v
Parsing SystemVerilog input from `rtl_rv32im_ahb_core/datapath_units/Imm_Adder.v' to AST representation.
Generating RTLIL representation for module `\Imm_Adder'.
Successfully finished Verilog frontend.

15. Executing Verilog-2005 frontend: rtl_rv32im_ahb_core/datapath_units/PC_Unit.v
Parsing SystemVerilog input from `rtl_rv32im_ahb_core/datapath_units/PC_Unit.v' to AST representation.
Generating RTLIL representation for module `\PC_Unit'.
Successfully finished Verilog frontend.

16. Executing Verilog-2005 frontend: rtl_rv32im_ahb_core/datapath_units/Register_File.v
Parsing SystemVerilog input from `rtl_rv32im_ahb_core/datapath_units/Register_File.v' to AST representation.
Generating RTLIL representation for module `\Register_File'.
Successfully finished Verilog frontend.

17. Executing Verilog-2005 frontend: rtl_rv32im_ahb_core/datapath_units/WB_Unit.v
Parsing SystemVerilog input from `rtl_rv32im_ahb_core/datapath_units/WB_Unit.v' to AST representation.
Generating RTLIL representation for module `\WB_Unit'.
Successfully finished Verilog frontend.

18. Executing Verilog-2005 frontend: rtl_rv32im_ahb_core/csr/CSR_Data_Mux_Unit.v
Parsing SystemVerilog input from `rtl_rv32im_ahb_core/csr/CSR_Data_Mux_Unit.v' to AST representation.
Generating RTLIL representation for module `\CSR_Data_Mux_Unit'.
Successfully finished Verilog frontend.

19. Executing Verilog-2005 frontend: rtl_rv32im_ahb_core/csr/CSR_File.v
Parsing SystemVerilog input from `rtl_rv32im_ahb_core/csr/CSR_File.v' to AST representation.
Generating RTLIL representation for module `\CSR_File'.
Successfully finished Verilog frontend.

20. Executing Verilog-2005 frontend: rtl_rv32im_ahb_core/csr/Data_Wr_Mux_Unit.v
Parsing SystemVerilog input from `rtl_rv32im_ahb_core/csr/Data_Wr_Mux_Unit.v' to AST representation.
Generating RTLIL representation for module `\Data_Wr_Mux_Unit'.
Successfully finished Verilog frontend.

21. Executing Verilog-2005 frontend: rtl_rv32im_ahb_core/csr/Machine_Counter_Setup.v
Parsing SystemVerilog input from `rtl_rv32im_ahb_core/csr/Machine_Counter_Setup.v' to AST representation.
Generating RTLIL representation for module `\Machine_Counter_Setup'.
Successfully finished Verilog frontend.

22. Executing Verilog-2005 frontend: rtl_rv32im_ahb_core/csr/Machine_Counter.v
Parsing SystemVerilog input from `rtl_rv32im_ahb_core/csr/Machine_Counter.v' to AST representation.
Generating RTLIL representation for module `\Machine_Counter'.
Successfully finished Verilog frontend.

23. Executing Verilog-2005 frontend: rtl_rv32im_ahb_core/csr/MCause_Reg.v
Parsing SystemVerilog input from `rtl_rv32im_ahb_core/csr/MCause_Reg.v' to AST representation.
Generating RTLIL representation for module `\MCause_Reg'.
Successfully finished Verilog frontend.

24. Executing Verilog-2005 frontend: rtl_rv32im_ahb_core/csr/MEPC_MScratch_Reg.v
Parsing SystemVerilog input from `rtl_rv32im_ahb_core/csr/MEPC_MScratch_Reg.v' to AST representation.
Generating RTLIL representation for module `\MEPC_MScratch_Reg'.
Successfully finished Verilog frontend.

25. Executing Verilog-2005 frontend: rtl_rv32im_ahb_core/csr/MIE_Reg.v
Parsing SystemVerilog input from `rtl_rv32im_ahb_core/csr/MIE_Reg.v' to AST representation.
Generating RTLIL representation for module `\MIE_Reg'.
Successfully finished Verilog frontend.

26. Executing Verilog-2005 frontend: rtl_rv32im_ahb_core/csr/MIP_Reg.v
Parsing SystemVerilog input from `rtl_rv32im_ahb_core/csr/MIP_Reg.v' to AST representation.
Generating RTLIL representation for module `\MIP_Reg'.
Successfully finished Verilog frontend.

27. Executing Verilog-2005 frontend: rtl_rv32im_ahb_core/csr/MISA_PreData_Unit.v
Parsing SystemVerilog input from `rtl_rv32im_ahb_core/csr/MISA_PreData_Unit.v' to AST representation.
Generating RTLIL representation for module `\MISA_PreData_Unit'.
Successfully finished Verilog frontend.

28. Executing Verilog-2005 frontend: rtl_rv32im_ahb_core/csr/MStatus_Reg.v
Parsing SystemVerilog input from `rtl_rv32im_ahb_core/csr/MStatus_Reg.v' to AST representation.
Generating RTLIL representation for module `\MStatus_Reg'.
Successfully finished Verilog frontend.

29. Executing Verilog-2005 frontend: rtl_rv32im_ahb_core/csr/MTVal_Reg.v
Parsing SystemVerilog input from `rtl_rv32im_ahb_core/csr/MTVal_Reg.v' to AST representation.
Generating RTLIL representation for module `\MTVal_Reg'.
Successfully finished Verilog frontend.

30. Executing Verilog-2005 frontend: rtl_rv32im_ahb_core/csr/MTVec_Reg.v
Parsing SystemVerilog input from `rtl_rv32im_ahb_core/csr/MTVec_Reg.v' to AST representation.
Generating RTLIL representation for module `\MTVec_Reg'.
Successfully finished Verilog frontend.

31. Executing Verilog-2005 frontend: rtl_rv32im_ahb_core/memory_if/Load_Unit.v
Parsing SystemVerilog input from `rtl_rv32im_ahb_core/memory_if/Load_Unit.v' to AST representation.
Generating RTLIL representation for module `\Load_Unit'.
Successfully finished Verilog frontend.

32. Executing Verilog-2005 frontend: rtl_rv32im_ahb_core/memory_if/Store_Unit.v
Parsing SystemVerilog input from `rtl_rv32im_ahb_core/memory_if/Store_Unit.v' to AST representation.
Generating RTLIL representation for module `\Store_Unit'.
Successfully finished Verilog frontend.

33. Executing Verilog-2005 frontend: rtl_rv32im_ahb_core/multiply/Div32_NonRestoring.v
Parsing SystemVerilog input from `rtl_rv32im_ahb_core/multiply/Div32_NonRestoring.v' to AST representation.
Generating RTLIL representation for module `\Div32_NonRestoring'.
Successfully finished Verilog frontend.

34. Executing Verilog-2005 frontend: rtl_rv32im_ahb_core/multiply/MDU.v
Parsing SystemVerilog input from `rtl_rv32im_ahb_core/multiply/MDU.v' to AST representation.
Generating RTLIL representation for module `\MDU'.
Successfully finished Verilog frontend.

35. Executing Verilog-2005 frontend: rtl_rv32im_ahb_core/multiply/Mul32_Booth.v
Parsing SystemVerilog input from `rtl_rv32im_ahb_core/multiply/Mul32_Booth.v' to AST representation.
Generating RTLIL representation for module `\Mul32_Booth'.
Successfully finished Verilog frontend.

36. Executing Verilog-2005 frontend: rtl_rv32im_ahb_core/hazards/Hazard_Unit.v
Parsing SystemVerilog input from `rtl_rv32im_ahb_core/hazards/Hazard_Unit.v' to AST representation.
Generating RTLIL representation for module `\Hazard_Unit'.
Successfully finished Verilog frontend.

yosys> hierarchy -check -top Pip_RV32IM_AHB

37. Executing HIERARCHY pass (managing design hierarchy).

37.1. Analyzing design hierarchy..
Top module:  \Pip_RV32IM_AHB
Used module:     \Hazard_Unit
Used module:     \CSR_File
Used module:         \Machine_Counter
Used module:         \Machine_Counter_Setup
Used module:         \MTVal_Reg
Used module:         \MCause_Reg
Used module:         \MEPC_MScratch_Reg
Used module:         \MTVec_Reg
Used module:         \MIP_Reg
Used module:         \MIE_Reg
Used module:         \MStatus_Reg
Used module:         \Data_Wr_Mux_Unit
Used module:         \CSR_Data_Mux_Unit
Used module:         \MISA_PreData_Unit
Used module:     \WB_Unit
Used module:     \WrEn_Generator
Used module:     \Reg_M_W
Used module:     \Load_Unit
Used module:     \Store_Unit
Used module:     \Reg_E_M
Used module:     \Machine_Control
Used module:     \MDU
Used module:         \Div32_NonRestoring
Used module:         \Mul32_Booth
Used module:     \Branch_Predictor
Used module:     \Imm_Adder
Used module:     \ALU
Used module:     \Reg_D_E
Used module:     \Extend_Unit
Used module:     \Register_File
Used module:     \Decoder
Used module:     \Instr_Decoder
Used module:     \Reg_F_D
Used module:     \PC_Unit

37.2. Analyzing design hierarchy..
Top module:  \Pip_RV32IM_AHB
Used module:     \Hazard_Unit
Used module:     \CSR_File
Used module:         \Machine_Counter
Used module:         \Machine_Counter_Setup
Used module:         \MTVal_Reg
Used module:         \MCause_Reg
Used module:         \MEPC_MScratch_Reg
Used module:         \MTVec_Reg
Used module:         \MIP_Reg
Used module:         \MIE_Reg
Used module:         \MStatus_Reg
Used module:         \Data_Wr_Mux_Unit
Used module:         \CSR_Data_Mux_Unit
Used module:         \MISA_PreData_Unit
Used module:     \WB_Unit
Used module:     \WrEn_Generator
Used module:     \Reg_M_W
Used module:     \Load_Unit
Used module:     \Store_Unit
Used module:     \Reg_E_M
Used module:     \Machine_Control
Used module:     \MDU
Used module:         \Div32_NonRestoring
Used module:         \Mul32_Booth
Used module:     \Branch_Predictor
Used module:     \Imm_Adder
Used module:     \ALU
Used module:     \Reg_D_E
Used module:     \Extend_Unit
Used module:     \Register_File
Used module:     \Decoder
Used module:     \Instr_Decoder
Used module:     \Reg_F_D
Used module:     \PC_Unit
Removed 0 unused modules.

yosys> proc

38. Executing PROC pass (convert processes to netlists).

yosys> proc_clean

38.1. Executing PROC_CLEAN pass (remove empty switches from decision trees).
Cleaned up 0 empty switches.

yosys> proc_rmdead

38.2. Executing PROC_RMDEAD pass (remove dead branches from decision trees).
Marked 2 switch rules as full_case in process $proc$rtl_rv32im_ahb_core/multiply/MDU.v:71$473 in module MDU.
Marked 2 switch rules as full_case in process $proc$rtl_rv32im_ahb_core/multiply/MDU.v:60$471 in module MDU.
Marked 5 switch rules as full_case in process $proc$rtl_rv32im_ahb_core/multiply/Div32_NonRestoring.v:90$456 in module Div32_NonRestoring.
Marked 1 switch rules as full_case in process $proc$rtl_rv32im_ahb_core/memory_if/Store_Unit.v:122$435 in module Store_Unit.
Marked 1 switch rules as full_case in process $proc$rtl_rv32im_ahb_core/memory_if/Store_Unit.v:114$434 in module Store_Unit.
Removed 1 dead cases from process $proc$rtl_rv32im_ahb_core/memory_if/Store_Unit.v:102$433 in module Store_Unit.
Marked 1 switch rules as full_case in process $proc$rtl_rv32im_ahb_core/memory_if/Store_Unit.v:102$433 in module Store_Unit.
Removed 1 dead cases from process $proc$rtl_rv32im_ahb_core/memory_if/Store_Unit.v:93$432 in module Store_Unit.
Marked 1 switch rules as full_case in process $proc$rtl_rv32im_ahb_core/memory_if/Store_Unit.v:93$432 in module Store_Unit.
Removed 1 dead cases from process $proc$rtl_rv32im_ahb_core/memory_if/Store_Unit.v:80$431 in module Store_Unit.
Marked 1 switch rules as full_case in process $proc$rtl_rv32im_ahb_core/memory_if/Store_Unit.v:80$431 in module Store_Unit.
Removed 1 dead cases from process $proc$rtl_rv32im_ahb_core/memory_if/Store_Unit.v:71$430 in module Store_Unit.
Marked 1 switch rules as full_case in process $proc$rtl_rv32im_ahb_core/memory_if/Store_Unit.v:71$430 in module Store_Unit.
Marked 2 switch rules as full_case in process $proc$rtl_rv32im_ahb_core/memory_if/Load_Unit.v:85$422 in module Load_Unit.
Removed 1 dead cases from process $proc$rtl_rv32im_ahb_core/memory_if/Load_Unit.v:55$419 in module Load_Unit.
Marked 1 switch rules as full_case in process $proc$rtl_rv32im_ahb_core/memory_if/Load_Unit.v:55$419 in module Load_Unit.
Removed 1 dead cases from process $proc$rtl_rv32im_ahb_core/memory_if/Load_Unit.v:46$418 in module Load_Unit.
Marked 1 switch rules as full_case in process $proc$rtl_rv32im_ahb_core/memory_if/Load_Unit.v:46$418 in module Load_Unit.
Marked 1 switch rules as full_case in process $proc$rtl_rv32im_ahb_core/csr/MTVec_Reg.v:63$415 in module MTVec_Reg.
Marked 3 switch rules as full_case in process $proc$rtl_rv32im_ahb_core/csr/MTVal_Reg.v:32$409 in module MTVal_Reg.
Marked 3 switch rules as full_case in process $proc$rtl_rv32im_ahb_core/csr/MStatus_Reg.v:49$406 in module MStatus_Reg.
Marked 1 switch rules as full_case in process $proc$rtl_rv32im_ahb_core/csr/MIP_Reg.v:46$404 in module MIP_Reg.
Marked 1 switch rules as full_case in process $proc$rtl_rv32im_ahb_core/csr/MIE_Reg.v:48$401 in module MIE_Reg.
Marked 2 switch rules as full_case in process $proc$rtl_rv32im_ahb_core/csr/MEPC_MScratch_Reg.v:59$398 in module MEPC_MScratch_Reg.
Marked 1 switch rules as full_case in process $proc$rtl_rv32im_ahb_core/csr/MEPC_MScratch_Reg.v:47$395 in module MEPC_MScratch_Reg.
Marked 2 switch rules as full_case in process $proc$rtl_rv32im_ahb_core/csr/MCause_Reg.v:49$392 in module MCause_Reg.
Marked 9 switch rules as full_case in process $proc$rtl_rv32im_ahb_core/csr/Machine_Counter.v:49$371 in module Machine_Counter.
Marked 1 switch rules as full_case in process $proc$rtl_rv32im_ahb_core/csr/Machine_Counter_Setup.v:42$368 in module Machine_Counter_Setup.
Removed 1 dead cases from process $proc$rtl_rv32im_ahb_core/csr/Data_Wr_Mux_Unit.v:30$364 in module Data_Wr_Mux_Unit.
Marked 1 switch rules as full_case in process $proc$rtl_rv32im_ahb_core/csr/Data_Wr_Mux_Unit.v:30$364 in module Data_Wr_Mux_Unit.
Marked 1 switch rules as full_case in process $proc$rtl_rv32im_ahb_core/csr/CSR_Data_Mux_Unit.v:71$363 in module CSR_Data_Mux_Unit.
Marked 1 switch rules as full_case in process $proc$rtl_rv32im_ahb_core/datapath_units/WB_Unit.v:46$362 in module WB_Unit.
Marked 2 switch rules as full_case in process $proc$rtl_rv32im_ahb_core/datapath_units/Register_File.v:29$270 in module Register_File.
Marked 2 switch rules as full_case in process $proc$rtl_rv32im_ahb_core/datapath_units/PC_Unit.v:172$232 in module PC_Unit.
Marked 2 switch rules as full_case in process $proc$rtl_rv32im_ahb_core/datapath_units/PC_Unit.v:146$231 in module PC_Unit.
Removed 1 dead cases from process $proc$rtl_rv32im_ahb_core/datapath_units/PC_Unit.v:116$230 in module PC_Unit.
Marked 1 switch rules as full_case in process $proc$rtl_rv32im_ahb_core/datapath_units/PC_Unit.v:116$230 in module PC_Unit.
Marked 1 switch rules as full_case in process $proc$rtl_rv32im_ahb_core/datapath_units/Extend_Unit.v:17$224 in module Extend_Unit.
Marked 1 switch rules as full_case in process $proc$rtl_rv32im_ahb_core/datapath_units/Branch_Predictor.v:21$223 in module Branch_Predictor.
Marked 1 switch rules as full_case in process $proc$rtl_rv32im_ahb_core/datapath_units/ALU.v:25$204 in module ALU.
Marked 10 switch rules as full_case in process $proc$rtl_rv32im_ahb_core/control/Machine_Control.v:298$197 in module Machine_Control.
Marked 1 switch rules as full_case in process $proc$rtl_rv32im_ahb_core/control/Machine_Control.v:277$194 in module Machine_Control.
Marked 1 switch rules as full_case in process $proc$rtl_rv32im_ahb_core/control/Machine_Control.v:266$193 in module Machine_Control.
Marked 1 switch rules as full_case in process $proc$rtl_rv32im_ahb_core/control/Machine_Control.v:207$192 in module Machine_Control.
Marked 3 switch rules as full_case in process $proc$rtl_rv32im_ahb_core/control/Machine_Control.v:183$191 in module Machine_Control.
Marked 1 switch rules as full_case in process $proc$rtl_rv32im_ahb_core/control/Decoder.v:284$100 in module Decoder.
Removed 1 dead cases from process $proc$rtl_rv32im_ahb_core/control/Decoder.v:64$84 in module Decoder.
Marked 7 switch rules as full_case in process $proc$rtl_rv32im_ahb_core/control/Decoder.v:64$84 in module Decoder.
Marked 1 switch rules as full_case in process $proc$rtl_rv32im_ahb_core/pipeline_registers/Reg_M_W.v:56$82 in module Reg_M_W.
Marked 1 switch rules as full_case in process $proc$rtl_rv32im_ahb_core/pipeline_registers/Reg_E_M.v:72$80 in module Reg_E_M.
Marked 1 switch rules as full_case in process $proc$rtl_rv32im_ahb_core/pipeline_registers/Reg_D_E.v:79$77 in module Reg_D_E.
Marked 2 switch rules as full_case in process $proc$rtl_rv32im_ahb_core/pipeline_registers/Reg_F_D.v:21$75 in module Reg_F_D.
Marked 2 switch rules as full_case in process $proc$rtl_rv32im_ahb_core/top/Pip_RV32IM_AHB.v:185$26 in module Pip_RV32IM_AHB.
Marked 1 switch rules as full_case in process $proc$rtl_rv32im_ahb_core/top/Pip_RV32IM_AHB.v:156$20 in module Pip_RV32IM_AHB.
Removed a total of 9 dead cases.

yosys> proc_prune

38.3. Executing PROC_PRUNE pass (remove redundant assignments in processes).
Removed 12 redundant assignments.
Promoted 80 assignments to connections.

yosys> proc_init

38.4. Executing PROC_INIT pass (extract init attributes).

yosys> proc_arst

38.5. Executing PROC_ARST pass (detect async resets in processes).

yosys> proc_rom

38.6. Executing PROC_ROM pass (convert switches to ROMs).
Converted 1 switch.
<suppressed ~108 debug messages>

yosys> proc_mux

38.7. Executing PROC_MUX pass (convert decision trees to multiplexers).
Creating decoders for process `\MDU.$proc$rtl_rv32im_ahb_core/multiply/MDU.v:71$473'.
     1/2: $0\Mul_Ready_r[0:0]
     2/2: $0\Mul_Result_r[31:0]
Creating decoders for process `\MDU.$proc$rtl_rv32im_ahb_core/multiply/MDU.v:60$471'.
     1/1: $0\Div_Ready_Delayed_r[0:0]
Creating decoders for process `\Div32_NonRestoring.$proc$rtl_rv32im_ahb_core/multiply/Div32_NonRestoring.v:90$456'.
     1/13: $0\R_final_r[31:0]
     2/13: $0\Q_final_r[31:0]
     3/13: $0\Is_Div_r[0:0]
     4/13: $0\R_neg_r[0:0]
     5/13: $0\Q_neg_r[0:0]
     6/13: $0\Finalize_r[0:0]
     7/13: $0\Running_r[0:0]
     8/13: $0\Count_r[5:0]
     9/13: $0\Remainder_r[32:0]
    10/13: $0\Quotient_r[31:0]
    11/13: $0\Divisor_r[31:0]
    12/13: $0\Ready_Out[0:0]
    13/13: $0\Result_Out[31:0]
Creating decoders for process `\Store_Unit.$proc$rtl_rv32im_ahb_core/memory_if/Store_Unit.v:122$435'.
     1/1: $1\DM_WrMask_Out[3:0]
Creating decoders for process `\Store_Unit.$proc$rtl_rv32im_ahb_core/memory_if/Store_Unit.v:114$434'.
     1/1: $1\DM_WrData_Out[31:0]
Creating decoders for process `\Store_Unit.$proc$rtl_rv32im_ahb_core/memory_if/Store_Unit.v:102$433'.
     1/1: $1\Half_Mask[3:0]
Creating decoders for process `\Store_Unit.$proc$rtl_rv32im_ahb_core/memory_if/Store_Unit.v:93$432'.
     1/1: $1\Byte_Mask[3:0]
Creating decoders for process `\Store_Unit.$proc$rtl_rv32im_ahb_core/memory_if/Store_Unit.v:80$431'.
     1/1: $1\Half_Data[31:0]
Creating decoders for process `\Store_Unit.$proc$rtl_rv32im_ahb_core/memory_if/Store_Unit.v:71$430'.
     1/1: $1\Byte_Data[31:0]
Creating decoders for process `\Load_Unit.$proc$rtl_rv32im_ahb_core/memory_if/Load_Unit.v:85$422'.
     1/2: $2\Loaded_Data_Out[31:0]
     2/2: $1\Loaded_Data_Out[31:0]
Creating decoders for process `\Load_Unit.$proc$rtl_rv32im_ahb_core/memory_if/Load_Unit.v:55$419'.
     1/1: $1\Data_Half[15:0]
Creating decoders for process `\Load_Unit.$proc$rtl_rv32im_ahb_core/memory_if/Load_Unit.v:46$418'.
     1/1: $1\Data_Byte[7:0]
Creating decoders for process `\MTVec_Reg.$proc$rtl_rv32im_ahb_core/csr/MTVec_Reg.v:63$415'.
     1/2: $0\MODE[1:0]
     2/2: $0\BASE[29:0]
Creating decoders for process `\MTVal_Reg.$proc$rtl_rv32im_ahb_core/csr/MTVal_Reg.v:32$409'.
     1/1: $0\MTVal_Out[31:0]
Creating decoders for process `\MStatus_Reg.$proc$rtl_rv32im_ahb_core/csr/MStatus_Reg.v:49$406'.
     1/2: $0\MPIE[0:0]
     2/2: $0\MIE_Out[0:0]
Creating decoders for process `\MIP_Reg.$proc$rtl_rv32im_ahb_core/csr/MIP_Reg.v:46$404'.
     1/3: $0\MSIP[0:0]
     2/3: $0\MTIP[0:0]
     3/3: $0\MEIP[0:0]
Creating decoders for process `\MIE_Reg.$proc$rtl_rv32im_ahb_core/csr/MIE_Reg.v:48$401'.
     1/3: $0\MSIE[0:0]
     2/3: $0\MTIE[0:0]
     3/3: $0\MEIE[0:0]
Creating decoders for process `\MEPC_MScratch_Reg.$proc$rtl_rv32im_ahb_core/csr/MEPC_MScratch_Reg.v:59$398'.
     1/1: $0\MEPC_Out[31:0]
Creating decoders for process `\MEPC_MScratch_Reg.$proc$rtl_rv32im_ahb_core/csr/MEPC_MScratch_Reg.v:47$395'.
     1/1: $0\MScratch_Out[31:0]
Creating decoders for process `\MCause_Reg.$proc$rtl_rv32im_ahb_core/csr/MCause_Reg.v:49$392'.
     1/3: $0\Cause_Rem[26:0]
     2/3: $0\Int_Or_Exc_Out[0:0]
     3/3: $0\Cause_Out[3:0]
Creating decoders for process `\Machine_Counter.$proc$rtl_rv32im_ahb_core/csr/Machine_Counter.v:49$371'.
     1/3: $0\MTime_Out[63:0]
     2/3: $0\MInstret_Out[63:0]
     3/3: $0\MCycle_Out[63:0]
Creating decoders for process `\Machine_Counter_Setup.$proc$rtl_rv32im_ahb_core/csr/Machine_Counter_Setup.v:42$368'.
     1/2: $0\MCountInhibit_IR_Out[0:0]
     2/2: $0\MCountInhibit_CY_Out[0:0]
Creating decoders for process `\Data_Wr_Mux_Unit.$proc$rtl_rv32im_ahb_core/csr/Data_Wr_Mux_Unit.v:30$364'.
     1/1: $1\Data_Wr_Out[31:0]
Creating decoders for process `\CSR_Data_Mux_Unit.$proc$rtl_rv32im_ahb_core/csr/CSR_Data_Mux_Unit.v:71$363'.
     1/1: $1\CSR_Data_Out[31:0]
Creating decoders for process `\WB_Unit.$proc$rtl_rv32im_ahb_core/datapath_units/WB_Unit.v:46$362'.
     1/1: $1\Result_Out[31:0]
Creating decoders for process `\Register_File.$proc$rtl_rv32im_ahb_core/datapath_units/Register_File.v:42$349'.
Creating decoders for process `\Register_File.$proc$rtl_rv32im_ahb_core/datapath_units/Register_File.v:29$270'.
     1/41: $2$memwr$\register$rtl_rv32im_ahb_core/datapath_units/Register_File.v:37$269_EN[31:0]$348
     2/41: $2$memwr$\register$rtl_rv32im_ahb_core/datapath_units/Register_File.v:37$269_DATA[31:0]$347
     3/41: $2$memwr$\register$rtl_rv32im_ahb_core/datapath_units/Register_File.v:37$269_ADDR[4:0]$346
     4/41: $2$memwr$\register$rtl_rv32im_ahb_core/datapath_units/Register_File.v:36$268_EN[31:0]$345
     5/41: $1\i[31:0]
     6/41: $1$memwr$\register$rtl_rv32im_ahb_core/datapath_units/Register_File.v:32$267_EN[31:0]$338
     7/41: $1$memwr$\register$rtl_rv32im_ahb_core/datapath_units/Register_File.v:32$266_EN[31:0]$337
     8/41: $1$memwr$\register$rtl_rv32im_ahb_core/datapath_units/Register_File.v:32$265_EN[31:0]$336
     9/41: $1$memwr$\register$rtl_rv32im_ahb_core/datapath_units/Register_File.v:32$264_EN[31:0]$335
    10/41: $1$memwr$\register$rtl_rv32im_ahb_core/datapath_units/Register_File.v:32$263_EN[31:0]$334
    11/41: $1$memwr$\register$rtl_rv32im_ahb_core/datapath_units/Register_File.v:32$262_EN[31:0]$333
    12/41: $1$memwr$\register$rtl_rv32im_ahb_core/datapath_units/Register_File.v:32$261_EN[31:0]$332
    13/41: $1$memwr$\register$rtl_rv32im_ahb_core/datapath_units/Register_File.v:32$260_EN[31:0]$331
    14/41: $1$memwr$\register$rtl_rv32im_ahb_core/datapath_units/Register_File.v:32$259_EN[31:0]$330
    15/41: $1$memwr$\register$rtl_rv32im_ahb_core/datapath_units/Register_File.v:32$258_EN[31:0]$329
    16/41: $1$memwr$\register$rtl_rv32im_ahb_core/datapath_units/Register_File.v:32$257_EN[31:0]$328
    17/41: $1$memwr$\register$rtl_rv32im_ahb_core/datapath_units/Register_File.v:32$256_EN[31:0]$327
    18/41: $1$memwr$\register$rtl_rv32im_ahb_core/datapath_units/Register_File.v:32$255_EN[31:0]$326
    19/41: $1$memwr$\register$rtl_rv32im_ahb_core/datapath_units/Register_File.v:32$254_EN[31:0]$325
    20/41: $1$memwr$\register$rtl_rv32im_ahb_core/datapath_units/Register_File.v:32$253_EN[31:0]$324
    21/41: $1$memwr$\register$rtl_rv32im_ahb_core/datapath_units/Register_File.v:32$252_EN[31:0]$323
    22/41: $1$memwr$\register$rtl_rv32im_ahb_core/datapath_units/Register_File.v:32$251_EN[31:0]$322
    23/41: $1$memwr$\register$rtl_rv32im_ahb_core/datapath_units/Register_File.v:32$250_EN[31:0]$321
    24/41: $1$memwr$\register$rtl_rv32im_ahb_core/datapath_units/Register_File.v:32$249_EN[31:0]$320
    25/41: $1$memwr$\register$rtl_rv32im_ahb_core/datapath_units/Register_File.v:32$248_EN[31:0]$319
    26/41: $1$memwr$\register$rtl_rv32im_ahb_core/datapath_units/Register_File.v:32$247_EN[31:0]$318
    27/41: $1$memwr$\register$rtl_rv32im_ahb_core/datapath_units/Register_File.v:32$246_EN[31:0]$317
    28/41: $1$memwr$\register$rtl_rv32im_ahb_core/datapath_units/Register_File.v:32$245_EN[31:0]$316
    29/41: $1$memwr$\register$rtl_rv32im_ahb_core/datapath_units/Register_File.v:32$244_EN[31:0]$315
    30/41: $1$memwr$\register$rtl_rv32im_ahb_core/datapath_units/Register_File.v:32$243_EN[31:0]$314
    31/41: $1$memwr$\register$rtl_rv32im_ahb_core/datapath_units/Register_File.v:32$242_EN[31:0]$313
    32/41: $1$memwr$\register$rtl_rv32im_ahb_core/datapath_units/Register_File.v:32$241_EN[31:0]$312
    33/41: $1$memwr$\register$rtl_rv32im_ahb_core/datapath_units/Register_File.v:32$240_EN[31:0]$311
    34/41: $1$memwr$\register$rtl_rv32im_ahb_core/datapath_units/Register_File.v:32$239_EN[31:0]$310
    35/41: $1$memwr$\register$rtl_rv32im_ahb_core/datapath_units/Register_File.v:32$238_EN[31:0]$309
    36/41: $1$memwr$\register$rtl_rv32im_ahb_core/datapath_units/Register_File.v:32$237_EN[31:0]$308
    37/41: $1$memwr$\register$rtl_rv32im_ahb_core/datapath_units/Register_File.v:32$236_EN[31:0]$307
    38/41: $1$memwr$\register$rtl_rv32im_ahb_core/datapath_units/Register_File.v:37$269_EN[31:0]$342
    39/41: $1$memwr$\register$rtl_rv32im_ahb_core/datapath_units/Register_File.v:37$269_DATA[31:0]$341
    40/41: $1$memwr$\register$rtl_rv32im_ahb_core/datapath_units/Register_File.v:37$269_ADDR[4:0]$340
    41/41: $1$memwr$\register$rtl_rv32im_ahb_core/datapath_units/Register_File.v:36$268_EN[31:0]$339
Creating decoders for process `\PC_Unit.$proc$rtl_rv32im_ahb_core/datapath_units/PC_Unit.v:172$232'.
     1/1: $0\PC_Out[31:0]
Creating decoders for process `\PC_Unit.$proc$rtl_rv32im_ahb_core/datapath_units/PC_Unit.v:146$231'.
     1/1: $0\IAddr_Reg[31:0]
Creating decoders for process `\PC_Unit.$proc$rtl_rv32im_ahb_core/datapath_units/PC_Unit.v:116$230'.
     1/1: $1\PC_Mux_Out[31:0]
Creating decoders for process `\Extend_Unit.$proc$rtl_rv32im_ahb_core/datapath_units/Extend_Unit.v:17$224'.
     1/1: $1\Imm_Out[31:0]
Creating decoders for process `\Branch_Predictor.$proc$rtl_rv32im_ahb_core/datapath_units/Branch_Predictor.v:21$223'.
     1/1: $1\Branch_Taken_Out[0:0]
Creating decoders for process `\ALU.$proc$rtl_rv32im_ahb_core/datapath_units/ALU.v:25$204'.
     1/1: $1\ALU_Result_Out[31:0]
Creating decoders for process `\Machine_Control.$proc$rtl_rv32im_ahb_core/control/Machine_Control.v:298$197'.
     1/2: $0\Cause_Out[3:0]
     2/2: $0\I_Or_E_Out[0:0]
Creating decoders for process `\Machine_Control.$proc$rtl_rv32im_ahb_core/control/Machine_Control.v:277$194'.
     1/1: $0\Misaligned_Exc_Out[0:0]
Creating decoders for process `\Machine_Control.$proc$rtl_rv32im_ahb_core/control/Machine_Control.v:266$193'.
     1/1: $0\Curr_State[3:0]
Creating decoders for process `\Machine_Control.$proc$rtl_rv32im_ahb_core/control/Machine_Control.v:207$192'.
     1/7: $1\MIE_Set_Out[0:0]
     2/7: $1\MIE_Clear_Out[0:0]
     3/7: $1\Set_Cause_Out[0:0]
     4/7: $1\Set_EPC_Out[0:0]
     5/7: $1\Instret_Inc_Out[0:0]
     6/7: $1\Flush_Out[0:0]
     7/7: $1\PC_Src_Out[1:0]
Creating decoders for process `\Machine_Control.$proc$rtl_rv32im_ahb_core/control/Machine_Control.v:183$191'.
     1/3: $3\Next_State[3:0]
     2/3: $2\Next_State[3:0]
     3/3: $1\Next_State[3:0]
Creating decoders for process `\Decoder.$proc$rtl_rv32im_ahb_core/control/Decoder.v:284$100'.
     1/1: $1\Illegal_Instr_Reg[0:0]
Creating decoders for process `\Decoder.$proc$rtl_rv32im_ahb_core/control/Decoder.v:64$84'.
     1/41: $3\CSR_WrEn_Out[0:0]
     2/41: $3\Reg_WrEn_Out[0:0]
     3/41: $3\CSR_Op_Out[2:0]
     4/41: $4\Result_Src_Out[2:0]
     5/41: $3\Imm_Type_Out[2:0]
     6/41: $3\Branch_Cond_Out[7:0]
     7/41: $5\ALU_Control_Out[3:0]
     8/41: $4\ALU_Control_Out[3:0]
     9/41: $3\Result_Src_Out[2:0]
    10/41: $3\MDU_Op_Out[2:0]
    11/41: $3\Is_Mext_Out[0:0]
    12/41: $3\ALU_Control_Out[3:0]
    13/41: $3\ALU_Src_Out[0:0]
    14/41: $2\MDU_Op_Out[2:0]
    15/41: $2\Is_Mext_Out[0:0]
    16/41: $2\Result_Src_Out[2:0]
    17/41: $2\ALU_Control_Out[3:0]
    18/41: $2\ALU_Src_Out[0:0]
    19/41: $2\Reg_WrEn_Out[0:0]
    20/41: $2\CSR_Op_Out[2:0]
    21/41: $2\CSR_WrEn_Out[0:0]
    22/41: $2\Load_Size_Out[1:0]
    23/41: $2\Load_Unsigned_Out[0:0]
    24/41: $2\Branch_Cond_Out[7:0]
    25/41: $2\Iadder_Src_Out[0:0]
    26/41: $2\Imm_Type_Out[2:0]
    27/41: $2\DM_WrEn_Out[0:0]
    28/41: $1\MDU_Op_Out[2:0]
    29/41: $1\Is_Mext_Out[0:0]
    30/41: $1\CSR_Op_Out[2:0]
    31/41: $1\CSR_WrEn_Out[0:0]
    32/41: $1\Result_Src_Out[2:0]
    33/41: $1\Load_Size_Out[1:0]
    34/41: $1\Load_Unsigned_Out[0:0]
    35/41: $1\Branch_Cond_Out[7:0]
    36/41: $1\ALU_Control_Out[3:0]
    37/41: $1\ALU_Src_Out[0:0]
    38/41: $1\Iadder_Src_Out[0:0]
    39/41: $1\Imm_Type_Out[2:0]
    40/41: $1\Reg_WrEn_Out[0:0]
    41/41: $1\DM_WrEn_Out[0:0]
Creating decoders for process `\Reg_M_W.$proc$rtl_rv32im_ahb_core/pipeline_registers/Reg_M_W.v:56$82'.
     1/15: $0\Loaded_Data_Out[31:0]
     2/15: $0\CSR_WrData_Out[31:0]
     3/15: $0\CSR_UImm_Out[4:0]
     4/15: $0\MDU_Result_Out[31:0]
     5/15: $0\Added_Data_Out[31:0]
     6/15: $0\ALU_Result_Out[31:0]
     7/15: $0\Imm_Ext_Out[31:0]
     8/15: $0\CSR_Op_Out[2:0]
     9/15: $0\CSR_WrEn_Out[0:0]
    10/15: $0\Result_Src_Out[2:0]
    11/15: $0\Reg_WrEn_Out[0:0]
    12/15: $0\CSR_Addr_Out[11:0]
    13/15: $0\Des_Addr_Out[4:0]
    14/15: $0\PC_Plus4_Out[31:0]
    15/15: $0\CSR_Data_Out[31:0]
Creating decoders for process `\Reg_E_M.$proc$rtl_rv32im_ahb_core/pipeline_registers/Reg_E_M.v:72$80'.
     1/20: $0\CSR_WrData_Out[31:0]
     2/20: $0\CSR_UImm_Out[4:0]
     3/20: $0\MDU_Result_Out[31:0]
     4/20: $0\Read_Data2_Out[31:0]
     5/20: $0\Added_Data_Out[31:0]
     6/20: $0\ALU_Result_Out[31:0]
     7/20: $0\Imm_Ext_Out[31:0]
     8/20: $0\CSR_Op_Out[2:0]
     9/20: $0\CSR_WrEn_Out[0:0]
    10/20: $0\Result_Src_Out[2:0]
    11/20: $0\Load_Size_Out[1:0]
    12/20: $0\Load_Unsigned_Out[0:0]
    13/20: $0\Reg_WrEn_Out[0:0]
    14/20: $0\CSR_Addr_Out[11:0]
    15/20: $0\Des_Addr_Out[4:0]
    16/20: $0\Func3_Out[1:0]
    17/20: $0\PC_Plus4_Out[31:0]
    18/20: $0\PC_Out[31:0]
    19/20: $0\CSR_Data_Out[31:0]
    20/20: $0\DM_WrEn_Out[0:0]
Creating decoders for process `\Reg_D_E.$proc$rtl_rv32im_ahb_core/pipeline_registers/Reg_D_E.v:79$77'.
     1/20: $0\Imm_Ext_Out[31:0]
     2/20: $0\MDU_Op_Out[2:0]
     3/20: $0\Is_Mext_Out[0:0]
     4/20: $0\CSR_Op_Out[2:0]
     5/20: $0\CSR_WrEn_Out[0:0]
     6/20: $0\Result_Src_Out[2:0]
     7/20: $0\Load_Size_Out[1:0]
     8/20: $0\Load_Unsigned_Out[0:0]
     9/20: $0\Branch_Cond_Out[7:0]
    10/20: $0\ALU_Control_Out[3:0]
    11/20: $0\ALU_Src_Out[0:0]
    12/20: $0\Iadder_Src_Out[0:0]
    13/20: $0\Reg_WrEn_Out[0:0]
    14/20: $0\Des_Addr_Out[4:0]
    15/20: $0\Src_Addr2_Out[4:0]
    16/20: $0\Src_Addr1_Out[4:0]
    17/20: $0\Func3_Out[1:0]
    18/20: $0\PC_Plus4_Out[31:0]
    19/20: $0\PC_Out[31:0]
    20/20: $0\DM_WrEn_Out[0:0]
Creating decoders for process `\Reg_F_D.$proc$rtl_rv32im_ahb_core/pipeline_registers/Reg_F_D.v:21$75'.
     1/3: $0\PC_Plus4_Out[31:0]
     2/3: $0\PC_Out[31:0]
     3/3: $0\Instr_Out[31:0]
Creating decoders for process `\Pip_RV32IM_AHB.$proc$rtl_rv32im_ahb_core/top/Pip_RV32IM_AHB.v:194$29'.
     1/2: $0\MDU_SrcB_r[31:0]
     2/2: $0\MDU_SrcA_r[31:0]
Creating decoders for process `\Pip_RV32IM_AHB.$proc$rtl_rv32im_ahb_core/top/Pip_RV32IM_AHB.v:185$26'.
     1/1: $0\MDU_Started_r[0:0]
Creating decoders for process `\Pip_RV32IM_AHB.$proc$rtl_rv32im_ahb_core/top/Pip_RV32IM_AHB.v:156$20'.
     1/1: $0\Load_In_M_d[0:0]

yosys> proc_dlatch

38.8. Executing PROC_DLATCH pass (convert process syncs to latches).
No latch inferred for signal `\Store_Unit.\DM_WrMask_Out' from process `\Store_Unit.$proc$rtl_rv32im_ahb_core/memory_if/Store_Unit.v:122$435'.
No latch inferred for signal `\Store_Unit.\DM_WrData_Out' from process `\Store_Unit.$proc$rtl_rv32im_ahb_core/memory_if/Store_Unit.v:114$434'.
No latch inferred for signal `\Store_Unit.\Half_Mask' from process `\Store_Unit.$proc$rtl_rv32im_ahb_core/memory_if/Store_Unit.v:102$433'.
No latch inferred for signal `\Store_Unit.\Byte_Mask' from process `\Store_Unit.$proc$rtl_rv32im_ahb_core/memory_if/Store_Unit.v:93$432'.
No latch inferred for signal `\Store_Unit.\Half_Data' from process `\Store_Unit.$proc$rtl_rv32im_ahb_core/memory_if/Store_Unit.v:80$431'.
No latch inferred for signal `\Store_Unit.\Byte_Data' from process `\Store_Unit.$proc$rtl_rv32im_ahb_core/memory_if/Store_Unit.v:71$430'.
No latch inferred for signal `\Load_Unit.\Loaded_Data_Out' from process `\Load_Unit.$proc$rtl_rv32im_ahb_core/memory_if/Load_Unit.v:85$422'.
No latch inferred for signal `\Load_Unit.\Data_Half' from process `\Load_Unit.$proc$rtl_rv32im_ahb_core/memory_if/Load_Unit.v:55$419'.
No latch inferred for signal `\Load_Unit.\Data_Byte' from process `\Load_Unit.$proc$rtl_rv32im_ahb_core/memory_if/Load_Unit.v:46$418'.
No latch inferred for signal `\Data_Wr_Mux_Unit.\Data_Wr_Out' from process `\Data_Wr_Mux_Unit.$proc$rtl_rv32im_ahb_core/csr/Data_Wr_Mux_Unit.v:30$364'.
No latch inferred for signal `\CSR_Data_Mux_Unit.\CSR_Data_Out' from process `\CSR_Data_Mux_Unit.$proc$rtl_rv32im_ahb_core/csr/CSR_Data_Mux_Unit.v:71$363'.
No latch inferred for signal `\WB_Unit.\Result_Out' from process `\WB_Unit.$proc$rtl_rv32im_ahb_core/datapath_units/WB_Unit.v:46$362'.
No latch inferred for signal `\PC_Unit.\PC_Mux_Out' from process `\PC_Unit.$proc$rtl_rv32im_ahb_core/datapath_units/PC_Unit.v:116$230'.
No latch inferred for signal `\Extend_Unit.\Imm_Out' from process `\Extend_Unit.$proc$rtl_rv32im_ahb_core/datapath_units/Extend_Unit.v:17$224'.
No latch inferred for signal `\Branch_Predictor.\Branch_Taken_Out' from process `\Branch_Predictor.$proc$rtl_rv32im_ahb_core/datapath_units/Branch_Predictor.v:21$223'.
No latch inferred for signal `\ALU.\ALU_Result_Out' from process `\ALU.$proc$rtl_rv32im_ahb_core/datapath_units/ALU.v:25$204'.
No latch inferred for signal `\Machine_Control.\Set_EPC_Out' from process `\Machine_Control.$proc$rtl_rv32im_ahb_core/control/Machine_Control.v:207$192'.
No latch inferred for signal `\Machine_Control.\Set_Cause_Out' from process `\Machine_Control.$proc$rtl_rv32im_ahb_core/control/Machine_Control.v:207$192'.
No latch inferred for signal `\Machine_Control.\Instret_Inc_Out' from process `\Machine_Control.$proc$rtl_rv32im_ahb_core/control/Machine_Control.v:207$192'.
No latch inferred for signal `\Machine_Control.\MIE_Clear_Out' from process `\Machine_Control.$proc$rtl_rv32im_ahb_core/control/Machine_Control.v:207$192'.
No latch inferred for signal `\Machine_Control.\MIE_Set_Out' from process `\Machine_Control.$proc$rtl_rv32im_ahb_core/control/Machine_Control.v:207$192'.
No latch inferred for signal `\Machine_Control.\PC_Src_Out' from process `\Machine_Control.$proc$rtl_rv32im_ahb_core/control/Machine_Control.v:207$192'.
No latch inferred for signal `\Machine_Control.\Flush_Out' from process `\Machine_Control.$proc$rtl_rv32im_ahb_core/control/Machine_Control.v:207$192'.
No latch inferred for signal `\Machine_Control.\Next_State' from process `\Machine_Control.$proc$rtl_rv32im_ahb_core/control/Machine_Control.v:183$191'.
No latch inferred for signal `\Decoder.\Illegal_Instr_Reg' from process `\Decoder.$proc$rtl_rv32im_ahb_core/control/Decoder.v:284$100'.
No latch inferred for signal `\Decoder.\DM_WrEn_Out' from process `\Decoder.$proc$rtl_rv32im_ahb_core/control/Decoder.v:64$84'.
No latch inferred for signal `\Decoder.\Reg_WrEn_Out' from process `\Decoder.$proc$rtl_rv32im_ahb_core/control/Decoder.v:64$84'.
No latch inferred for signal `\Decoder.\Imm_Type_Out' from process `\Decoder.$proc$rtl_rv32im_ahb_core/control/Decoder.v:64$84'.
No latch inferred for signal `\Decoder.\Iadder_Src_Out' from process `\Decoder.$proc$rtl_rv32im_ahb_core/control/Decoder.v:64$84'.
No latch inferred for signal `\Decoder.\ALU_Src_Out' from process `\Decoder.$proc$rtl_rv32im_ahb_core/control/Decoder.v:64$84'.
No latch inferred for signal `\Decoder.\ALU_Control_Out' from process `\Decoder.$proc$rtl_rv32im_ahb_core/control/Decoder.v:64$84'.
No latch inferred for signal `\Decoder.\Branch_Cond_Out' from process `\Decoder.$proc$rtl_rv32im_ahb_core/control/Decoder.v:64$84'.
No latch inferred for signal `\Decoder.\Load_Unsigned_Out' from process `\Decoder.$proc$rtl_rv32im_ahb_core/control/Decoder.v:64$84'.
No latch inferred for signal `\Decoder.\Load_Size_Out' from process `\Decoder.$proc$rtl_rv32im_ahb_core/control/Decoder.v:64$84'.
No latch inferred for signal `\Decoder.\Result_Src_Out' from process `\Decoder.$proc$rtl_rv32im_ahb_core/control/Decoder.v:64$84'.
No latch inferred for signal `\Decoder.\CSR_WrEn_Out' from process `\Decoder.$proc$rtl_rv32im_ahb_core/control/Decoder.v:64$84'.
No latch inferred for signal `\Decoder.\CSR_Op_Out' from process `\Decoder.$proc$rtl_rv32im_ahb_core/control/Decoder.v:64$84'.
No latch inferred for signal `\Decoder.\Is_Mext_Out' from process `\Decoder.$proc$rtl_rv32im_ahb_core/control/Decoder.v:64$84'.
No latch inferred for signal `\Decoder.\MDU_Op_Out' from process `\Decoder.$proc$rtl_rv32im_ahb_core/control/Decoder.v:64$84'.

yosys> proc_dff

38.9. Executing PROC_DFF pass (convert process syncs to FFs).
Creating register for signal `\MDU.\Mul_Result_r' using process `\MDU.$proc$rtl_rv32im_ahb_core/multiply/MDU.v:71$473'.
  created $dff cell `$procdff$2028' with positive edge clock.
Creating register for signal `\MDU.\Mul_Ready_r' using process `\MDU.$proc$rtl_rv32im_ahb_core/multiply/MDU.v:71$473'.
  created $dff cell `$procdff$2029' with positive edge clock.
Creating register for signal `\MDU.\Div_Ready_Delayed_r' using process `\MDU.$proc$rtl_rv32im_ahb_core/multiply/MDU.v:60$471'.
  created $dff cell `$procdff$2030' with positive edge clock.
Creating register for signal `\Div32_NonRestoring.\Result_Out' using process `\Div32_NonRestoring.$proc$rtl_rv32im_ahb_core/multiply/Div32_NonRestoring.v:90$456'.
  created $dff cell `$procdff$2031' with positive edge clock.
Creating register for signal `\Div32_NonRestoring.\Ready_Out' using process `\Div32_NonRestoring.$proc$rtl_rv32im_ahb_core/multiply/Div32_NonRestoring.v:90$456'.
  created $dff cell `$procdff$2032' with positive edge clock.
Creating register for signal `\Div32_NonRestoring.\Divisor_r' using process `\Div32_NonRestoring.$proc$rtl_rv32im_ahb_core/multiply/Div32_NonRestoring.v:90$456'.
  created $dff cell `$procdff$2033' with positive edge clock.
Creating register for signal `\Div32_NonRestoring.\Quotient_r' using process `\Div32_NonRestoring.$proc$rtl_rv32im_ahb_core/multiply/Div32_NonRestoring.v:90$456'.
  created $dff cell `$procdff$2034' with positive edge clock.
Creating register for signal `\Div32_NonRestoring.\Remainder_r' using process `\Div32_NonRestoring.$proc$rtl_rv32im_ahb_core/multiply/Div32_NonRestoring.v:90$456'.
  created $dff cell `$procdff$2035' with positive edge clock.
Creating register for signal `\Div32_NonRestoring.\Count_r' using process `\Div32_NonRestoring.$proc$rtl_rv32im_ahb_core/multiply/Div32_NonRestoring.v:90$456'.
  created $dff cell `$procdff$2036' with positive edge clock.
Creating register for signal `\Div32_NonRestoring.\Running_r' using process `\Div32_NonRestoring.$proc$rtl_rv32im_ahb_core/multiply/Div32_NonRestoring.v:90$456'.
  created $dff cell `$procdff$2037' with positive edge clock.
Creating register for signal `\Div32_NonRestoring.\Finalize_r' using process `\Div32_NonRestoring.$proc$rtl_rv32im_ahb_core/multiply/Div32_NonRestoring.v:90$456'.
  created $dff cell `$procdff$2038' with positive edge clock.
Creating register for signal `\Div32_NonRestoring.\Q_neg_r' using process `\Div32_NonRestoring.$proc$rtl_rv32im_ahb_core/multiply/Div32_NonRestoring.v:90$456'.
  created $dff cell `$procdff$2039' with positive edge clock.
Creating register for signal `\Div32_NonRestoring.\R_neg_r' using process `\Div32_NonRestoring.$proc$rtl_rv32im_ahb_core/multiply/Div32_NonRestoring.v:90$456'.
  created $dff cell `$procdff$2040' with positive edge clock.
Creating register for signal `\Div32_NonRestoring.\Is_Div_r' using process `\Div32_NonRestoring.$proc$rtl_rv32im_ahb_core/multiply/Div32_NonRestoring.v:90$456'.
  created $dff cell `$procdff$2041' with positive edge clock.
Creating register for signal `\Div32_NonRestoring.\Q_final_r' using process `\Div32_NonRestoring.$proc$rtl_rv32im_ahb_core/multiply/Div32_NonRestoring.v:90$456'.
  created $dff cell `$procdff$2042' with positive edge clock.
Creating register for signal `\Div32_NonRestoring.\R_final_r' using process `\Div32_NonRestoring.$proc$rtl_rv32im_ahb_core/multiply/Div32_NonRestoring.v:90$456'.
  created $dff cell `$procdff$2043' with positive edge clock.
Creating register for signal `\MTVec_Reg.\BASE' using process `\MTVec_Reg.$proc$rtl_rv32im_ahb_core/csr/MTVec_Reg.v:63$415'.
  created $dff cell `$procdff$2044' with positive edge clock.
Creating register for signal `\MTVec_Reg.\MODE' using process `\MTVec_Reg.$proc$rtl_rv32im_ahb_core/csr/MTVec_Reg.v:63$415'.
  created $dff cell `$procdff$2045' with positive edge clock.
Creating register for signal `\MTVal_Reg.\MTVal_Out' using process `\MTVal_Reg.$proc$rtl_rv32im_ahb_core/csr/MTVal_Reg.v:32$409'.
  created $dff cell `$procdff$2046' with positive edge clock.
Creating register for signal `\MStatus_Reg.\MIE_Out' using process `\MStatus_Reg.$proc$rtl_rv32im_ahb_core/csr/MStatus_Reg.v:49$406'.
  created $dff cell `$procdff$2047' with positive edge clock.
Creating register for signal `\MStatus_Reg.\MPIE' using process `\MStatus_Reg.$proc$rtl_rv32im_ahb_core/csr/MStatus_Reg.v:49$406'.
  created $dff cell `$procdff$2048' with positive edge clock.
Creating register for signal `\MIP_Reg.\MEIP' using process `\MIP_Reg.$proc$rtl_rv32im_ahb_core/csr/MIP_Reg.v:46$404'.
  created $dff cell `$procdff$2049' with positive edge clock.
Creating register for signal `\MIP_Reg.\MTIP' using process `\MIP_Reg.$proc$rtl_rv32im_ahb_core/csr/MIP_Reg.v:46$404'.
  created $dff cell `$procdff$2050' with positive edge clock.
Creating register for signal `\MIP_Reg.\MSIP' using process `\MIP_Reg.$proc$rtl_rv32im_ahb_core/csr/MIP_Reg.v:46$404'.
  created $dff cell `$procdff$2051' with positive edge clock.
Creating register for signal `\MIE_Reg.\MEIE' using process `\MIE_Reg.$proc$rtl_rv32im_ahb_core/csr/MIE_Reg.v:48$401'.
  created $dff cell `$procdff$2052' with positive edge clock.
Creating register for signal `\MIE_Reg.\MTIE' using process `\MIE_Reg.$proc$rtl_rv32im_ahb_core/csr/MIE_Reg.v:48$401'.
  created $dff cell `$procdff$2053' with positive edge clock.
Creating register for signal `\MIE_Reg.\MSIE' using process `\MIE_Reg.$proc$rtl_rv32im_ahb_core/csr/MIE_Reg.v:48$401'.
  created $dff cell `$procdff$2054' with positive edge clock.
Creating register for signal `\MEPC_MScratch_Reg.\MEPC_Out' using process `\MEPC_MScratch_Reg.$proc$rtl_rv32im_ahb_core/csr/MEPC_MScratch_Reg.v:59$398'.
  created $dff cell `$procdff$2055' with positive edge clock.
Creating register for signal `\MEPC_MScratch_Reg.\MScratch_Out' using process `\MEPC_MScratch_Reg.$proc$rtl_rv32im_ahb_core/csr/MEPC_MScratch_Reg.v:47$395'.
  created $dff cell `$procdff$2056' with positive edge clock.
Creating register for signal `\MCause_Reg.\Cause_Out' using process `\MCause_Reg.$proc$rtl_rv32im_ahb_core/csr/MCause_Reg.v:49$392'.
  created $dff cell `$procdff$2057' with positive edge clock.
Creating register for signal `\MCause_Reg.\Int_Or_Exc_Out' using process `\MCause_Reg.$proc$rtl_rv32im_ahb_core/csr/MCause_Reg.v:49$392'.
  created $dff cell `$procdff$2058' with positive edge clock.
Creating register for signal `\MCause_Reg.\Cause_Rem' using process `\MCause_Reg.$proc$rtl_rv32im_ahb_core/csr/MCause_Reg.v:49$392'.
  created $dff cell `$procdff$2059' with positive edge clock.
Creating register for signal `\Machine_Counter.\MCycle_Out' using process `\Machine_Counter.$proc$rtl_rv32im_ahb_core/csr/Machine_Counter.v:49$371'.
  created $dff cell `$procdff$2060' with positive edge clock.
Creating register for signal `\Machine_Counter.\MInstret_Out' using process `\Machine_Counter.$proc$rtl_rv32im_ahb_core/csr/Machine_Counter.v:49$371'.
  created $dff cell `$procdff$2061' with positive edge clock.
Creating register for signal `\Machine_Counter.\MTime_Out' using process `\Machine_Counter.$proc$rtl_rv32im_ahb_core/csr/Machine_Counter.v:49$371'.
  created $dff cell `$procdff$2062' with positive edge clock.
Creating register for signal `\Machine_Counter_Setup.\MCountInhibit_CY_Out' using process `\Machine_Counter_Setup.$proc$rtl_rv32im_ahb_core/csr/Machine_Counter_Setup.v:42$368'.
  created $dff cell `$procdff$2063' with positive edge clock.
Creating register for signal `\Machine_Counter_Setup.\MCountInhibit_IR_Out' using process `\Machine_Counter_Setup.$proc$rtl_rv32im_ahb_core/csr/Machine_Counter_Setup.v:42$368'.
  created $dff cell `$procdff$2064' with positive edge clock.
Creating register for signal `\Register_File.\Temp_Src_Data1' using process `\Register_File.$proc$rtl_rv32im_ahb_core/datapath_units/Register_File.v:42$349'.
  created $dff cell `$procdff$2065' with positive edge clock.
Creating register for signal `\Register_File.\Temp_Src_Data2' using process `\Register_File.$proc$rtl_rv32im_ahb_core/datapath_units/Register_File.v:42$349'.
  created $dff cell `$procdff$2066' with positive edge clock.
Creating register for signal `\Register_File.\Src_Addr1_Sampled' using process `\Register_File.$proc$rtl_rv32im_ahb_core/datapath_units/Register_File.v:42$349'.
  created $dff cell `$procdff$2067' with positive edge clock.
Creating register for signal `\Register_File.\Src_Addr2_Sampled' using process `\Register_File.$proc$rtl_rv32im_ahb_core/datapath_units/Register_File.v:42$349'.
  created $dff cell `$procdff$2068' with positive edge clock.
Creating register for signal `\Register_File.\i' using process `\Register_File.$proc$rtl_rv32im_ahb_core/datapath_units/Register_File.v:29$270'.
  created $dff cell `$procdff$2069' with positive edge clock.
Creating register for signal `\Register_File.$memwr$\register$rtl_rv32im_ahb_core/datapath_units/Register_File.v:32$236_EN' using process `\Register_File.$proc$rtl_rv32im_ahb_core/datapath_units/Register_File.v:29$270'.
  created $dff cell `$procdff$2070' with positive edge clock.
Creating register for signal `\Register_File.$memwr$\register$rtl_rv32im_ahb_core/datapath_units/Register_File.v:32$237_EN' using process `\Register_File.$proc$rtl_rv32im_ahb_core/datapath_units/Register_File.v:29$270'.
  created $dff cell `$procdff$2071' with positive edge clock.
Creating register for signal `\Register_File.$memwr$\register$rtl_rv32im_ahb_core/datapath_units/Register_File.v:32$238_EN' using process `\Register_File.$proc$rtl_rv32im_ahb_core/datapath_units/Register_File.v:29$270'.
  created $dff cell `$procdff$2072' with positive edge clock.
Creating register for signal `\Register_File.$memwr$\register$rtl_rv32im_ahb_core/datapath_units/Register_File.v:32$239_EN' using process `\Register_File.$proc$rtl_rv32im_ahb_core/datapath_units/Register_File.v:29$270'.
  created $dff cell `$procdff$2073' with positive edge clock.
Creating register for signal `\Register_File.$memwr$\register$rtl_rv32im_ahb_core/datapath_units/Register_File.v:32$240_EN' using process `\Register_File.$proc$rtl_rv32im_ahb_core/datapath_units/Register_File.v:29$270'.
  created $dff cell `$procdff$2074' with positive edge clock.
Creating register for signal `\Register_File.$memwr$\register$rtl_rv32im_ahb_core/datapath_units/Register_File.v:32$241_EN' using process `\Register_File.$proc$rtl_rv32im_ahb_core/datapath_units/Register_File.v:29$270'.
  created $dff cell `$procdff$2075' with positive edge clock.
Creating register for signal `\Register_File.$memwr$\register$rtl_rv32im_ahb_core/datapath_units/Register_File.v:32$242_EN' using process `\Register_File.$proc$rtl_rv32im_ahb_core/datapath_units/Register_File.v:29$270'.
  created $dff cell `$procdff$2076' with positive edge clock.
Creating register for signal `\Register_File.$memwr$\register$rtl_rv32im_ahb_core/datapath_units/Register_File.v:32$243_EN' using process `\Register_File.$proc$rtl_rv32im_ahb_core/datapath_units/Register_File.v:29$270'.
  created $dff cell `$procdff$2077' with positive edge clock.
Creating register for signal `\Register_File.$memwr$\register$rtl_rv32im_ahb_core/datapath_units/Register_File.v:32$244_EN' using process `\Register_File.$proc$rtl_rv32im_ahb_core/datapath_units/Register_File.v:29$270'.
  created $dff cell `$procdff$2078' with positive edge clock.
Creating register for signal `\Register_File.$memwr$\register$rtl_rv32im_ahb_core/datapath_units/Register_File.v:32$245_EN' using process `\Register_File.$proc$rtl_rv32im_ahb_core/datapath_units/Register_File.v:29$270'.
  created $dff cell `$procdff$2079' with positive edge clock.
Creating register for signal `\Register_File.$memwr$\register$rtl_rv32im_ahb_core/datapath_units/Register_File.v:32$246_EN' using process `\Register_File.$proc$rtl_rv32im_ahb_core/datapath_units/Register_File.v:29$270'.
  created $dff cell `$procdff$2080' with positive edge clock.
Creating register for signal `\Register_File.$memwr$\register$rtl_rv32im_ahb_core/datapath_units/Register_File.v:32$247_EN' using process `\Register_File.$proc$rtl_rv32im_ahb_core/datapath_units/Register_File.v:29$270'.
  created $dff cell `$procdff$2081' with positive edge clock.
Creating register for signal `\Register_File.$memwr$\register$rtl_rv32im_ahb_core/datapath_units/Register_File.v:32$248_EN' using process `\Register_File.$proc$rtl_rv32im_ahb_core/datapath_units/Register_File.v:29$270'.
  created $dff cell `$procdff$2082' with positive edge clock.
Creating register for signal `\Register_File.$memwr$\register$rtl_rv32im_ahb_core/datapath_units/Register_File.v:32$249_EN' using process `\Register_File.$proc$rtl_rv32im_ahb_core/datapath_units/Register_File.v:29$270'.
  created $dff cell `$procdff$2083' with positive edge clock.
Creating register for signal `\Register_File.$memwr$\register$rtl_rv32im_ahb_core/datapath_units/Register_File.v:32$250_EN' using process `\Register_File.$proc$rtl_rv32im_ahb_core/datapath_units/Register_File.v:29$270'.
  created $dff cell `$procdff$2084' with positive edge clock.
Creating register for signal `\Register_File.$memwr$\register$rtl_rv32im_ahb_core/datapath_units/Register_File.v:32$251_EN' using process `\Register_File.$proc$rtl_rv32im_ahb_core/datapath_units/Register_File.v:29$270'.
  created $dff cell `$procdff$2085' with positive edge clock.
Creating register for signal `\Register_File.$memwr$\register$rtl_rv32im_ahb_core/datapath_units/Register_File.v:32$252_EN' using process `\Register_File.$proc$rtl_rv32im_ahb_core/datapath_units/Register_File.v:29$270'.
  created $dff cell `$procdff$2086' with positive edge clock.
Creating register for signal `\Register_File.$memwr$\register$rtl_rv32im_ahb_core/datapath_units/Register_File.v:32$253_EN' using process `\Register_File.$proc$rtl_rv32im_ahb_core/datapath_units/Register_File.v:29$270'.
  created $dff cell `$procdff$2087' with positive edge clock.
Creating register for signal `\Register_File.$memwr$\register$rtl_rv32im_ahb_core/datapath_units/Register_File.v:32$254_EN' using process `\Register_File.$proc$rtl_rv32im_ahb_core/datapath_units/Register_File.v:29$270'.
  created $dff cell `$procdff$2088' with positive edge clock.
Creating register for signal `\Register_File.$memwr$\register$rtl_rv32im_ahb_core/datapath_units/Register_File.v:32$255_EN' using process `\Register_File.$proc$rtl_rv32im_ahb_core/datapath_units/Register_File.v:29$270'.
  created $dff cell `$procdff$2089' with positive edge clock.
Creating register for signal `\Register_File.$memwr$\register$rtl_rv32im_ahb_core/datapath_units/Register_File.v:32$256_EN' using process `\Register_File.$proc$rtl_rv32im_ahb_core/datapath_units/Register_File.v:29$270'.
  created $dff cell `$procdff$2090' with positive edge clock.
Creating register for signal `\Register_File.$memwr$\register$rtl_rv32im_ahb_core/datapath_units/Register_File.v:32$257_EN' using process `\Register_File.$proc$rtl_rv32im_ahb_core/datapath_units/Register_File.v:29$270'.
  created $dff cell `$procdff$2091' with positive edge clock.
Creating register for signal `\Register_File.$memwr$\register$rtl_rv32im_ahb_core/datapath_units/Register_File.v:32$258_EN' using process `\Register_File.$proc$rtl_rv32im_ahb_core/datapath_units/Register_File.v:29$270'.
  created $dff cell `$procdff$2092' with positive edge clock.
Creating register for signal `\Register_File.$memwr$\register$rtl_rv32im_ahb_core/datapath_units/Register_File.v:32$259_EN' using process `\Register_File.$proc$rtl_rv32im_ahb_core/datapath_units/Register_File.v:29$270'.
  created $dff cell `$procdff$2093' with positive edge clock.
Creating register for signal `\Register_File.$memwr$\register$rtl_rv32im_ahb_core/datapath_units/Register_File.v:32$260_EN' using process `\Register_File.$proc$rtl_rv32im_ahb_core/datapath_units/Register_File.v:29$270'.
  created $dff cell `$procdff$2094' with positive edge clock.
Creating register for signal `\Register_File.$memwr$\register$rtl_rv32im_ahb_core/datapath_units/Register_File.v:32$261_EN' using process `\Register_File.$proc$rtl_rv32im_ahb_core/datapath_units/Register_File.v:29$270'.
  created $dff cell `$procdff$2095' with positive edge clock.
Creating register for signal `\Register_File.$memwr$\register$rtl_rv32im_ahb_core/datapath_units/Register_File.v:32$262_EN' using process `\Register_File.$proc$rtl_rv32im_ahb_core/datapath_units/Register_File.v:29$270'.
  created $dff cell `$procdff$2096' with positive edge clock.
Creating register for signal `\Register_File.$memwr$\register$rtl_rv32im_ahb_core/datapath_units/Register_File.v:32$263_EN' using process `\Register_File.$proc$rtl_rv32im_ahb_core/datapath_units/Register_File.v:29$270'.
  created $dff cell `$procdff$2097' with positive edge clock.
Creating register for signal `\Register_File.$memwr$\register$rtl_rv32im_ahb_core/datapath_units/Register_File.v:32$264_EN' using process `\Register_File.$proc$rtl_rv32im_ahb_core/datapath_units/Register_File.v:29$270'.
  created $dff cell `$procdff$2098' with positive edge clock.
Creating register for signal `\Register_File.$memwr$\register$rtl_rv32im_ahb_core/datapath_units/Register_File.v:32$265_EN' using process `\Register_File.$proc$rtl_rv32im_ahb_core/datapath_units/Register_File.v:29$270'.
  created $dff cell `$procdff$2099' with positive edge clock.
Creating register for signal `\Register_File.$memwr$\register$rtl_rv32im_ahb_core/datapath_units/Register_File.v:32$266_EN' using process `\Register_File.$proc$rtl_rv32im_ahb_core/datapath_units/Register_File.v:29$270'.
  created $dff cell `$procdff$2100' with positive edge clock.
Creating register for signal `\Register_File.$memwr$\register$rtl_rv32im_ahb_core/datapath_units/Register_File.v:32$267_EN' using process `\Register_File.$proc$rtl_rv32im_ahb_core/datapath_units/Register_File.v:29$270'.
  created $dff cell `$procdff$2101' with positive edge clock.
Creating register for signal `\Register_File.$memwr$\register$rtl_rv32im_ahb_core/datapath_units/Register_File.v:36$268_EN' using process `\Register_File.$proc$rtl_rv32im_ahb_core/datapath_units/Register_File.v:29$270'.
  created $dff cell `$procdff$2102' with positive edge clock.
Creating register for signal `\Register_File.$memwr$\register$rtl_rv32im_ahb_core/datapath_units/Register_File.v:37$269_ADDR' using process `\Register_File.$proc$rtl_rv32im_ahb_core/datapath_units/Register_File.v:29$270'.
  created $dff cell `$procdff$2103' with positive edge clock.
Creating register for signal `\Register_File.$memwr$\register$rtl_rv32im_ahb_core/datapath_units/Register_File.v:37$269_DATA' using process `\Register_File.$proc$rtl_rv32im_ahb_core/datapath_units/Register_File.v:29$270'.
  created $dff cell `$procdff$2104' with positive edge clock.
Creating register for signal `\Register_File.$memwr$\register$rtl_rv32im_ahb_core/datapath_units/Register_File.v:37$269_EN' using process `\Register_File.$proc$rtl_rv32im_ahb_core/datapath_units/Register_File.v:29$270'.
  created $dff cell `$procdff$2105' with positive edge clock.
Creating register for signal `\PC_Unit.\PC_Out' using process `\PC_Unit.$proc$rtl_rv32im_ahb_core/datapath_units/PC_Unit.v:172$232'.
  created $dff cell `$procdff$2106' with positive edge clock.
Creating register for signal `\PC_Unit.\IAddr_Reg' using process `\PC_Unit.$proc$rtl_rv32im_ahb_core/datapath_units/PC_Unit.v:146$231'.
  created $dff cell `$procdff$2107' with positive edge clock.
Creating register for signal `\Machine_Control.\I_Or_E_Out' using process `\Machine_Control.$proc$rtl_rv32im_ahb_core/control/Machine_Control.v:298$197'.
  created $dff cell `$procdff$2108' with positive edge clock.
Creating register for signal `\Machine_Control.\Cause_Out' using process `\Machine_Control.$proc$rtl_rv32im_ahb_core/control/Machine_Control.v:298$197'.
  created $dff cell `$procdff$2109' with positive edge clock.
Creating register for signal `\Machine_Control.\Misaligned_Exc_Out' using process `\Machine_Control.$proc$rtl_rv32im_ahb_core/control/Machine_Control.v:277$194'.
  created $dff cell `$procdff$2110' with positive edge clock.
Creating register for signal `\Machine_Control.\Curr_State' using process `\Machine_Control.$proc$rtl_rv32im_ahb_core/control/Machine_Control.v:266$193'.
  created $dff cell `$procdff$2111' with positive edge clock.
Creating register for signal `\Reg_M_W.\CSR_Data_Out' using process `\Reg_M_W.$proc$rtl_rv32im_ahb_core/pipeline_registers/Reg_M_W.v:56$82'.
  created $dff cell `$procdff$2112' with positive edge clock.
Creating register for signal `\Reg_M_W.\PC_Plus4_Out' using process `\Reg_M_W.$proc$rtl_rv32im_ahb_core/pipeline_registers/Reg_M_W.v:56$82'.
  created $dff cell `$procdff$2113' with positive edge clock.
Creating register for signal `\Reg_M_W.\Des_Addr_Out' using process `\Reg_M_W.$proc$rtl_rv32im_ahb_core/pipeline_registers/Reg_M_W.v:56$82'.
  created $dff cell `$procdff$2114' with positive edge clock.
Creating register for signal `\Reg_M_W.\CSR_Addr_Out' using process `\Reg_M_W.$proc$rtl_rv32im_ahb_core/pipeline_registers/Reg_M_W.v:56$82'.
  created $dff cell `$procdff$2115' with positive edge clock.
Creating register for signal `\Reg_M_W.\Reg_WrEn_Out' using process `\Reg_M_W.$proc$rtl_rv32im_ahb_core/pipeline_registers/Reg_M_W.v:56$82'.
  created $dff cell `$procdff$2116' with positive edge clock.
Creating register for signal `\Reg_M_W.\Result_Src_Out' using process `\Reg_M_W.$proc$rtl_rv32im_ahb_core/pipeline_registers/Reg_M_W.v:56$82'.
  created $dff cell `$procdff$2117' with positive edge clock.
Creating register for signal `\Reg_M_W.\CSR_WrEn_Out' using process `\Reg_M_W.$proc$rtl_rv32im_ahb_core/pipeline_registers/Reg_M_W.v:56$82'.
  created $dff cell `$procdff$2118' with positive edge clock.
Creating register for signal `\Reg_M_W.\CSR_Op_Out' using process `\Reg_M_W.$proc$rtl_rv32im_ahb_core/pipeline_registers/Reg_M_W.v:56$82'.
  created $dff cell `$procdff$2119' with positive edge clock.
Creating register for signal `\Reg_M_W.\Imm_Ext_Out' using process `\Reg_M_W.$proc$rtl_rv32im_ahb_core/pipeline_registers/Reg_M_W.v:56$82'.
  created $dff cell `$procdff$2120' with positive edge clock.
Creating register for signal `\Reg_M_W.\ALU_Result_Out' using process `\Reg_M_W.$proc$rtl_rv32im_ahb_core/pipeline_registers/Reg_M_W.v:56$82'.
  created $dff cell `$procdff$2121' with positive edge clock.
Creating register for signal `\Reg_M_W.\Added_Data_Out' using process `\Reg_M_W.$proc$rtl_rv32im_ahb_core/pipeline_registers/Reg_M_W.v:56$82'.
  created $dff cell `$procdff$2122' with positive edge clock.
Creating register for signal `\Reg_M_W.\MDU_Result_Out' using process `\Reg_M_W.$proc$rtl_rv32im_ahb_core/pipeline_registers/Reg_M_W.v:56$82'.
  created $dff cell `$procdff$2123' with positive edge clock.
Creating register for signal `\Reg_M_W.\CSR_UImm_Out' using process `\Reg_M_W.$proc$rtl_rv32im_ahb_core/pipeline_registers/Reg_M_W.v:56$82'.
  created $dff cell `$procdff$2124' with positive edge clock.
Creating register for signal `\Reg_M_W.\CSR_WrData_Out' using process `\Reg_M_W.$proc$rtl_rv32im_ahb_core/pipeline_registers/Reg_M_W.v:56$82'.
  created $dff cell `$procdff$2125' with positive edge clock.
Creating register for signal `\Reg_M_W.\Loaded_Data_Out' using process `\Reg_M_W.$proc$rtl_rv32im_ahb_core/pipeline_registers/Reg_M_W.v:56$82'.
  created $dff cell `$procdff$2126' with positive edge clock.
Creating register for signal `\Reg_E_M.\DM_WrEn_Out' using process `\Reg_E_M.$proc$rtl_rv32im_ahb_core/pipeline_registers/Reg_E_M.v:72$80'.
  created $dff cell `$procdff$2127' with positive edge clock.
Creating register for signal `\Reg_E_M.\CSR_Data_Out' using process `\Reg_E_M.$proc$rtl_rv32im_ahb_core/pipeline_registers/Reg_E_M.v:72$80'.
  created $dff cell `$procdff$2128' with positive edge clock.
Creating register for signal `\Reg_E_M.\PC_Out' using process `\Reg_E_M.$proc$rtl_rv32im_ahb_core/pipeline_registers/Reg_E_M.v:72$80'.
  created $dff cell `$procdff$2129' with positive edge clock.
Creating register for signal `\Reg_E_M.\PC_Plus4_Out' using process `\Reg_E_M.$proc$rtl_rv32im_ahb_core/pipeline_registers/Reg_E_M.v:72$80'.
  created $dff cell `$procdff$2130' with positive edge clock.
Creating register for signal `\Reg_E_M.\Func3_Out' using process `\Reg_E_M.$proc$rtl_rv32im_ahb_core/pipeline_registers/Reg_E_M.v:72$80'.
  created $dff cell `$procdff$2131' with positive edge clock.
Creating register for signal `\Reg_E_M.\Des_Addr_Out' using process `\Reg_E_M.$proc$rtl_rv32im_ahb_core/pipeline_registers/Reg_E_M.v:72$80'.
  created $dff cell `$procdff$2132' with positive edge clock.
Creating register for signal `\Reg_E_M.\CSR_Addr_Out' using process `\Reg_E_M.$proc$rtl_rv32im_ahb_core/pipeline_registers/Reg_E_M.v:72$80'.
  created $dff cell `$procdff$2133' with positive edge clock.
Creating register for signal `\Reg_E_M.\Reg_WrEn_Out' using process `\Reg_E_M.$proc$rtl_rv32im_ahb_core/pipeline_registers/Reg_E_M.v:72$80'.
  created $dff cell `$procdff$2134' with positive edge clock.
Creating register for signal `\Reg_E_M.\Load_Unsigned_Out' using process `\Reg_E_M.$proc$rtl_rv32im_ahb_core/pipeline_registers/Reg_E_M.v:72$80'.
  created $dff cell `$procdff$2135' with positive edge clock.
Creating register for signal `\Reg_E_M.\Load_Size_Out' using process `\Reg_E_M.$proc$rtl_rv32im_ahb_core/pipeline_registers/Reg_E_M.v:72$80'.
  created $dff cell `$procdff$2136' with positive edge clock.
Creating register for signal `\Reg_E_M.\Result_Src_Out' using process `\Reg_E_M.$proc$rtl_rv32im_ahb_core/pipeline_registers/Reg_E_M.v:72$80'.
  created $dff cell `$procdff$2137' with positive edge clock.
Creating register for signal `\Reg_E_M.\CSR_WrEn_Out' using process `\Reg_E_M.$proc$rtl_rv32im_ahb_core/pipeline_registers/Reg_E_M.v:72$80'.
  created $dff cell `$procdff$2138' with positive edge clock.
Creating register for signal `\Reg_E_M.\CSR_Op_Out' using process `\Reg_E_M.$proc$rtl_rv32im_ahb_core/pipeline_registers/Reg_E_M.v:72$80'.
  created $dff cell `$procdff$2139' with positive edge clock.
Creating register for signal `\Reg_E_M.\Imm_Ext_Out' using process `\Reg_E_M.$proc$rtl_rv32im_ahb_core/pipeline_registers/Reg_E_M.v:72$80'.
  created $dff cell `$procdff$2140' with positive edge clock.
Creating register for signal `\Reg_E_M.\ALU_Result_Out' using process `\Reg_E_M.$proc$rtl_rv32im_ahb_core/pipeline_registers/Reg_E_M.v:72$80'.
  created $dff cell `$procdff$2141' with positive edge clock.
Creating register for signal `\Reg_E_M.\Added_Data_Out' using process `\Reg_E_M.$proc$rtl_rv32im_ahb_core/pipeline_registers/Reg_E_M.v:72$80'.
  created $dff cell `$procdff$2142' with positive edge clock.
Creating register for signal `\Reg_E_M.\Read_Data2_Out' using process `\Reg_E_M.$proc$rtl_rv32im_ahb_core/pipeline_registers/Reg_E_M.v:72$80'.
  created $dff cell `$procdff$2143' with positive edge clock.
Creating register for signal `\Reg_E_M.\MDU_Result_Out' using process `\Reg_E_M.$proc$rtl_rv32im_ahb_core/pipeline_registers/Reg_E_M.v:72$80'.
  created $dff cell `$procdff$2144' with positive edge clock.
Creating register for signal `\Reg_E_M.\CSR_UImm_Out' using process `\Reg_E_M.$proc$rtl_rv32im_ahb_core/pipeline_registers/Reg_E_M.v:72$80'.
  created $dff cell `$procdff$2145' with positive edge clock.
Creating register for signal `\Reg_E_M.\CSR_WrData_Out' using process `\Reg_E_M.$proc$rtl_rv32im_ahb_core/pipeline_registers/Reg_E_M.v:72$80'.
  created $dff cell `$procdff$2146' with positive edge clock.
Creating register for signal `\Reg_D_E.\DM_WrEn_Out' using process `\Reg_D_E.$proc$rtl_rv32im_ahb_core/pipeline_registers/Reg_D_E.v:79$77'.
  created $dff cell `$procdff$2147' with positive edge clock.
Creating register for signal `\Reg_D_E.\PC_Out' using process `\Reg_D_E.$proc$rtl_rv32im_ahb_core/pipeline_registers/Reg_D_E.v:79$77'.
  created $dff cell `$procdff$2148' with positive edge clock.
Creating register for signal `\Reg_D_E.\PC_Plus4_Out' using process `\Reg_D_E.$proc$rtl_rv32im_ahb_core/pipeline_registers/Reg_D_E.v:79$77'.
  created $dff cell `$procdff$2149' with positive edge clock.
Creating register for signal `\Reg_D_E.\Func3_Out' using process `\Reg_D_E.$proc$rtl_rv32im_ahb_core/pipeline_registers/Reg_D_E.v:79$77'.
  created $dff cell `$procdff$2150' with positive edge clock.
Creating register for signal `\Reg_D_E.\Src_Addr1_Out' using process `\Reg_D_E.$proc$rtl_rv32im_ahb_core/pipeline_registers/Reg_D_E.v:79$77'.
  created $dff cell `$procdff$2151' with positive edge clock.
Creating register for signal `\Reg_D_E.\Src_Addr2_Out' using process `\Reg_D_E.$proc$rtl_rv32im_ahb_core/pipeline_registers/Reg_D_E.v:79$77'.
  created $dff cell `$procdff$2152' with positive edge clock.
Creating register for signal `\Reg_D_E.\Des_Addr_Out' using process `\Reg_D_E.$proc$rtl_rv32im_ahb_core/pipeline_registers/Reg_D_E.v:79$77'.
  created $dff cell `$procdff$2153' with positive edge clock.
Creating register for signal `\Reg_D_E.\Reg_WrEn_Out' using process `\Reg_D_E.$proc$rtl_rv32im_ahb_core/pipeline_registers/Reg_D_E.v:79$77'.
  created $dff cell `$procdff$2154' with positive edge clock.
Creating register for signal `\Reg_D_E.\Iadder_Src_Out' using process `\Reg_D_E.$proc$rtl_rv32im_ahb_core/pipeline_registers/Reg_D_E.v:79$77'.
  created $dff cell `$procdff$2155' with positive edge clock.
Creating register for signal `\Reg_D_E.\ALU_Src_Out' using process `\Reg_D_E.$proc$rtl_rv32im_ahb_core/pipeline_registers/Reg_D_E.v:79$77'.
  created $dff cell `$procdff$2156' with positive edge clock.
Creating register for signal `\Reg_D_E.\ALU_Control_Out' using process `\Reg_D_E.$proc$rtl_rv32im_ahb_core/pipeline_registers/Reg_D_E.v:79$77'.
  created $dff cell `$procdff$2157' with positive edge clock.
Creating register for signal `\Reg_D_E.\Branch_Cond_Out' using process `\Reg_D_E.$proc$rtl_rv32im_ahb_core/pipeline_registers/Reg_D_E.v:79$77'.
  created $dff cell `$procdff$2158' with positive edge clock.
Creating register for signal `\Reg_D_E.\Load_Unsigned_Out' using process `\Reg_D_E.$proc$rtl_rv32im_ahb_core/pipeline_registers/Reg_D_E.v:79$77'.
  created $dff cell `$procdff$2159' with positive edge clock.
Creating register for signal `\Reg_D_E.\Load_Size_Out' using process `\Reg_D_E.$proc$rtl_rv32im_ahb_core/pipeline_registers/Reg_D_E.v:79$77'.
  created $dff cell `$procdff$2160' with positive edge clock.
Creating register for signal `\Reg_D_E.\Result_Src_Out' using process `\Reg_D_E.$proc$rtl_rv32im_ahb_core/pipeline_registers/Reg_D_E.v:79$77'.
  created $dff cell `$procdff$2161' with positive edge clock.
Creating register for signal `\Reg_D_E.\CSR_WrEn_Out' using process `\Reg_D_E.$proc$rtl_rv32im_ahb_core/pipeline_registers/Reg_D_E.v:79$77'.
  created $dff cell `$procdff$2162' with positive edge clock.
Creating register for signal `\Reg_D_E.\CSR_Op_Out' using process `\Reg_D_E.$proc$rtl_rv32im_ahb_core/pipeline_registers/Reg_D_E.v:79$77'.
  created $dff cell `$procdff$2163' with positive edge clock.
Creating register for signal `\Reg_D_E.\Is_Mext_Out' using process `\Reg_D_E.$proc$rtl_rv32im_ahb_core/pipeline_registers/Reg_D_E.v:79$77'.
  created $dff cell `$procdff$2164' with positive edge clock.
Creating register for signal `\Reg_D_E.\MDU_Op_Out' using process `\Reg_D_E.$proc$rtl_rv32im_ahb_core/pipeline_registers/Reg_D_E.v:79$77'.
  created $dff cell `$procdff$2165' with positive edge clock.
Creating register for signal `\Reg_D_E.\Imm_Ext_Out' using process `\Reg_D_E.$proc$rtl_rv32im_ahb_core/pipeline_registers/Reg_D_E.v:79$77'.
  created $dff cell `$procdff$2166' with positive edge clock.
Creating register for signal `\Reg_F_D.\PC_Out' using process `\Reg_F_D.$proc$rtl_rv32im_ahb_core/pipeline_registers/Reg_F_D.v:21$75'.
  created $dff cell `$procdff$2167' with positive edge clock.
Creating register for signal `\Reg_F_D.\PC_Plus4_Out' using process `\Reg_F_D.$proc$rtl_rv32im_ahb_core/pipeline_registers/Reg_F_D.v:21$75'.
  created $dff cell `$procdff$2168' with positive edge clock.
Creating register for signal `\Reg_F_D.\Instr_Out' using process `\Reg_F_D.$proc$rtl_rv32im_ahb_core/pipeline_registers/Reg_F_D.v:21$75'.
  created $dff cell `$procdff$2169' with positive edge clock.
Creating register for signal `\Pip_RV32IM_AHB.\MDU_SrcA_r' using process `\Pip_RV32IM_AHB.$proc$rtl_rv32im_ahb_core/top/Pip_RV32IM_AHB.v:194$29'.
  created $dff cell `$procdff$2170' with positive edge clock.
Creating register for signal `\Pip_RV32IM_AHB.\MDU_SrcB_r' using process `\Pip_RV32IM_AHB.$proc$rtl_rv32im_ahb_core/top/Pip_RV32IM_AHB.v:194$29'.
  created $dff cell `$procdff$2171' with positive edge clock.
Creating register for signal `\Pip_RV32IM_AHB.\MDU_Started_r' using process `\Pip_RV32IM_AHB.$proc$rtl_rv32im_ahb_core/top/Pip_RV32IM_AHB.v:185$26'.
  created $dff cell `$procdff$2172' with positive edge clock.
Creating register for signal `\Pip_RV32IM_AHB.\Load_In_M_d' using process `\Pip_RV32IM_AHB.$proc$rtl_rv32im_ahb_core/top/Pip_RV32IM_AHB.v:156$20'.
  created $dff cell `$procdff$2173' with positive edge clock.

yosys> proc_memwr

38.10. Executing PROC_MEMWR pass (convert process memory writes to cells).

yosys> proc_clean

38.11. Executing PROC_CLEAN pass (remove empty switches from decision trees).
Found and cleaned up 3 empty switches in `\MDU.$proc$rtl_rv32im_ahb_core/multiply/MDU.v:71$473'.
Removing empty process `MDU.$proc$rtl_rv32im_ahb_core/multiply/MDU.v:71$473'.
Found and cleaned up 2 empty switches in `\MDU.$proc$rtl_rv32im_ahb_core/multiply/MDU.v:60$471'.
Removing empty process `MDU.$proc$rtl_rv32im_ahb_core/multiply/MDU.v:60$471'.
Found and cleaned up 7 empty switches in `\Div32_NonRestoring.$proc$rtl_rv32im_ahb_core/multiply/Div32_NonRestoring.v:90$456'.
Removing empty process `Div32_NonRestoring.$proc$rtl_rv32im_ahb_core/multiply/Div32_NonRestoring.v:90$456'.
Found and cleaned up 1 empty switch in `\Store_Unit.$proc$rtl_rv32im_ahb_core/memory_if/Store_Unit.v:122$435'.
Removing empty process `Store_Unit.$proc$rtl_rv32im_ahb_core/memory_if/Store_Unit.v:122$435'.
Found and cleaned up 1 empty switch in `\Store_Unit.$proc$rtl_rv32im_ahb_core/memory_if/Store_Unit.v:114$434'.
Removing empty process `Store_Unit.$proc$rtl_rv32im_ahb_core/memory_if/Store_Unit.v:114$434'.
Found and cleaned up 1 empty switch in `\Store_Unit.$proc$rtl_rv32im_ahb_core/memory_if/Store_Unit.v:102$433'.
Removing empty process `Store_Unit.$proc$rtl_rv32im_ahb_core/memory_if/Store_Unit.v:102$433'.
Found and cleaned up 1 empty switch in `\Store_Unit.$proc$rtl_rv32im_ahb_core/memory_if/Store_Unit.v:93$432'.
Removing empty process `Store_Unit.$proc$rtl_rv32im_ahb_core/memory_if/Store_Unit.v:93$432'.
Found and cleaned up 1 empty switch in `\Store_Unit.$proc$rtl_rv32im_ahb_core/memory_if/Store_Unit.v:80$431'.
Removing empty process `Store_Unit.$proc$rtl_rv32im_ahb_core/memory_if/Store_Unit.v:80$431'.
Found and cleaned up 1 empty switch in `\Store_Unit.$proc$rtl_rv32im_ahb_core/memory_if/Store_Unit.v:71$430'.
Removing empty process `Store_Unit.$proc$rtl_rv32im_ahb_core/memory_if/Store_Unit.v:71$430'.
Found and cleaned up 2 empty switches in `\Load_Unit.$proc$rtl_rv32im_ahb_core/memory_if/Load_Unit.v:85$422'.
Removing empty process `Load_Unit.$proc$rtl_rv32im_ahb_core/memory_if/Load_Unit.v:85$422'.
Found and cleaned up 1 empty switch in `\Load_Unit.$proc$rtl_rv32im_ahb_core/memory_if/Load_Unit.v:55$419'.
Removing empty process `Load_Unit.$proc$rtl_rv32im_ahb_core/memory_if/Load_Unit.v:55$419'.
Found and cleaned up 1 empty switch in `\Load_Unit.$proc$rtl_rv32im_ahb_core/memory_if/Load_Unit.v:46$418'.
Removing empty process `Load_Unit.$proc$rtl_rv32im_ahb_core/memory_if/Load_Unit.v:46$418'.
Found and cleaned up 2 empty switches in `\MTVec_Reg.$proc$rtl_rv32im_ahb_core/csr/MTVec_Reg.v:63$415'.
Removing empty process `MTVec_Reg.$proc$rtl_rv32im_ahb_core/csr/MTVec_Reg.v:63$415'.
Found and cleaned up 4 empty switches in `\MTVal_Reg.$proc$rtl_rv32im_ahb_core/csr/MTVal_Reg.v:32$409'.
Removing empty process `MTVal_Reg.$proc$rtl_rv32im_ahb_core/csr/MTVal_Reg.v:32$409'.
Found and cleaned up 4 empty switches in `\MStatus_Reg.$proc$rtl_rv32im_ahb_core/csr/MStatus_Reg.v:49$406'.
Removing empty process `MStatus_Reg.$proc$rtl_rv32im_ahb_core/csr/MStatus_Reg.v:49$406'.
Found and cleaned up 1 empty switch in `\MIP_Reg.$proc$rtl_rv32im_ahb_core/csr/MIP_Reg.v:46$404'.
Removing empty process `MIP_Reg.$proc$rtl_rv32im_ahb_core/csr/MIP_Reg.v:46$404'.
Found and cleaned up 2 empty switches in `\MIE_Reg.$proc$rtl_rv32im_ahb_core/csr/MIE_Reg.v:48$401'.
Removing empty process `MIE_Reg.$proc$rtl_rv32im_ahb_core/csr/MIE_Reg.v:48$401'.
Found and cleaned up 3 empty switches in `\MEPC_MScratch_Reg.$proc$rtl_rv32im_ahb_core/csr/MEPC_MScratch_Reg.v:59$398'.
Removing empty process `MEPC_MScratch_Reg.$proc$rtl_rv32im_ahb_core/csr/MEPC_MScratch_Reg.v:59$398'.
Found and cleaned up 2 empty switches in `\MEPC_MScratch_Reg.$proc$rtl_rv32im_ahb_core/csr/MEPC_MScratch_Reg.v:47$395'.
Removing empty process `MEPC_MScratch_Reg.$proc$rtl_rv32im_ahb_core/csr/MEPC_MScratch_Reg.v:47$395'.
Found and cleaned up 3 empty switches in `\MCause_Reg.$proc$rtl_rv32im_ahb_core/csr/MCause_Reg.v:49$392'.
Removing empty process `MCause_Reg.$proc$rtl_rv32im_ahb_core/csr/MCause_Reg.v:49$392'.
Found and cleaned up 11 empty switches in `\Machine_Counter.$proc$rtl_rv32im_ahb_core/csr/Machine_Counter.v:49$371'.
Removing empty process `Machine_Counter.$proc$rtl_rv32im_ahb_core/csr/Machine_Counter.v:49$371'.
Found and cleaned up 2 empty switches in `\Machine_Counter_Setup.$proc$rtl_rv32im_ahb_core/csr/Machine_Counter_Setup.v:42$368'.
Removing empty process `Machine_Counter_Setup.$proc$rtl_rv32im_ahb_core/csr/Machine_Counter_Setup.v:42$368'.
Found and cleaned up 1 empty switch in `\Data_Wr_Mux_Unit.$proc$rtl_rv32im_ahb_core/csr/Data_Wr_Mux_Unit.v:30$364'.
Removing empty process `Data_Wr_Mux_Unit.$proc$rtl_rv32im_ahb_core/csr/Data_Wr_Mux_Unit.v:30$364'.
Found and cleaned up 1 empty switch in `\CSR_Data_Mux_Unit.$proc$rtl_rv32im_ahb_core/csr/CSR_Data_Mux_Unit.v:71$363'.
Removing empty process `CSR_Data_Mux_Unit.$proc$rtl_rv32im_ahb_core/csr/CSR_Data_Mux_Unit.v:71$363'.
Found and cleaned up 1 empty switch in `\WB_Unit.$proc$rtl_rv32im_ahb_core/datapath_units/WB_Unit.v:46$362'.
Removing empty process `WB_Unit.$proc$rtl_rv32im_ahb_core/datapath_units/WB_Unit.v:46$362'.
Removing empty process `Register_File.$proc$rtl_rv32im_ahb_core/datapath_units/Register_File.v:42$349'.
Found and cleaned up 2 empty switches in `\Register_File.$proc$rtl_rv32im_ahb_core/datapath_units/Register_File.v:29$270'.
Removing empty process `Register_File.$proc$rtl_rv32im_ahb_core/datapath_units/Register_File.v:29$270'.
Found and cleaned up 2 empty switches in `\PC_Unit.$proc$rtl_rv32im_ahb_core/datapath_units/PC_Unit.v:172$232'.
Removing empty process `PC_Unit.$proc$rtl_rv32im_ahb_core/datapath_units/PC_Unit.v:172$232'.
Found and cleaned up 3 empty switches in `\PC_Unit.$proc$rtl_rv32im_ahb_core/datapath_units/PC_Unit.v:146$231'.
Removing empty process `PC_Unit.$proc$rtl_rv32im_ahb_core/datapath_units/PC_Unit.v:146$231'.
Found and cleaned up 1 empty switch in `\PC_Unit.$proc$rtl_rv32im_ahb_core/datapath_units/PC_Unit.v:116$230'.
Removing empty process `PC_Unit.$proc$rtl_rv32im_ahb_core/datapath_units/PC_Unit.v:116$230'.
Found and cleaned up 1 empty switch in `\Extend_Unit.$proc$rtl_rv32im_ahb_core/datapath_units/Extend_Unit.v:17$224'.
Removing empty process `Extend_Unit.$proc$rtl_rv32im_ahb_core/datapath_units/Extend_Unit.v:17$224'.
Found and cleaned up 1 empty switch in `\Branch_Predictor.$proc$rtl_rv32im_ahb_core/datapath_units/Branch_Predictor.v:21$223'.
Removing empty process `Branch_Predictor.$proc$rtl_rv32im_ahb_core/datapath_units/Branch_Predictor.v:21$223'.
Found and cleaned up 1 empty switch in `\ALU.$proc$rtl_rv32im_ahb_core/datapath_units/ALU.v:25$204'.
Removing empty process `ALU.$proc$rtl_rv32im_ahb_core/datapath_units/ALU.v:25$204'.
Found and cleaned up 12 empty switches in `\Machine_Control.$proc$rtl_rv32im_ahb_core/control/Machine_Control.v:298$197'.
Removing empty process `Machine_Control.$proc$rtl_rv32im_ahb_core/control/Machine_Control.v:298$197'.
Found and cleaned up 1 empty switch in `\Machine_Control.$proc$rtl_rv32im_ahb_core/control/Machine_Control.v:277$194'.
Removing empty process `Machine_Control.$proc$rtl_rv32im_ahb_core/control/Machine_Control.v:277$194'.
Found and cleaned up 1 empty switch in `\Machine_Control.$proc$rtl_rv32im_ahb_core/control/Machine_Control.v:266$193'.
Removing empty process `Machine_Control.$proc$rtl_rv32im_ahb_core/control/Machine_Control.v:266$193'.
Found and cleaned up 1 empty switch in `\Machine_Control.$proc$rtl_rv32im_ahb_core/control/Machine_Control.v:207$192'.
Removing empty process `Machine_Control.$proc$rtl_rv32im_ahb_core/control/Machine_Control.v:207$192'.
Found and cleaned up 3 empty switches in `\Machine_Control.$proc$rtl_rv32im_ahb_core/control/Machine_Control.v:183$191'.
Removing empty process `Machine_Control.$proc$rtl_rv32im_ahb_core/control/Machine_Control.v:183$191'.
Found and cleaned up 1 empty switch in `\Decoder.$proc$rtl_rv32im_ahb_core/control/Decoder.v:284$100'.
Removing empty process `Decoder.$proc$rtl_rv32im_ahb_core/control/Decoder.v:284$100'.
Found and cleaned up 7 empty switches in `\Decoder.$proc$rtl_rv32im_ahb_core/control/Decoder.v:64$84'.
Removing empty process `Decoder.$proc$rtl_rv32im_ahb_core/control/Decoder.v:64$84'.
Found and cleaned up 2 empty switches in `\Reg_M_W.$proc$rtl_rv32im_ahb_core/pipeline_registers/Reg_M_W.v:56$82'.
Removing empty process `Reg_M_W.$proc$rtl_rv32im_ahb_core/pipeline_registers/Reg_M_W.v:56$82'.
Found and cleaned up 2 empty switches in `\Reg_E_M.$proc$rtl_rv32im_ahb_core/pipeline_registers/Reg_E_M.v:72$80'.
Removing empty process `Reg_E_M.$proc$rtl_rv32im_ahb_core/pipeline_registers/Reg_E_M.v:72$80'.
Found and cleaned up 2 empty switches in `\Reg_D_E.$proc$rtl_rv32im_ahb_core/pipeline_registers/Reg_D_E.v:79$77'.
Removing empty process `Reg_D_E.$proc$rtl_rv32im_ahb_core/pipeline_registers/Reg_D_E.v:79$77'.
Found and cleaned up 2 empty switches in `\Reg_F_D.$proc$rtl_rv32im_ahb_core/pipeline_registers/Reg_F_D.v:21$75'.
Removing empty process `Reg_F_D.$proc$rtl_rv32im_ahb_core/pipeline_registers/Reg_F_D.v:21$75'.
Found and cleaned up 1 empty switch in `\Pip_RV32IM_AHB.$proc$rtl_rv32im_ahb_core/top/Pip_RV32IM_AHB.v:194$29'.
Removing empty process `Pip_RV32IM_AHB.$proc$rtl_rv32im_ahb_core/top/Pip_RV32IM_AHB.v:194$29'.
Found and cleaned up 3 empty switches in `\Pip_RV32IM_AHB.$proc$rtl_rv32im_ahb_core/top/Pip_RV32IM_AHB.v:185$26'.
Removing empty process `Pip_RV32IM_AHB.$proc$rtl_rv32im_ahb_core/top/Pip_RV32IM_AHB.v:185$26'.
Found and cleaned up 1 empty switch in `\Pip_RV32IM_AHB.$proc$rtl_rv32im_ahb_core/top/Pip_RV32IM_AHB.v:156$20'.
Removing empty process `Pip_RV32IM_AHB.$proc$rtl_rv32im_ahb_core/top/Pip_RV32IM_AHB.v:156$20'.
Cleaned up 109 empty switches.

yosys> opt_expr -keepdc

38.12. Executing OPT_EXPR pass (perform const folding).
Optimizing module Hazard_Unit.
<suppressed ~5 debug messages>
Optimizing module Mul32_Booth.
Optimizing module MDU.
<suppressed ~3 debug messages>
Optimizing module Div32_NonRestoring.
<suppressed ~4 debug messages>
Optimizing module Store_Unit.
<suppressed ~6 debug messages>
Optimizing module Load_Unit.
<suppressed ~3 debug messages>
Optimizing module MTVec_Reg.
Optimizing module MTVal_Reg.
Optimizing module MStatus_Reg.
Optimizing module MISA_PreData_Unit.
Optimizing module MIP_Reg.
Optimizing module MIE_Reg.
Optimizing module MEPC_MScratch_Reg.
Optimizing module MCause_Reg.
Optimizing module Machine_Counter.
<suppressed ~6 debug messages>
Optimizing module Machine_Counter_Setup.
Optimizing module Data_Wr_Mux_Unit.
<suppressed ~1 debug messages>
Optimizing module CSR_File.
Optimizing module CSR_Data_Mux_Unit.
Optimizing module WB_Unit.
Optimizing module Register_File.
<suppressed ~3 debug messages>
Optimizing module PC_Unit.
<suppressed ~1 debug messages>
Optimizing module Imm_Adder.
Optimizing module Extend_Unit.
Optimizing module Branch_Predictor.
Optimizing module ALU.
<suppressed ~1 debug messages>
Optimizing module WrEn_Generator.
Optimizing module Machine_Control.
Optimizing module Instr_Decoder.
Optimizing module Decoder.
<suppressed ~3 debug messages>
Optimizing module Reg_M_W.
<suppressed ~15 debug messages>
Optimizing module Reg_E_M.
<suppressed ~20 debug messages>
Optimizing module Reg_D_E.
<suppressed ~20 debug messages>
Optimizing module Reg_F_D.
Optimizing module Pip_RV32IM_AHB.
<suppressed ~1 debug messages>

yosys> flatten

39. Executing FLATTEN pass (flatten design).
Deleting now unused module Hazard_Unit.
Deleting now unused module Mul32_Booth.
Deleting now unused module MDU.
Deleting now unused module Div32_NonRestoring.
Deleting now unused module Store_Unit.
Deleting now unused module Load_Unit.
Deleting now unused module MTVec_Reg.
Deleting now unused module MTVal_Reg.
Deleting now unused module MStatus_Reg.
Deleting now unused module MISA_PreData_Unit.
Deleting now unused module MIP_Reg.
Deleting now unused module MIE_Reg.
Deleting now unused module MEPC_MScratch_Reg.
Deleting now unused module MCause_Reg.
Deleting now unused module Machine_Counter.
Deleting now unused module Machine_Counter_Setup.
Deleting now unused module Data_Wr_Mux_Unit.
Deleting now unused module CSR_File.
Deleting now unused module CSR_Data_Mux_Unit.
Deleting now unused module WB_Unit.
Deleting now unused module Register_File.
Deleting now unused module PC_Unit.
Deleting now unused module Imm_Adder.
Deleting now unused module Extend_Unit.
Deleting now unused module Branch_Predictor.
Deleting now unused module ALU.
Deleting now unused module WrEn_Generator.
Deleting now unused module Machine_Control.
Deleting now unused module Instr_Decoder.
Deleting now unused module Decoder.
Deleting now unused module Reg_M_W.
Deleting now unused module Reg_E_M.
Deleting now unused module Reg_D_E.
Deleting now unused module Reg_F_D.
<suppressed ~34 debug messages>

yosys> opt -fast

40. Executing OPT pass (performing simple optimizations).

yosys> opt_expr

40.1. Executing OPT_EXPR pass (perform const folding).
Optimizing module Pip_RV32IM_AHB.
<suppressed ~4 debug messages>

yosys> opt_merge

40.2. Executing OPT_MERGE pass (detect identical cells).
Finding identical cells in module `\Pip_RV32IM_AHB'.
Computing hashes of 1236 cells of `\Pip_RV32IM_AHB'.
Finding duplicate cells in `\Pip_RV32IM_AHB'.
Computing hashes of 1042 cells of `\Pip_RV32IM_AHB'.
Finding duplicate cells in `\Pip_RV32IM_AHB'.
Computing hashes of 1002 cells of `\Pip_RV32IM_AHB'.
Finding duplicate cells in `\Pip_RV32IM_AHB'.
Computing hashes of 999 cells of `\Pip_RV32IM_AHB'.
Finding duplicate cells in `\Pip_RV32IM_AHB'.
Computing hashes of 997 cells of `\Pip_RV32IM_AHB'.
Finding duplicate cells in `\Pip_RV32IM_AHB'.
Computing hashes of 996 cells of `\Pip_RV32IM_AHB'.
Finding duplicate cells in `\Pip_RV32IM_AHB'.
<suppressed ~720 debug messages>
Removed a total of 240 cells.

yosys> opt_dff

40.3. Executing OPT_DFF pass (perform DFF optimizations).
Adding SRST signal on $flatten\reg_m_w.$procdff$2115 ($dff) from module Pip_RV32IM_AHB (D = $flatten\reg_m_w.$procmux$1775_Y, Q = \reg_m_w.CSR_Addr_Out, rval = 12'000000000000).
Adding EN signal on $auto$ff.cc:337:slice$2242 ($sdff) from module Pip_RV32IM_AHB (D = \reg_m_w.CSR_Addr_In, Q = \reg_m_w.CSR_Addr_Out).
Adding SRST signal on $procdff$2172 ($dff) from module Pip_RV32IM_AHB (D = $procmux$2020_Y, Q = \MDU_Started_r, rval = 1'0).
Adding EN signal on $auto$ff.cc:337:slice$2244 ($sdff) from module Pip_RV32IM_AHB (D = $procmux$2020_Y, Q = \MDU_Started_r).
Adding SRST signal on $procdff$2173 ($dff) from module Pip_RV32IM_AHB (D = $eq$rtl_rv32im_ahb_core/top/Pip_RV32IM_AHB.v:160$21_Y, Q = \Load_In_M_d, rval = 1'0).
Adding SRST signal on $flatten\pc_unit.$procdff$2107 ($dff) from module Pip_RV32IM_AHB (D = $flatten\pc_unit.$procmux$1114_Y, Q = \pc_unit.IAddr_Reg, rval = 0).
Adding EN signal on $auto$ff.cc:337:slice$2249 ($sdff) from module Pip_RV32IM_AHB (D = \pc_unit.PC_Mux_Out, Q = \pc_unit.IAddr_Reg).
Adding SRST signal on $flatten\pc_unit.$procdff$2106 ($dff) from module Pip_RV32IM_AHB (D = $flatten\pc_unit.$procmux$1106_Y, Q = \pc_unit.PC_Out, rval = 0).
Adding EN signal on $auto$ff.cc:337:slice$2255 ($sdff) from module Pip_RV32IM_AHB (D = \pc_unit.PC_Mux_Out, Q = \pc_unit.PC_Out).
Adding SRST signal on $flatten\reg_f_d.$procdff$2169 ($dff) from module Pip_RV32IM_AHB (D = $flatten\reg_f_d.$procmux$2008_Y, Q = \reg_f_d.Instr_Out, rval = 19).
Adding EN signal on $auto$ff.cc:337:slice$2257 ($sdff) from module Pip_RV32IM_AHB (D = \reg_f_d.Instr_In, Q = \reg_f_d.Instr_Out).
Adding SRST signal on $flatten\reg_f_d.$procdff$2168 ($dff) from module Pip_RV32IM_AHB (D = $flatten\reg_f_d.$procmux$1996_Y, Q = \reg_f_d.PC_Plus4_Out, rval = 0).
Adding EN signal on $auto$ff.cc:337:slice$2259 ($sdff) from module Pip_RV32IM_AHB (D = \reg_f_d.PC_Plus4_In, Q = \reg_f_d.PC_Plus4_Out).
Adding SRST signal on $flatten\reg_f_d.$procdff$2167 ($dff) from module Pip_RV32IM_AHB (D = $flatten\reg_f_d.$procmux$2002_Y, Q = \reg_f_d.PC_Out, rval = 0).
Adding EN signal on $auto$ff.cc:337:slice$2261 ($sdff) from module Pip_RV32IM_AHB (D = \reg_f_d.PC_In, Q = \reg_f_d.PC_Out).
Adding SRST signal on $flatten\csr_file.\machine_counter.$procdff$2060 ($dff) from module Pip_RV32IM_AHB (D = $flatten\csr_file.\machine_counter.$procmux$920_Y, Q = \csr_file.machine_counter.MCycle_Out, rval = 64'0000000000000000000000000000000000000000000000000000000000000000).
Adding EN signal on $auto$ff.cc:337:slice$2263 ($sdff) from module Pip_RV32IM_AHB (D = $flatten\csr_file.\machine_counter.$procmux$920_Y [31:0], Q = \csr_file.machine_counter.MCycle_Out [31:0]).
Adding EN signal on $auto$ff.cc:337:slice$2263 ($sdff) from module Pip_RV32IM_AHB (D = $flatten\csr_file.\machine_counter.$procmux$920_Y [63:32], Q = \csr_file.machine_counter.MCycle_Out [63:32]).
Adding SRST signal on $flatten\csr_file.\machine_counter.$procdff$2061 ($dff) from module Pip_RV32IM_AHB (D = $flatten\csr_file.\machine_counter.$procmux$903_Y, Q = \csr_file.machine_counter.MInstret_Out, rval = 64'0000000000000000000000000000000000000000000000000000000000000000).
Adding EN signal on $auto$ff.cc:337:slice$2274 ($sdff) from module Pip_RV32IM_AHB (D = $flatten\csr_file.\machine_counter.$procmux$903_Y [31:0], Q = \csr_file.machine_counter.MInstret_Out [31:0]).
Adding EN signal on $auto$ff.cc:337:slice$2274 ($sdff) from module Pip_RV32IM_AHB (D = $flatten\csr_file.\machine_counter.$procmux$903_Y [63:32], Q = \csr_file.machine_counter.MInstret_Out [63:32]).
Adding SRST signal on $flatten\csr_file.\machine_counter.$procdff$2062 ($dff) from module Pip_RV32IM_AHB (D = \csr_file.machine_counter.RTC_In, Q = \csr_file.machine_counter.MTime_Out, rval = 64'0000000000000000000000000000000000000000000000000000000000000000).
Adding SRST signal on $flatten\csr_file.\machine_counter_setup.$procdff$2063 ($dff) from module Pip_RV32IM_AHB (D = $flatten\csr_file.\machine_counter_setup.$procmux$930_Y, Q = \csr_file.machine_counter_setup.MCountInhibit_CY_Out, rval = 1'0).
Adding EN signal on $auto$ff.cc:337:slice$2286 ($sdff) from module Pip_RV32IM_AHB (D = \csr_file.machine_counter_setup.Data_Wr_2_In, Q = \csr_file.machine_counter_setup.MCountInhibit_CY_Out).
Adding SRST signal on $flatten\csr_file.\machine_counter_setup.$procdff$2064 ($dff) from module Pip_RV32IM_AHB (D = $flatten\csr_file.\machine_counter_setup.$procmux$925_Y, Q = \csr_file.machine_counter_setup.MCountInhibit_IR_Out, rval = 1'0).
Adding EN signal on $auto$ff.cc:337:slice$2288 ($sdff) from module Pip_RV32IM_AHB (D = \csr_file.machine_counter_setup.Data_Wr_0_In, Q = \csr_file.machine_counter_setup.MCountInhibit_IR_Out).
Adding SRST signal on $flatten\csr_file.\mtval_reg.$procdff$2046 ($dff) from module Pip_RV32IM_AHB (D = $flatten\csr_file.\mtval_reg.$procmux$800_Y, Q = \csr_file.mtval_reg.MTVal_Out, rval = 0).
Adding EN signal on $auto$ff.cc:337:slice$2290 ($sdff) from module Pip_RV32IM_AHB (D = $flatten\csr_file.\mtval_reg.$procmux$800_Y, Q = \csr_file.mtval_reg.MTVal_Out).
Adding SRST signal on $flatten\csr_file.\mcause_reg.$procdff$2057 ($dff) from module Pip_RV32IM_AHB (D = $flatten\csr_file.\mcause_reg.$procmux$883_Y, Q = \csr_file.mcause_reg.Cause_Out, rval = 4'0000).
Adding EN signal on $auto$ff.cc:337:slice$2294 ($sdff) from module Pip_RV32IM_AHB (D = $flatten\csr_file.\mcause_reg.$procmux$883_Y, Q = \csr_file.mcause_reg.Cause_Out).
Adding SRST signal on $flatten\csr_file.\mcause_reg.$procdff$2058 ($dff) from module Pip_RV32IM_AHB (D = $flatten\csr_file.\mcause_reg.$procmux$875_Y, Q = \csr_file.mcause_reg.Int_Or_Exc_Out, rval = 1'0).
Adding EN signal on $auto$ff.cc:337:slice$2298 ($sdff) from module Pip_RV32IM_AHB (D = $flatten\csr_file.\mcause_reg.$procmux$875_Y, Q = \csr_file.mcause_reg.Int_Or_Exc_Out).
Adding SRST signal on $flatten\csr_file.\mcause_reg.$procdff$2059 ($dff) from module Pip_RV32IM_AHB (D = $flatten\csr_file.\mcause_reg.$procmux$864_Y, Q = \csr_file.mcause_reg.Cause_Rem, rval = 27'000000000000000000000000000).
Adding EN signal on $auto$ff.cc:337:slice$2302 ($sdff) from module Pip_RV32IM_AHB (D = \csr_file.mcause_reg.Data_Wr_In [30:4], Q = \csr_file.mcause_reg.Cause_Rem).
Adding SRST signal on $flatten\csr_file.\mepc_mscratch_reg.$procdff$2055 ($dff) from module Pip_RV32IM_AHB (D = $flatten\csr_file.\mepc_mscratch_reg.$procmux$854_Y, Q = \csr_file.mepc_mscratch_reg.MEPC_Out, rval = 0).
Adding EN signal on $auto$ff.cc:337:slice$2306 ($sdff) from module Pip_RV32IM_AHB (D = $flatten\csr_file.\mepc_mscratch_reg.$procmux$854_Y, Q = \csr_file.mepc_mscratch_reg.MEPC_Out).
Adding SRST signal on $flatten\reg_m_w.$procdff$2114 ($dff) from module Pip_RV32IM_AHB (D = $flatten\reg_m_w.$procmux$1780_Y, Q = \reg_m_w.Des_Addr_Out, rval = 5'00000).
Adding EN signal on $auto$ff.cc:337:slice$2310 ($sdff) from module Pip_RV32IM_AHB (D = \reg_m_w.Des_Addr_In, Q = \reg_m_w.Des_Addr_Out).
Adding SRST signal on $flatten\csr_file.\mepc_mscratch_reg.$procdff$2056 ($dff) from module Pip_RV32IM_AHB (D = $flatten\csr_file.\mepc_mscratch_reg.$procmux$859_Y, Q = \csr_file.mepc_mscratch_reg.MScratch_Out, rval = 0).
Adding EN signal on $auto$ff.cc:337:slice$2312 ($sdff) from module Pip_RV32IM_AHB (D = \csr_file.mepc_mscratch_reg.Data_Wr_In, Q = \csr_file.mepc_mscratch_reg.MScratch_Out).
Adding SRST signal on $flatten\reg_m_w.$procdff$2113 ($dff) from module Pip_RV32IM_AHB (D = $flatten\reg_m_w.$procmux$1785_Y, Q = \reg_m_w.PC_Plus4_Out, rval = 0).
Adding EN signal on $auto$ff.cc:337:slice$2314 ($sdff) from module Pip_RV32IM_AHB (D = \reg_m_w.PC_Plus4_In, Q = \reg_m_w.PC_Plus4_Out).
Adding SRST signal on $flatten\csr_file.\mtvec_reg.$procdff$2044 ($dff) from module Pip_RV32IM_AHB (D = $flatten\csr_file.\mtvec_reg.$procmux$789_Y, Q = \csr_file.mtvec_reg.BASE, rval = 30'000000000000000000000000000000).
Adding EN signal on $auto$ff.cc:337:slice$2316 ($sdff) from module Pip_RV32IM_AHB (D = \csr_file.mtvec_reg.Data_Wr_In [31:2], Q = \csr_file.mtvec_reg.BASE).
Adding SRST signal on $flatten\csr_file.\mtvec_reg.$procdff$2045 ($dff) from module Pip_RV32IM_AHB (D = $flatten\csr_file.\mtvec_reg.$procmux$784_Y, Q = \csr_file.mtvec_reg.MODE, rval = 2'00).
Adding EN signal on $auto$ff.cc:337:slice$2318 ($sdff) from module Pip_RV32IM_AHB (D = \csr_file.mtvec_reg.Data_Wr_In [1:0], Q = \csr_file.mtvec_reg.MODE).
Adding SRST signal on $flatten\reg_m_w.$procdff$2112 ($dff) from module Pip_RV32IM_AHB (D = $flatten\reg_m_w.$procmux$1790_Y, Q = \reg_m_w.CSR_Data_Out, rval = 0).
Adding EN signal on $auto$ff.cc:337:slice$2320 ($sdff) from module Pip_RV32IM_AHB (D = \reg_m_w.CSR_Data_In, Q = \reg_m_w.CSR_Data_Out).
Adding SRST signal on $flatten\csr_file.\mip_reg.$procdff$2049 ($dff) from module Pip_RV32IM_AHB (D = \csr_file.mip_reg.EIrq_In, Q = \csr_file.mip_reg.MEIP, rval = 1'0).
Adding SRST signal on $flatten\csr_file.\mip_reg.$procdff$2050 ($dff) from module Pip_RV32IM_AHB (D = \csr_file.mip_reg.TIrq_In, Q = \csr_file.mip_reg.MTIP, rval = 1'0).
Adding SRST signal on $flatten\csr_file.\mip_reg.$procdff$2051 ($dff) from module Pip_RV32IM_AHB (D = \csr_file.mip_reg.SIrq_In, Q = \csr_file.mip_reg.MSIP, rval = 1'0).
Adding SRST signal on $flatten\reg_m_w.$procdff$2121 ($dff) from module Pip_RV32IM_AHB (D = $flatten\reg_m_w.$procmux$1745_Y, Q = \reg_m_w.ALU_Result_Out, rval = 0).
Adding EN signal on $auto$ff.cc:337:slice$2325 ($sdff) from module Pip_RV32IM_AHB (D = \reg_m_w.ALU_Result_In, Q = \reg_m_w.ALU_Result_Out).
Adding SRST signal on $flatten\reg_m_w.$procdff$2120 ($dff) from module Pip_RV32IM_AHB (D = $flatten\reg_m_w.$procmux$1750_Y, Q = \reg_m_w.Imm_Ext_Out, rval = 0).
Adding EN signal on $auto$ff.cc:337:slice$2327 ($sdff) from module Pip_RV32IM_AHB (D = \reg_m_w.Imm_Ext_In, Q = \reg_m_w.Imm_Ext_Out).
Adding SRST signal on $flatten\reg_m_w.$procdff$2118 ($dff) from module Pip_RV32IM_AHB (D = $flatten\reg_m_w.$procmux$1760_Y, Q = \reg_m_w.CSR_WrEn_Out, rval = 1'0).
Adding EN signal on $auto$ff.cc:337:slice$2329 ($sdff) from module Pip_RV32IM_AHB (D = \reg_m_w.CSR_WrEn_In, Q = \reg_m_w.CSR_WrEn_Out).
Adding SRST signal on $flatten\csr_file.\mie_reg.$procdff$2052 ($dff) from module Pip_RV32IM_AHB (D = $flatten\csr_file.\mie_reg.$procmux$846_Y, Q = \csr_file.mie_reg.MEIE, rval = 1'0).
Adding EN signal on $auto$ff.cc:337:slice$2331 ($sdff) from module Pip_RV32IM_AHB (D = \csr_file.mie_reg.Data_Wr_11_In, Q = \csr_file.mie_reg.MEIE).
Adding SRST signal on $flatten\csr_file.\mie_reg.$procdff$2053 ($dff) from module Pip_RV32IM_AHB (D = $flatten\csr_file.\mie_reg.$procmux$841_Y, Q = \csr_file.mie_reg.MTIE, rval = 1'0).
Adding EN signal on $auto$ff.cc:337:slice$2333 ($sdff) from module Pip_RV32IM_AHB (D = \csr_file.mie_reg.Data_Wr_7_In, Q = \csr_file.mie_reg.MTIE).
Adding SRST signal on $flatten\reg_m_w.$procdff$2119 ($dff) from module Pip_RV32IM_AHB (D = $flatten\reg_m_w.$procmux$1755_Y, Q = \reg_m_w.CSR_Op_Out, rval = 3'000).
Adding EN signal on $auto$ff.cc:337:slice$2335 ($sdff) from module Pip_RV32IM_AHB (D = \reg_m_w.CSR_Op_In, Q = \reg_m_w.CSR_Op_Out).
Adding EN signal on $flatten\reg_file.$procdff$2069 ($dff) from module Pip_RV32IM_AHB (D = 32, Q = \reg_file.i).
Adding SRST signal on $flatten\reg_m_w.$procdff$2117 ($dff) from module Pip_RV32IM_AHB (D = $flatten\reg_m_w.$procmux$1765_Y, Q = \reg_m_w.Result_Src_Out, rval = 3'000).
Adding EN signal on $auto$ff.cc:337:slice$2338 ($sdff) from module Pip_RV32IM_AHB (D = \reg_m_w.Result_Src_In, Q = \reg_m_w.Result_Src_Out).
Adding SRST signal on $flatten\csr_file.\mie_reg.$procdff$2054 ($dff) from module Pip_RV32IM_AHB (D = $flatten\csr_file.\mie_reg.$procmux$836_Y, Q = \csr_file.mie_reg.MSIE, rval = 1'0).
Adding EN signal on $auto$ff.cc:337:slice$2340 ($sdff) from module Pip_RV32IM_AHB (D = \csr_file.mie_reg.Data_Wr_3_In, Q = \csr_file.mie_reg.MSIE).
Adding SRST signal on $flatten\csr_file.\mstatus_reg.$procdff$2047 ($dff) from module Pip_RV32IM_AHB (D = $flatten\csr_file.\mstatus_reg.$procmux$822_Y, Q = \csr_file.mstatus_reg.MIE_Out, rval = 1'0).
Adding EN signal on $auto$ff.cc:337:slice$2342 ($sdff) from module Pip_RV32IM_AHB (D = $flatten\csr_file.\mstatus_reg.$procmux$822_Y, Q = \csr_file.mstatus_reg.MIE_Out).
Adding SRST signal on $flatten\csr_file.\mstatus_reg.$procdff$2048 ($dff) from module Pip_RV32IM_AHB (D = $flatten\csr_file.\mstatus_reg.$procmux$811_Y, Q = \csr_file.mstatus_reg.MPIE, rval = 1'1).
Adding EN signal on $auto$ff.cc:337:slice$2346 ($sdff) from module Pip_RV32IM_AHB (D = $flatten\csr_file.\mstatus_reg.$procmux$811_Y, Q = \csr_file.mstatus_reg.MPIE).
Adding SRST signal on $flatten\reg_d_e.$procdff$2166 ($dff) from module Pip_RV32IM_AHB (D = $flatten\reg_d_e.$procmux$1895_Y, Q = \reg_d_e.Imm_Ext_Out, rval = 0).
Adding EN signal on $auto$ff.cc:337:slice$2350 ($sdff) from module Pip_RV32IM_AHB (D = \reg_d_e.Imm_Ext_In, Q = \reg_d_e.Imm_Ext_Out).
Adding SRST signal on $flatten\reg_d_e.$procdff$2165 ($dff) from module Pip_RV32IM_AHB (D = $flatten\reg_d_e.$procmux$1900_Y, Q = \reg_d_e.MDU_Op_Out, rval = 3'000).
Adding EN signal on $auto$ff.cc:337:slice$2352 ($sdff) from module Pip_RV32IM_AHB (D = \reg_d_e.MDU_Op_In, Q = \reg_d_e.MDU_Op_Out).
Adding SRST signal on $flatten\reg_d_e.$procdff$2164 ($dff) from module Pip_RV32IM_AHB (D = $flatten\reg_d_e.$procmux$1905_Y, Q = \reg_d_e.Is_Mext_Out, rval = 1'0).
Adding EN signal on $auto$ff.cc:337:slice$2354 ($sdff) from module Pip_RV32IM_AHB (D = \reg_d_e.Is_Mext_In, Q = \reg_d_e.Is_Mext_Out).
Adding SRST signal on $flatten\reg_d_e.$procdff$2163 ($dff) from module Pip_RV32IM_AHB (D = $flatten\reg_d_e.$procmux$1910_Y, Q = \reg_d_e.CSR_Op_Out, rval = 3'000).
Adding EN signal on $auto$ff.cc:337:slice$2356 ($sdff) from module Pip_RV32IM_AHB (D = \reg_d_e.CSR_Op_In, Q = \reg_d_e.CSR_Op_Out).
Adding SRST signal on $flatten\reg_d_e.$procdff$2162 ($dff) from module Pip_RV32IM_AHB (D = $flatten\reg_d_e.$procmux$1915_Y, Q = \reg_d_e.CSR_WrEn_Out, rval = 1'0).
Adding EN signal on $auto$ff.cc:337:slice$2358 ($sdff) from module Pip_RV32IM_AHB (D = \reg_d_e.CSR_WrEn_In, Q = \reg_d_e.CSR_WrEn_Out).
Adding SRST signal on $flatten\reg_d_e.$procdff$2161 ($dff) from module Pip_RV32IM_AHB (D = $flatten\reg_d_e.$procmux$1920_Y, Q = \reg_d_e.Result_Src_Out, rval = 3'000).
Adding EN signal on $auto$ff.cc:337:slice$2360 ($sdff) from module Pip_RV32IM_AHB (D = \reg_d_e.Result_Src_In, Q = \reg_d_e.Result_Src_Out).
Adding SRST signal on $flatten\reg_d_e.$procdff$2160 ($dff) from module Pip_RV32IM_AHB (D = $flatten\reg_d_e.$procmux$1925_Y, Q = \reg_d_e.Load_Size_Out, rval = 2'00).
Adding EN signal on $auto$ff.cc:337:slice$2362 ($sdff) from module Pip_RV32IM_AHB (D = \reg_d_e.Load_Size_In, Q = \reg_d_e.Load_Size_Out).
Adding SRST signal on $flatten\reg_d_e.$procdff$2159 ($dff) from module Pip_RV32IM_AHB (D = $flatten\reg_d_e.$procmux$1930_Y, Q = \reg_d_e.Load_Unsigned_Out, rval = 1'0).
Adding EN signal on $auto$ff.cc:337:slice$2364 ($sdff) from module Pip_RV32IM_AHB (D = \reg_d_e.Load_Unsigned_In, Q = \reg_d_e.Load_Unsigned_Out).
Adding SRST signal on $flatten\reg_d_e.$procdff$2158 ($dff) from module Pip_RV32IM_AHB (D = $flatten\reg_d_e.$procmux$1935_Y, Q = \reg_d_e.Branch_Cond_Out, rval = 8'00000000).
Adding EN signal on $auto$ff.cc:337:slice$2366 ($sdff) from module Pip_RV32IM_AHB (D = \reg_d_e.Branch_Cond_In, Q = \reg_d_e.Branch_Cond_Out).
Adding SRST signal on $flatten\reg_d_e.$procdff$2157 ($dff) from module Pip_RV32IM_AHB (D = $flatten\reg_d_e.$procmux$1940_Y, Q = \reg_d_e.ALU_Control_Out, rval = 4'0000).
Adding EN signal on $auto$ff.cc:337:slice$2368 ($sdff) from module Pip_RV32IM_AHB (D = \reg_d_e.ALU_Control_In, Q = \reg_d_e.ALU_Control_Out).
Adding SRST signal on $flatten\reg_d_e.$procdff$2156 ($dff) from module Pip_RV32IM_AHB (D = $flatten\reg_d_e.$procmux$1945_Y, Q = \reg_d_e.ALU_Src_Out, rval = 1'0).
Adding EN signal on $auto$ff.cc:337:slice$2370 ($sdff) from module Pip_RV32IM_AHB (D = \reg_d_e.ALU_Src_In, Q = \reg_d_e.ALU_Src_Out).
Adding SRST signal on $flatten\reg_d_e.$procdff$2155 ($dff) from module Pip_RV32IM_AHB (D = $flatten\reg_d_e.$procmux$1950_Y, Q = \reg_d_e.Iadder_Src_Out, rval = 1'0).
Adding EN signal on $auto$ff.cc:337:slice$2372 ($sdff) from module Pip_RV32IM_AHB (D = \reg_d_e.Iadder_Src_In, Q = \reg_d_e.Iadder_Src_Out).
Adding SRST signal on $flatten\reg_d_e.$procdff$2154 ($dff) from module Pip_RV32IM_AHB (D = $flatten\reg_d_e.$procmux$1955_Y, Q = \reg_d_e.Reg_WrEn_Out, rval = 1'0).
Adding EN signal on $auto$ff.cc:337:slice$2374 ($sdff) from module Pip_RV32IM_AHB (D = \reg_d_e.Reg_WrEn_In, Q = \reg_d_e.Reg_WrEn_Out).
Adding SRST signal on $flatten\reg_d_e.$procdff$2153 ($dff) from module Pip_RV32IM_AHB (D = $flatten\reg_d_e.$procmux$1960_Y, Q = \reg_d_e.Des_Addr_Out, rval = 5'00000).
Adding EN signal on $auto$ff.cc:337:slice$2376 ($sdff) from module Pip_RV32IM_AHB (D = \reg_d_e.Des_Addr_In, Q = \reg_d_e.Des_Addr_Out).
Adding SRST signal on $flatten\reg_d_e.$procdff$2152 ($dff) from module Pip_RV32IM_AHB (D = $flatten\reg_d_e.$procmux$1965_Y, Q = \reg_d_e.Src_Addr2_Out, rval = 5'00000).
Adding EN signal on $auto$ff.cc:337:slice$2378 ($sdff) from module Pip_RV32IM_AHB (D = \reg_d_e.Src_Addr2_In, Q = \reg_d_e.Src_Addr2_Out).
Adding SRST signal on $flatten\reg_d_e.$procdff$2151 ($dff) from module Pip_RV32IM_AHB (D = $flatten\reg_d_e.$procmux$1970_Y, Q = \reg_d_e.Src_Addr1_Out, rval = 5'00000).
Adding EN signal on $auto$ff.cc:337:slice$2380 ($sdff) from module Pip_RV32IM_AHB (D = \reg_d_e.Src_Addr1_In, Q = \reg_d_e.Src_Addr1_Out).
Adding SRST signal on $flatten\reg_d_e.$procdff$2150 ($dff) from module Pip_RV32IM_AHB (D = $flatten\reg_d_e.$procmux$1975_Y, Q = \reg_d_e.Func3_Out, rval = 2'00).
Adding EN signal on $auto$ff.cc:337:slice$2382 ($sdff) from module Pip_RV32IM_AHB (D = \reg_d_e.Func3_In, Q = \reg_d_e.Func3_Out).
Adding SRST signal on $flatten\reg_d_e.$procdff$2149 ($dff) from module Pip_RV32IM_AHB (D = $flatten\reg_d_e.$procmux$1980_Y, Q = \reg_d_e.PC_Plus4_Out, rval = 0).
Adding EN signal on $auto$ff.cc:337:slice$2384 ($sdff) from module Pip_RV32IM_AHB (D = \reg_d_e.PC_Plus4_In, Q = \reg_d_e.PC_Plus4_Out).
Adding SRST signal on $flatten\reg_d_e.$procdff$2148 ($dff) from module Pip_RV32IM_AHB (D = $flatten\reg_d_e.$procmux$1985_Y, Q = \reg_d_e.PC_Out, rval = 0).
Adding EN signal on $auto$ff.cc:337:slice$2386 ($sdff) from module Pip_RV32IM_AHB (D = \reg_d_e.PC_In, Q = \reg_d_e.PC_Out).
Adding SRST signal on $flatten\reg_d_e.$procdff$2147 ($dff) from module Pip_RV32IM_AHB (D = $flatten\reg_d_e.$procmux$1990_Y, Q = \reg_d_e.DM_WrEn_Out, rval = 1'0).
Adding EN signal on $auto$ff.cc:337:slice$2388 ($sdff) from module Pip_RV32IM_AHB (D = \reg_d_e.DM_WrEn_In, Q = \reg_d_e.DM_WrEn_Out).
Adding SRST signal on $flatten\u_mdu.\u_div.$procdff$2043 ($dff) from module Pip_RV32IM_AHB (D = $flatten\u_mdu.\u_div.$procmux$562_Y, Q = \u_mdu.u_div.R_final_r, rval = 0).
Adding EN signal on $auto$ff.cc:337:slice$2390 ($sdff) from module Pip_RV32IM_AHB (D = $flatten\u_mdu.\u_div.$ternary$rtl_rv32im_ahb_core/multiply/Div32_NonRestoring.v:84$453_Y [31:0], Q = \u_mdu.u_div.R_final_r).
Adding SRST signal on $flatten\u_mdu.\u_div.$procdff$2031 ($dff) from module Pip_RV32IM_AHB (D = $flatten\u_mdu.\u_div.$procmux$736_Y, Q = \u_mdu.u_div.Result_Out, rval = 0).
Adding EN signal on $auto$ff.cc:337:slice$2396 ($sdff) from module Pip_RV32IM_AHB (D = $flatten\u_mdu.\u_div.$procmux$736_Y, Q = \u_mdu.u_div.Result_Out).
Adding SRST signal on $flatten\u_mdu.\u_div.$procdff$2032 ($dff) from module Pip_RV32IM_AHB (D = $flatten\u_mdu.\u_div.$procmux$719_Y, Q = \u_mdu.u_div.Ready_Out, rval = 1'1).
Adding EN signal on $auto$ff.cc:337:slice$2406 ($sdff) from module Pip_RV32IM_AHB (D = $flatten\u_mdu.\u_div.$procmux$719_Y, Q = \u_mdu.u_div.Ready_Out).
Adding SRST signal on $flatten\u_mdu.\u_div.$procdff$2033 ($dff) from module Pip_RV32IM_AHB (D = $flatten\u_mdu.\u_div.$procmux$700_Y, Q = \u_mdu.u_div.Divisor_r, rval = 0).
Adding EN signal on $auto$ff.cc:337:slice$2414 ($sdff) from module Pip_RV32IM_AHB (D = $flatten\u_mdu.\u_div.$ternary$rtl_rv32im_ahb_core/multiply/Div32_NonRestoring.v:54$449_Y, Q = \u_mdu.u_div.Divisor_r).
Adding SRST signal on $flatten\u_mdu.\u_div.$procdff$2034 ($dff) from module Pip_RV32IM_AHB (D = $flatten\u_mdu.\u_div.$procmux$688_Y, Q = \u_mdu.u_div.Quotient_r, rval = 0).
Adding EN signal on $auto$ff.cc:337:slice$2422 ($sdff) from module Pip_RV32IM_AHB (D = $flatten\u_mdu.\u_div.$procmux$688_Y, Q = \u_mdu.u_div.Quotient_r).
Adding SRST signal on $flatten\u_mdu.\u_div.$procdff$2035 ($dff) from module Pip_RV32IM_AHB (D = $flatten\u_mdu.\u_div.$procmux$673_Y, Q = \u_mdu.u_div.Remainder_r, rval = 33'000000000000000000000000000000000).
Adding EN signal on $auto$ff.cc:337:slice$2432 ($sdff) from module Pip_RV32IM_AHB (D = $flatten\u_mdu.\u_div.$procmux$673_Y, Q = \u_mdu.u_div.Remainder_r).
Adding SRST signal on $flatten\u_mdu.\u_div.$procdff$2036 ($dff) from module Pip_RV32IM_AHB (D = $flatten\u_mdu.\u_div.$procmux$658_Y, Q = \u_mdu.u_div.Count_r, rval = 6'000000).
Adding EN signal on $auto$ff.cc:337:slice$2442 ($sdff) from module Pip_RV32IM_AHB (D = $flatten\u_mdu.\u_div.$procmux$658_Y, Q = \u_mdu.u_div.Count_r).
Adding SRST signal on $flatten\u_mdu.\u_div.$procdff$2037 ($dff) from module Pip_RV32IM_AHB (D = $flatten\u_mdu.\u_div.$procmux$643_Y, Q = \u_mdu.u_div.Running_r, rval = 1'0).
Adding EN signal on $auto$ff.cc:337:slice$2452 ($sdff) from module Pip_RV32IM_AHB (D = $flatten\u_mdu.\u_div.$procmux$643_Y, Q = \u_mdu.u_div.Running_r).
Adding SRST signal on $flatten\u_mdu.\u_div.$procdff$2038 ($dff) from module Pip_RV32IM_AHB (D = $flatten\u_mdu.\u_div.$procmux$619_Y, Q = \u_mdu.u_div.Finalize_r, rval = 1'0).
Adding EN signal on $auto$ff.cc:337:slice$2460 ($sdff) from module Pip_RV32IM_AHB (D = $flatten\u_mdu.\u_div.$procmux$619_Y, Q = \u_mdu.u_div.Finalize_r).
Adding SRST signal on $flatten\u_mdu.\u_div.$procdff$2039 ($dff) from module Pip_RV32IM_AHB (D = $flatten\u_mdu.\u_div.$procmux$609_Y, Q = \u_mdu.u_div.Q_neg_r, rval = 1'0).
Adding EN signal on $auto$ff.cc:337:slice$2470 ($sdff) from module Pip_RV32IM_AHB (D = $flatten\u_mdu.\u_div.$xor$rtl_rv32im_ahb_core/multiply/Div32_NonRestoring.v:55$450_Y, Q = \u_mdu.u_div.Q_neg_r).
Adding SRST signal on $flatten\u_mdu.\u_div.$procdff$2040 ($dff) from module Pip_RV32IM_AHB (D = $flatten\u_mdu.\u_div.$procmux$597_Y, Q = \u_mdu.u_div.R_neg_r, rval = 1'0).
Adding EN signal on $auto$ff.cc:337:slice$2478 ($sdff) from module Pip_RV32IM_AHB (D = $flatten\u_mdu.\u_div.$and$rtl_rv32im_ahb_core/multiply/Div32_NonRestoring.v:51$442_Y, Q = \u_mdu.u_div.R_neg_r).
Adding SRST signal on $flatten\u_mdu.\u_div.$procdff$2041 ($dff) from module Pip_RV32IM_AHB (D = $flatten\u_mdu.\u_div.$procmux$585_Y, Q = \u_mdu.u_div.Is_Div_r, rval = 1'0).
Adding EN signal on $auto$ff.cc:337:slice$2486 ($sdff) from module Pip_RV32IM_AHB (D = \u_mdu.u_div.Op_In [1], Q = \u_mdu.u_div.Is_Div_r).
Adding SRST signal on $flatten\u_mdu.\u_div.$procdff$2042 ($dff) from module Pip_RV32IM_AHB (D = $flatten\u_mdu.\u_div.$procmux$573_Y, Q = \u_mdu.u_div.Q_final_r, rval = 0).
Adding EN signal on $auto$ff.cc:337:slice$2494 ($sdff) from module Pip_RV32IM_AHB (D = $flatten\u_mdu.\u_div.$ternary$rtl_rv32im_ahb_core/multiply/Div32_NonRestoring.v:85$455_Y, Q = \u_mdu.u_div.Q_final_r).
Adding SRST signal on $flatten\u_mdu.$procdff$2030 ($dff) from module Pip_RV32IM_AHB (D = $flatten\u_mdu.$procmux$551_Y, Q = \u_mdu.Div_Ready_Delayed_r, rval = 1'1).
Adding SRST signal on $flatten\u_mdu.$procdff$2029 ($dff) from module Pip_RV32IM_AHB (D = $flatten\u_mdu.$procmux$539_Y, Q = \u_mdu.Mul_Ready_r, rval = 1'1).
Adding EN signal on $auto$ff.cc:337:slice$2501 ($sdff) from module Pip_RV32IM_AHB (D = $flatten\u_mdu.$procmux$539_Y, Q = \u_mdu.Mul_Ready_r).
Adding SRST signal on $flatten\u_mdu.$procdff$2028 ($dff) from module Pip_RV32IM_AHB (D = $flatten\u_mdu.$procmux$545_Y, Q = \u_mdu.Mul_Result_r, rval = 0).
Adding EN signal on $auto$ff.cc:337:slice$2505 ($sdff) from module Pip_RV32IM_AHB (D = \u_mdu.Mul_Result, Q = \u_mdu.Mul_Result_r).
Adding SRST signal on $flatten\machine_ctrl.$procdff$2111 ($dff) from module Pip_RV32IM_AHB (D = \machine_ctrl.Next_State, Q = \machine_ctrl.Curr_State, rval = 4'0001).
Adding SRST signal on $flatten\machine_ctrl.$procdff$2110 ($dff) from module Pip_RV32IM_AHB (D = $flatten\machine_ctrl.$or$rtl_rv32im_ahb_core/control/Machine_Control.v:281$196_Y, Q = \machine_ctrl.Misaligned_Exc_Out, rval = 1'0).
Adding SRST signal on $flatten\machine_ctrl.$procdff$2109 ($dff) from module Pip_RV32IM_AHB (D = $flatten\machine_ctrl.$procmux$1182_Y, Q = \machine_ctrl.Cause_Out, rval = 4'0000).
Adding EN signal on $auto$ff.cc:337:slice$2509 ($sdff) from module Pip_RV32IM_AHB (D = $flatten\machine_ctrl.$procmux$1180_Y, Q = \machine_ctrl.Cause_Out).
Adding SRST signal on $flatten\machine_ctrl.$procdff$2108 ($dff) from module Pip_RV32IM_AHB (D = $flatten\machine_ctrl.$procmux$1216_Y, Q = \machine_ctrl.I_Or_E_Out, rval = 1'0).
Adding EN signal on $auto$ff.cc:337:slice$2515 ($sdff) from module Pip_RV32IM_AHB (D = $flatten\machine_ctrl.$procmux$1214_Y, Q = \machine_ctrl.I_Or_E_Out).
Adding SRST signal on $flatten\reg_m_w.$procdff$2116 ($dff) from module Pip_RV32IM_AHB (D = $flatten\reg_m_w.$procmux$1770_Y, Q = \reg_m_w.Reg_WrEn_Out, rval = 1'0).
Adding EN signal on $auto$ff.cc:337:slice$2521 ($sdff) from module Pip_RV32IM_AHB (D = \reg_m_w.Reg_WrEn_In, Q = \reg_m_w.Reg_WrEn_Out).
Adding SRST signal on $flatten\reg_e_m.$procdff$2146 ($dff) from module Pip_RV32IM_AHB (D = $flatten\reg_e_m.$procmux$1795_Y, Q = \reg_e_m.CSR_WrData_Out, rval = 0).
Adding EN signal on $auto$ff.cc:337:slice$2523 ($sdff) from module Pip_RV32IM_AHB (D = \reg_e_m.CSR_WrData_In, Q = \reg_e_m.CSR_WrData_Out).
Adding SRST signal on $flatten\reg_e_m.$procdff$2145 ($dff) from module Pip_RV32IM_AHB (D = $flatten\reg_e_m.$procmux$1800_Y, Q = \reg_e_m.CSR_UImm_Out, rval = 5'00000).
Adding EN signal on $auto$ff.cc:337:slice$2525 ($sdff) from module Pip_RV32IM_AHB (D = \reg_e_m.CSR_UImm_In, Q = \reg_e_m.CSR_UImm_Out).
Adding SRST signal on $flatten\reg_e_m.$procdff$2144 ($dff) from module Pip_RV32IM_AHB (D = $flatten\reg_e_m.$procmux$1805_Y, Q = \reg_e_m.MDU_Result_Out, rval = 0).
Adding EN signal on $auto$ff.cc:337:slice$2527 ($sdff) from module Pip_RV32IM_AHB (D = \reg_e_m.MDU_Result_In, Q = \reg_e_m.MDU_Result_Out).
Adding SRST signal on $flatten\reg_e_m.$procdff$2143 ($dff) from module Pip_RV32IM_AHB (D = $flatten\reg_e_m.$procmux$1810_Y, Q = \reg_e_m.Read_Data2_Out, rval = 0).
Adding EN signal on $auto$ff.cc:337:slice$2529 ($sdff) from module Pip_RV32IM_AHB (D = \reg_e_m.Read_Data2_In, Q = \reg_e_m.Read_Data2_Out).
Adding SRST signal on $flatten\reg_e_m.$procdff$2142 ($dff) from module Pip_RV32IM_AHB (D = $flatten\reg_e_m.$procmux$1815_Y, Q = \reg_e_m.Added_Data_Out, rval = 0).
Adding EN signal on $auto$ff.cc:337:slice$2531 ($sdff) from module Pip_RV32IM_AHB (D = \reg_e_m.Added_Data_In, Q = \reg_e_m.Added_Data_Out).
Adding SRST signal on $flatten\reg_e_m.$procdff$2141 ($dff) from module Pip_RV32IM_AHB (D = $flatten\reg_e_m.$procmux$1820_Y, Q = \reg_e_m.ALU_Result_Out, rval = 0).
Adding EN signal on $auto$ff.cc:337:slice$2533 ($sdff) from module Pip_RV32IM_AHB (D = \reg_e_m.ALU_Result_In, Q = \reg_e_m.ALU_Result_Out).
Adding SRST signal on $flatten\reg_e_m.$procdff$2140 ($dff) from module Pip_RV32IM_AHB (D = $flatten\reg_e_m.$procmux$1825_Y, Q = \reg_e_m.Imm_Ext_Out, rval = 0).
Adding EN signal on $auto$ff.cc:337:slice$2535 ($sdff) from module Pip_RV32IM_AHB (D = \reg_e_m.Imm_Ext_In, Q = \reg_e_m.Imm_Ext_Out).
Adding SRST signal on $flatten\reg_e_m.$procdff$2139 ($dff) from module Pip_RV32IM_AHB (D = $flatten\reg_e_m.$procmux$1830_Y, Q = \reg_e_m.CSR_Op_Out, rval = 3'000).
Adding EN signal on $auto$ff.cc:337:slice$2537 ($sdff) from module Pip_RV32IM_AHB (D = \reg_e_m.CSR_Op_In, Q = \reg_e_m.CSR_Op_Out).
Adding SRST signal on $flatten\reg_e_m.$procdff$2138 ($dff) from module Pip_RV32IM_AHB (D = $flatten\reg_e_m.$procmux$1835_Y, Q = \reg_e_m.CSR_WrEn_Out, rval = 1'0).
Adding EN signal on $auto$ff.cc:337:slice$2539 ($sdff) from module Pip_RV32IM_AHB (D = \reg_e_m.CSR_WrEn_In, Q = \reg_e_m.CSR_WrEn_Out).
Adding SRST signal on $flatten\reg_e_m.$procdff$2137 ($dff) from module Pip_RV32IM_AHB (D = $flatten\reg_e_m.$procmux$1840_Y, Q = \reg_e_m.Result_Src_Out, rval = 3'000).
Adding EN signal on $auto$ff.cc:337:slice$2541 ($sdff) from module Pip_RV32IM_AHB (D = \reg_e_m.Result_Src_In, Q = \reg_e_m.Result_Src_Out).
Adding SRST signal on $flatten\reg_e_m.$procdff$2136 ($dff) from module Pip_RV32IM_AHB (D = $flatten\reg_e_m.$procmux$1845_Y, Q = \reg_e_m.Load_Size_Out, rval = 2'00).
Adding EN signal on $auto$ff.cc:337:slice$2543 ($sdff) from module Pip_RV32IM_AHB (D = \reg_e_m.Load_Size_In, Q = \reg_e_m.Load_Size_Out).
Adding SRST signal on $flatten\reg_e_m.$procdff$2135 ($dff) from module Pip_RV32IM_AHB (D = $flatten\reg_e_m.$procmux$1850_Y, Q = \reg_e_m.Load_Unsigned_Out, rval = 1'0).
Adding EN signal on $auto$ff.cc:337:slice$2545 ($sdff) from module Pip_RV32IM_AHB (D = \reg_e_m.Load_Unsigned_In, Q = \reg_e_m.Load_Unsigned_Out).
Adding SRST signal on $flatten\reg_e_m.$procdff$2134 ($dff) from module Pip_RV32IM_AHB (D = $flatten\reg_e_m.$procmux$1855_Y, Q = \reg_e_m.Reg_WrEn_Out, rval = 1'0).
Adding EN signal on $auto$ff.cc:337:slice$2547 ($sdff) from module Pip_RV32IM_AHB (D = \reg_e_m.Reg_WrEn_In, Q = \reg_e_m.Reg_WrEn_Out).
Adding SRST signal on $flatten\reg_e_m.$procdff$2133 ($dff) from module Pip_RV32IM_AHB (D = $flatten\reg_e_m.$procmux$1860_Y, Q = \reg_e_m.CSR_Addr_Out, rval = 12'000000000000).
Adding EN signal on $auto$ff.cc:337:slice$2549 ($sdff) from module Pip_RV32IM_AHB (D = \reg_e_m.CSR_Addr_In, Q = \reg_e_m.CSR_Addr_Out).
Adding SRST signal on $flatten\reg_e_m.$procdff$2132 ($dff) from module Pip_RV32IM_AHB (D = $flatten\reg_e_m.$procmux$1865_Y, Q = \reg_e_m.Des_Addr_Out, rval = 5'00000).
Adding EN signal on $auto$ff.cc:337:slice$2551 ($sdff) from module Pip_RV32IM_AHB (D = \reg_e_m.Des_Addr_In, Q = \reg_e_m.Des_Addr_Out).
Adding SRST signal on $flatten\reg_e_m.$procdff$2131 ($dff) from module Pip_RV32IM_AHB (D = $flatten\reg_e_m.$procmux$1870_Y, Q = \reg_e_m.Func3_Out, rval = 2'00).
Adding EN signal on $auto$ff.cc:337:slice$2553 ($sdff) from module Pip_RV32IM_AHB (D = \reg_e_m.Func3_In, Q = \reg_e_m.Func3_Out).
Adding SRST signal on $flatten\reg_e_m.$procdff$2130 ($dff) from module Pip_RV32IM_AHB (D = $flatten\reg_e_m.$procmux$1875_Y, Q = \reg_e_m.PC_Plus4_Out, rval = 0).
Adding EN signal on $auto$ff.cc:337:slice$2555 ($sdff) from module Pip_RV32IM_AHB (D = \reg_e_m.PC_Plus4_In, Q = \reg_e_m.PC_Plus4_Out).
Adding SRST signal on $flatten\reg_e_m.$procdff$2129 ($dff) from module Pip_RV32IM_AHB (D = $flatten\reg_e_m.$procmux$1880_Y, Q = \reg_e_m.PC_Out, rval = 0).
Adding EN signal on $auto$ff.cc:337:slice$2557 ($sdff) from module Pip_RV32IM_AHB (D = \reg_e_m.PC_In, Q = \reg_e_m.PC_Out).
Adding SRST signal on $flatten\reg_e_m.$procdff$2128 ($dff) from module Pip_RV32IM_AHB (D = $flatten\reg_e_m.$procmux$1885_Y, Q = \reg_e_m.CSR_Data_Out, rval = 0).
Adding EN signal on $auto$ff.cc:337:slice$2559 ($sdff) from module Pip_RV32IM_AHB (D = \reg_e_m.CSR_Data_In, Q = \reg_e_m.CSR_Data_Out).
Adding SRST signal on $flatten\reg_e_m.$procdff$2127 ($dff) from module Pip_RV32IM_AHB (D = $flatten\reg_e_m.$procmux$1890_Y, Q = \reg_e_m.DM_WrEn_Out, rval = 1'0).
Adding EN signal on $auto$ff.cc:337:slice$2561 ($sdff) from module Pip_RV32IM_AHB (D = \reg_e_m.DM_WrEn_In, Q = \reg_e_m.DM_WrEn_Out).
Adding SRST signal on $flatten\reg_m_w.$procdff$2126 ($dff) from module Pip_RV32IM_AHB (D = $flatten\reg_m_w.$procmux$1720_Y, Q = \reg_m_w.Loaded_Data_Out, rval = 0).
Adding EN signal on $auto$ff.cc:337:slice$2563 ($sdff) from module Pip_RV32IM_AHB (D = \reg_m_w.Loaded_Data_In, Q = \reg_m_w.Loaded_Data_Out).
Adding SRST signal on $flatten\reg_m_w.$procdff$2125 ($dff) from module Pip_RV32IM_AHB (D = $flatten\reg_m_w.$procmux$1725_Y, Q = \reg_m_w.CSR_WrData_Out, rval = 0).
Adding EN signal on $auto$ff.cc:337:slice$2565 ($sdff) from module Pip_RV32IM_AHB (D = \reg_m_w.CSR_WrData_In, Q = \reg_m_w.CSR_WrData_Out).
Adding SRST signal on $flatten\reg_m_w.$procdff$2124 ($dff) from module Pip_RV32IM_AHB (D = $flatten\reg_m_w.$procmux$1730_Y, Q = \reg_m_w.CSR_UImm_Out, rval = 5'00000).
Adding EN signal on $auto$ff.cc:337:slice$2567 ($sdff) from module Pip_RV32IM_AHB (D = \reg_m_w.CSR_UImm_In, Q = \reg_m_w.CSR_UImm_Out).
Adding SRST signal on $flatten\reg_m_w.$procdff$2123 ($dff) from module Pip_RV32IM_AHB (D = $flatten\reg_m_w.$procmux$1735_Y, Q = \reg_m_w.MDU_Result_Out, rval = 0).
Adding EN signal on $auto$ff.cc:337:slice$2569 ($sdff) from module Pip_RV32IM_AHB (D = \reg_m_w.MDU_Result_In, Q = \reg_m_w.MDU_Result_Out).
Adding SRST signal on $flatten\reg_m_w.$procdff$2122 ($dff) from module Pip_RV32IM_AHB (D = $flatten\reg_m_w.$procmux$1740_Y, Q = \reg_m_w.Added_Data_Out, rval = 0).
Adding EN signal on $auto$ff.cc:337:slice$2571 ($sdff) from module Pip_RV32IM_AHB (D = \reg_m_w.Added_Data_In, Q = \reg_m_w.Added_Data_Out).
Setting constant 0-bit at position 0 on $auto$ff.cc:337:slice$2337 ($dffe) from module Pip_RV32IM_AHB.
Setting constant 0-bit at position 1 on $auto$ff.cc:337:slice$2337 ($dffe) from module Pip_RV32IM_AHB.
Setting constant 0-bit at position 2 on $auto$ff.cc:337:slice$2337 ($dffe) from module Pip_RV32IM_AHB.
Setting constant 0-bit at position 3 on $auto$ff.cc:337:slice$2337 ($dffe) from module Pip_RV32IM_AHB.
Setting constant 0-bit at position 4 on $auto$ff.cc:337:slice$2337 ($dffe) from module Pip_RV32IM_AHB.
Setting constant 1-bit at position 5 on $auto$ff.cc:337:slice$2337 ($dffe) from module Pip_RV32IM_AHB.
Setting constant 0-bit at position 6 on $auto$ff.cc:337:slice$2337 ($dffe) from module Pip_RV32IM_AHB.
Setting constant 0-bit at position 7 on $auto$ff.cc:337:slice$2337 ($dffe) from module Pip_RV32IM_AHB.
Setting constant 0-bit at position 8 on $auto$ff.cc:337:slice$2337 ($dffe) from module Pip_RV32IM_AHB.
Setting constant 0-bit at position 9 on $auto$ff.cc:337:slice$2337 ($dffe) from module Pip_RV32IM_AHB.
Setting constant 0-bit at position 10 on $auto$ff.cc:337:slice$2337 ($dffe) from module Pip_RV32IM_AHB.
Setting constant 0-bit at position 11 on $auto$ff.cc:337:slice$2337 ($dffe) from module Pip_RV32IM_AHB.
Setting constant 0-bit at position 12 on $auto$ff.cc:337:slice$2337 ($dffe) from module Pip_RV32IM_AHB.
Setting constant 0-bit at position 13 on $auto$ff.cc:337:slice$2337 ($dffe) from module Pip_RV32IM_AHB.
Setting constant 0-bit at position 14 on $auto$ff.cc:337:slice$2337 ($dffe) from module Pip_RV32IM_AHB.
Setting constant 0-bit at position 15 on $auto$ff.cc:337:slice$2337 ($dffe) from module Pip_RV32IM_AHB.
Setting constant 0-bit at position 16 on $auto$ff.cc:337:slice$2337 ($dffe) from module Pip_RV32IM_AHB.
Setting constant 0-bit at position 17 on $auto$ff.cc:337:slice$2337 ($dffe) from module Pip_RV32IM_AHB.
Setting constant 0-bit at position 18 on $auto$ff.cc:337:slice$2337 ($dffe) from module Pip_RV32IM_AHB.
Setting constant 0-bit at position 19 on $auto$ff.cc:337:slice$2337 ($dffe) from module Pip_RV32IM_AHB.
Setting constant 0-bit at position 20 on $auto$ff.cc:337:slice$2337 ($dffe) from module Pip_RV32IM_AHB.
Setting constant 0-bit at position 21 on $auto$ff.cc:337:slice$2337 ($dffe) from module Pip_RV32IM_AHB.
Setting constant 0-bit at position 22 on $auto$ff.cc:337:slice$2337 ($dffe) from module Pip_RV32IM_AHB.
Setting constant 0-bit at position 23 on $auto$ff.cc:337:slice$2337 ($dffe) from module Pip_RV32IM_AHB.
Setting constant 0-bit at position 24 on $auto$ff.cc:337:slice$2337 ($dffe) from module Pip_RV32IM_AHB.
Setting constant 0-bit at position 25 on $auto$ff.cc:337:slice$2337 ($dffe) from module Pip_RV32IM_AHB.
Setting constant 0-bit at position 26 on $auto$ff.cc:337:slice$2337 ($dffe) from module Pip_RV32IM_AHB.
Setting constant 0-bit at position 27 on $auto$ff.cc:337:slice$2337 ($dffe) from module Pip_RV32IM_AHB.
Setting constant 0-bit at position 28 on $auto$ff.cc:337:slice$2337 ($dffe) from module Pip_RV32IM_AHB.
Setting constant 0-bit at position 29 on $auto$ff.cc:337:slice$2337 ($dffe) from module Pip_RV32IM_AHB.
Setting constant 0-bit at position 30 on $auto$ff.cc:337:slice$2337 ($dffe) from module Pip_RV32IM_AHB.
Setting constant 0-bit at position 31 on $auto$ff.cc:337:slice$2337 ($dffe) from module Pip_RV32IM_AHB.

yosys> opt_clean

40.4. Executing OPT_CLEAN pass (remove unused cells and wires).
Finding unused cells or wires in module \Pip_RV32IM_AHB..
Removed 224 unused cells and 1264 unused wires.
<suppressed ~240 debug messages>

40.5. Rerunning OPT passes. (Removed registers in this run.)

yosys> opt_expr

40.6. Executing OPT_EXPR pass (perform const folding).
Optimizing module Pip_RV32IM_AHB.
<suppressed ~15 debug messages>

yosys> opt_merge

40.7. Executing OPT_MERGE pass (detect identical cells).
Finding identical cells in module `\Pip_RV32IM_AHB'.
Computing hashes of 838 cells of `\Pip_RV32IM_AHB'.
Finding duplicate cells in `\Pip_RV32IM_AHB'.
Computing hashes of 819 cells of `\Pip_RV32IM_AHB'.
Finding duplicate cells in `\Pip_RV32IM_AHB'.
Computing hashes of 812 cells of `\Pip_RV32IM_AHB'.
Finding duplicate cells in `\Pip_RV32IM_AHB'.
<suppressed ~78 debug messages>
Removed a total of 26 cells.

yosys> opt_dff

40.8. Executing OPT_DFF pass (perform DFF optimizations).
Adding SRST signal on $auto$ff.cc:337:slice$2507 ($sdff) from module Pip_RV32IM_AHB (D = $flatten\machine_ctrl.$2\Next_State[3:0] [3:2], Q = \machine_ctrl.Curr_State [3:2], rval = 2'00).

yosys> opt_clean

40.9. Executing OPT_CLEAN pass (remove unused cells and wires).
Finding unused cells or wires in module \Pip_RV32IM_AHB..
Removed 0 unused cells and 26 unused wires.
<suppressed ~1 debug messages>

40.10. Rerunning OPT passes. (Removed registers in this run.)

yosys> opt_expr

40.11. Executing OPT_EXPR pass (perform const folding).
Optimizing module Pip_RV32IM_AHB.

yosys> opt_merge

40.12. Executing OPT_MERGE pass (detect identical cells).
Finding identical cells in module `\Pip_RV32IM_AHB'.
Computing hashes of 815 cells of `\Pip_RV32IM_AHB'.
Finding duplicate cells in `\Pip_RV32IM_AHB'.
Removed a total of 0 cells.

yosys> opt_dff

40.13. Executing OPT_DFF pass (perform DFF optimizations).

yosys> opt_clean

40.14. Executing OPT_CLEAN pass (remove unused cells and wires).
Finding unused cells or wires in module \Pip_RV32IM_AHB..

40.15. Finished fast OPT passes.

yosys> fsm

41. Executing FSM pass (extract and optimize FSM).

yosys> fsm_detect

41.1. Executing FSM_DETECT pass (finding FSMs in design).

yosys> fsm_extract

41.2. Executing FSM_EXTRACT pass (extracting FSM from design).

yosys> fsm_opt

41.3. Executing FSM_OPT pass (simple optimizations of FSMs).

yosys> opt_clean

41.4. Executing OPT_CLEAN pass (remove unused cells and wires).
Finding unused cells or wires in module \Pip_RV32IM_AHB..

yosys> fsm_opt

41.5. Executing FSM_OPT pass (simple optimizations of FSMs).

yosys> fsm_recode

41.6. Executing FSM_RECODE pass (re-assigning FSM state encoding).

yosys> fsm_info

41.7. Executing FSM_INFO pass (dumping all available information on FSM cells).

yosys> fsm_map

41.8. Executing FSM_MAP pass (mapping FSMs to basic logic).

yosys> opt -fast

42. Executing OPT pass (performing simple optimizations).

yosys> opt_expr

42.1. Executing OPT_EXPR pass (perform const folding).
Optimizing module Pip_RV32IM_AHB.

yosys> opt_merge

42.2. Executing OPT_MERGE pass (detect identical cells).
Finding identical cells in module `\Pip_RV32IM_AHB'.
Computing hashes of 815 cells of `\Pip_RV32IM_AHB'.
Finding duplicate cells in `\Pip_RV32IM_AHB'.
Removed a total of 0 cells.

yosys> opt_dff

42.3. Executing OPT_DFF pass (perform DFF optimizations).

yosys> opt_clean

42.4. Executing OPT_CLEAN pass (remove unused cells and wires).
Finding unused cells or wires in module \Pip_RV32IM_AHB..

42.5. Finished fast OPT passes.

yosys> memory

43. Executing MEMORY pass.

yosys> opt_mem

43.1. Executing OPT_MEM pass (optimize memories).
Performed a total of 0 transformations.

yosys> opt_mem_priority

43.2. Executing OPT_MEM_PRIORITY pass (removing unnecessary memory write priority relations).
Performed a total of 497 transformations.

yosys> opt_mem_feedback

43.3. Executing OPT_MEM_FEEDBACK pass (finding memory read-to-write feedback paths).
  Analyzing Pip_RV32IM_AHB.reg_file.register write port 0.
  Analyzing Pip_RV32IM_AHB.reg_file.register write port 1.
  Analyzing Pip_RV32IM_AHB.reg_file.register write port 2.
  Analyzing Pip_RV32IM_AHB.reg_file.register write port 3.
  Analyzing Pip_RV32IM_AHB.reg_file.register write port 4.
  Analyzing Pip_RV32IM_AHB.reg_file.register write port 5.
  Analyzing Pip_RV32IM_AHB.reg_file.register write port 6.
  Analyzing Pip_RV32IM_AHB.reg_file.register write port 7.
  Analyzing Pip_RV32IM_AHB.reg_file.register write port 8.
  Analyzing Pip_RV32IM_AHB.reg_file.register write port 9.
  Analyzing Pip_RV32IM_AHB.reg_file.register write port 10.
  Analyzing Pip_RV32IM_AHB.reg_file.register write port 11.
  Analyzing Pip_RV32IM_AHB.reg_file.register write port 12.
  Analyzing Pip_RV32IM_AHB.reg_file.register write port 13.
  Analyzing Pip_RV32IM_AHB.reg_file.register write port 14.
  Analyzing Pip_RV32IM_AHB.reg_file.register write port 15.
  Analyzing Pip_RV32IM_AHB.reg_file.register write port 16.
  Analyzing Pip_RV32IM_AHB.reg_file.register write port 17.
  Analyzing Pip_RV32IM_AHB.reg_file.register write port 18.
  Analyzing Pip_RV32IM_AHB.reg_file.register write port 19.
  Analyzing Pip_RV32IM_AHB.reg_file.register write port 20.
  Analyzing Pip_RV32IM_AHB.reg_file.register write port 21.
  Analyzing Pip_RV32IM_AHB.reg_file.register write port 22.
  Analyzing Pip_RV32IM_AHB.reg_file.register write port 23.
  Analyzing Pip_RV32IM_AHB.reg_file.register write port 24.
  Analyzing Pip_RV32IM_AHB.reg_file.register write port 25.
  Analyzing Pip_RV32IM_AHB.reg_file.register write port 26.
  Analyzing Pip_RV32IM_AHB.reg_file.register write port 27.
  Analyzing Pip_RV32IM_AHB.reg_file.register write port 28.
  Analyzing Pip_RV32IM_AHB.reg_file.register write port 29.
  Analyzing Pip_RV32IM_AHB.reg_file.register write port 30.
  Analyzing Pip_RV32IM_AHB.reg_file.register write port 31.
  Analyzing Pip_RV32IM_AHB.reg_file.register write port 32.
  Analyzing Pip_RV32IM_AHB.reg_file.register write port 33.

yosys> memory_bmux2rom

43.4. Executing MEMORY_BMUX2ROM pass (converting muxes to ROMs).

yosys> memory_dff

43.5. Executing MEMORY_DFF pass (merging $dff cells to $memrd).
Checking read port `\reg_file.register'[0] in module `\Pip_RV32IM_AHB': merging output FF to cell.
    Write port 0: non-transparent.
    Write port 1: non-transparent.
    Write port 2: non-transparent.
    Write port 3: non-transparent.
    Write port 4: non-transparent.
    Write port 5: non-transparent.
    Write port 6: non-transparent.
    Write port 7: non-transparent.
    Write port 8: non-transparent.
    Write port 9: non-transparent.
    Write port 10: non-transparent.
    Write port 11: non-transparent.
    Write port 12: non-transparent.
    Write port 13: non-transparent.
    Write port 14: non-transparent.
    Write port 15: non-transparent.
    Write port 16: non-transparent.
    Write port 17: non-transparent.
    Write port 18: non-transparent.
    Write port 19: non-transparent.
    Write port 20: non-transparent.
    Write port 21: non-transparent.
    Write port 22: non-transparent.
    Write port 23: non-transparent.
    Write port 24: non-transparent.
    Write port 25: non-transparent.
    Write port 26: non-transparent.
    Write port 27: non-transparent.
    Write port 28: non-transparent.
    Write port 29: non-transparent.
    Write port 30: non-transparent.
    Write port 31: non-transparent.
    Write port 32: non-transparent.
    Write port 33: non-transparent.
Checking read port `\reg_file.register'[1] in module `\Pip_RV32IM_AHB': merging output FF to cell.
    Write port 0: non-transparent.
    Write port 1: non-transparent.
    Write port 2: non-transparent.
    Write port 3: non-transparent.
    Write port 4: non-transparent.
    Write port 5: non-transparent.
    Write port 6: non-transparent.
    Write port 7: non-transparent.
    Write port 8: non-transparent.
    Write port 9: non-transparent.
    Write port 10: non-transparent.
    Write port 11: non-transparent.
    Write port 12: non-transparent.
    Write port 13: non-transparent.
    Write port 14: non-transparent.
    Write port 15: non-transparent.
    Write port 16: non-transparent.
    Write port 17: non-transparent.
    Write port 18: non-transparent.
    Write port 19: non-transparent.
    Write port 20: non-transparent.
    Write port 21: non-transparent.
    Write port 22: non-transparent.
    Write port 23: non-transparent.
    Write port 24: non-transparent.
    Write port 25: non-transparent.
    Write port 26: non-transparent.
    Write port 27: non-transparent.
    Write port 28: non-transparent.
    Write port 29: non-transparent.
    Write port 30: non-transparent.
    Write port 31: non-transparent.
    Write port 32: non-transparent.
    Write port 33: non-transparent.
Checking read port `$flatten\decoder.$auto$proc_rom.cc:155:do_switch$533'[0] in module `\Pip_RV32IM_AHB': no output FF found.
Checking read port address `$flatten\decoder.$auto$proc_rom.cc:155:do_switch$533'[0] in module `\Pip_RV32IM_AHB': no address FF found.

yosys> opt_clean

43.6. Executing OPT_CLEAN pass (remove unused cells and wires).
Finding unused cells or wires in module \Pip_RV32IM_AHB..
Removed 2 unused cells and 66 unused wires.
<suppressed ~3 debug messages>

yosys> memory_share

43.7. Executing MEMORY_SHARE pass (consolidating $memrd/$memwr cells).
Consolidating read ports of memory Pip_RV32IM_AHB.reg_file.register by address:
Consolidating write ports of memory Pip_RV32IM_AHB.reg_file.register by address:
  Merging ports 0, 1 (address 0).
  Merging ports 0, 2 (address 0).
  Merging ports 0, 3 (address 0).
  Merging ports 0, 4 (address 0).
  Merging ports 0, 5 (address 0).
  Merging ports 0, 6 (address 0).
  Merging ports 0, 7 (address 0).
  Merging ports 0, 8 (address 0).
  Merging ports 0, 9 (address 0).
  Merging ports 0, 10 (address 0).
  Merging ports 0, 11 (address 0).
  Merging ports 0, 12 (address 0).
  Merging ports 0, 13 (address 0).
  Merging ports 0, 14 (address 0).
  Merging ports 0, 15 (address 0).
  Merging ports 0, 16 (address 0).
  Merging ports 0, 17 (address 0).
  Merging ports 0, 18 (address 0).
  Merging ports 0, 19 (address 0).
  Merging ports 0, 20 (address 0).
  Merging ports 0, 21 (address 0).
  Merging ports 0, 22 (address 0).
  Merging ports 0, 23 (address 0).
  Merging ports 0, 24 (address 0).
  Merging ports 0, 25 (address 0).
  Merging ports 0, 26 (address 0).
  Merging ports 0, 27 (address 0).
  Merging ports 0, 28 (address 0).
  Merging ports 0, 29 (address 0).
  Merging ports 0, 30 (address 0).
  Merging ports 0, 31 (address 0).
  Merging ports 0, 32 (address 0).
Consolidating write ports of memory Pip_RV32IM_AHB.reg_file.register by address:
Consolidating write ports of memory Pip_RV32IM_AHB.reg_file.register using sat-based resource sharing:

yosys> opt_mem_widen

43.8. Executing OPT_MEM_WIDEN pass (optimize memories where all ports are wide).
Performed a total of 0 transformations.

yosys> opt_clean

43.9. Executing OPT_CLEAN pass (remove unused cells and wires).
Finding unused cells or wires in module \Pip_RV32IM_AHB..

yosys> memory_collect

43.10. Executing MEMORY_COLLECT pass (generating $mem cells).

yosys> memory_map

43.11. Executing MEMORY_MAP pass (converting memories to logic and flip-flops).
Mapping memory \reg_file.register in module \Pip_RV32IM_AHB:
  created 32 $dff cells and 0 static cells of width 32.
Extracted data FF from read port 0 of Pip_RV32IM_AHB.reg_file.register: $\reg_file.register$rdreg[0]
Extracted data FF from read port 1 of Pip_RV32IM_AHB.reg_file.register: $\reg_file.register$rdreg[1]
  read interface: 2 $dff and 62 $mux cells.
  write interface: 2048 write mux blocks.
Mapping memory $flatten\decoder.$auto$proc_rom.cc:155:do_switch$533 in module \Pip_RV32IM_AHB:
  created 16 $dff cells and 0 static cells of width 4.
  read interface: 0 $dff and 15 $mux cells.
  write interface: 0 write mux blocks.

yosys> opt -fast

44. Executing OPT pass (performing simple optimizations).

yosys> opt_expr

44.1. Executing OPT_EXPR pass (perform const folding).
Optimizing module Pip_RV32IM_AHB.
<suppressed ~1147 debug messages>

yosys> opt_merge

44.2. Executing OPT_MERGE pass (detect identical cells).
Finding identical cells in module `\Pip_RV32IM_AHB'.
Computing hashes of 4049 cells of `\Pip_RV32IM_AHB'.
Finding duplicate cells in `\Pip_RV32IM_AHB'.
Removed a total of 0 cells.

yosys> opt_dff

44.3. Executing OPT_DFF pass (perform DFF optimizations).

yosys> opt_clean

44.4. Executing OPT_CLEAN pass (remove unused cells and wires).
Finding unused cells or wires in module \Pip_RV32IM_AHB..
Removed 0 unused cells and 1250 unused wires.
<suppressed ~1 debug messages>

44.5. Finished fast OPT passes.

yosys> share

45. Executing SHARE pass (SAT-based resource sharing).
Found 4 cells in module Pip_RV32IM_AHB that may be considered for resource sharing.
  Analyzing resource sharing options for $flatten\alu.$sshr$rtl_rv32im_ahb_core/datapath_units/ALU.v:34$214 ($sshr):
    Found 1 activation_patterns using ctrl signal $flatten\alu.$procmux$1145_CMP.
    No candidates found.
  Analyzing resource sharing options for $flatten\alu.$shr$rtl_rv32im_ahb_core/datapath_units/ALU.v:33$213 ($shr):
    Found 1 activation_patterns using ctrl signal $flatten\alu.$procmux$1146_CMP.
    No candidates found.
  Analyzing resource sharing options for $flatten\alu.$shl$rtl_rv32im_ahb_core/datapath_units/ALU.v:29$207 ($shl):
    Found 1 activation_patterns using ctrl signal $flatten\alu.$procmux$1150_CMP.
    No candidates found.
  Analyzing resource sharing options for $flatten\u_mdu.\u_mul.$mul$rtl_rv32im_ahb_core/multiply/Mul32_Booth.v:47$497 ($mul):
    Cell is always active. Therefore no sharing is possible.

yosys> opt

46. Executing OPT pass (performing simple optimizations).

yosys> opt_expr

46.1. Executing OPT_EXPR pass (perform const folding).
Optimizing module Pip_RV32IM_AHB.

yosys> opt_merge -nomux

46.2. Executing OPT_MERGE pass (detect identical cells).
Finding identical cells in module `\Pip_RV32IM_AHB'.
Computing hashes of 4049 cells of `\Pip_RV32IM_AHB'.
Finding duplicate cells in `\Pip_RV32IM_AHB'.
Removed a total of 0 cells.

yosys> opt_muxtree

46.3. Executing OPT_MUXTREE pass (detect dead branches in mux trees).
Running muxtree optimizer on module \Pip_RV32IM_AHB..
  Creating internal representation of mux trees.
  Evaluating internal representation of mux trees.
      Replacing known input bits on port A of cell $flatten\u_mdu.\u_div.$ternary$rtl_rv32im_ahb_core/multiply/Div32_NonRestoring.v:84$453: \u_mdu.u_div.R_diff -> { 1'0 \u_mdu.u_div.R_diff [31:0] }
  Analyzing evaluation results.
    dead port 1/2 on $mux $flatten\machine_ctrl.$procmux$1264.
    dead port 2/2 on $mux $flatten\machine_ctrl.$procmux$1266.
    dead port 1/2 on $mux $flatten\load_unit.$procmux$771.
    dead port 1/2 on $mux $flatten\reg_file.$procmux$974.
    dead port 1/2 on $mux $flatten\reg_file.$procmux$980.
    dead port 1/2 on $mux $flatten\reg_file.$procmux$986.
    dead port 2/2 on $mux $flatten\decoder.$procmux$1289.
    dead port 1/2 on $mux $flatten\decoder.$procmux$1292.
    dead port 2/2 on $mux $flatten\decoder.$procmux$1309.
    dead port 1/2 on $mux $flatten\decoder.$procmux$1312.
    dead port 2/2 on $mux $flatten\decoder.$procmux$1319.
    dead port 1/2 on $mux $flatten\decoder.$procmux$1322.
    dead port 2/2 on $mux $flatten\decoder.$procmux$1329.
    dead port 1/2 on $mux $flatten\decoder.$procmux$1332.
    dead port 2/2 on $mux $flatten\decoder.$procmux$1349.
    dead port 1/2 on $mux $flatten\decoder.$procmux$1352.
    dead port 2/2 on $mux $flatten\decoder.$procmux$1373.
    dead port 1/2 on $mux $flatten\decoder.$procmux$1376.
    dead port 1/2 on $mux $flatten\decoder.$procmux$1391.
    dead port 2/2 on $mux $flatten\decoder.$procmux$1393.
    dead port 1/2 on $mux $flatten\decoder.$procmux$1396.
    dead port 2/2 on $mux $flatten\decoder.$procmux$1412.
    dead port 1/2 on $mux $flatten\decoder.$procmux$1415.
    dead port 2/2 on $mux $flatten\decoder.$procmux$1431.
    dead port 1/2 on $mux $flatten\decoder.$procmux$1434.
    dead port 2/2 on $mux $flatten\decoder.$procmux$1450.
    dead port 1/2 on $mux $flatten\decoder.$procmux$1453.
    dead port 2/2 on $mux $flatten\decoder.$procmux$1469.
    dead port 1/2 on $mux $flatten\decoder.$procmux$1472.
    dead port 2/2 on $mux $flatten\decoder.$procmux$1487.
    dead port 1/2 on $mux $flatten\decoder.$procmux$1490.
    dead port 1/2 on $mux $flatten\decoder.$procmux$1506.
    dead port 1/2 on $mux $flatten\decoder.$procmux$1522.
    dead port 1/2 on $mux $flatten\decoder.$procmux$1536.
    dead port 1/2 on $mux $flatten\decoder.$procmux$1552.
    dead port 1/2 on $mux $flatten\decoder.$procmux$1568.
    dead port 1/2 on $mux $flatten\decoder.$procmux$1582.
    dead port 1/2 on $mux $flatten\decoder.$procmux$1589.
    dead port 1/2 on $mux $flatten\decoder.$procmux$1596.
    dead port 1/2 on $mux $flatten\decoder.$procmux$1610.
    dead port 1/2 on $mux $flatten\decoder.$procmux$1624.
    dead port 1/2 on $mux $flatten\decoder.$procmux$1636.
    dead port 1/2 on $mux $flatten\decoder.$procmux$1648.
    dead port 1/2 on $mux $flatten\decoder.$procmux$1663.
    dead port 1/2 on $mux $flatten\decoder.$procmux$1676.
Removed 45 multiplexer ports.
<suppressed ~7607 debug messages>

yosys> opt_reduce

46.4. Executing OPT_REDUCE pass (consolidate $*mux and $reduce_* inputs).
  Optimizing cells in module \Pip_RV32IM_AHB.
    New ctrl vector for $pmux cell $flatten\machine_ctrl.$procmux$1243: $auto$opt_reduce.cc:137:opt_pmux$11553
    New ctrl vector for $pmux cell $flatten\machine_ctrl.$procmux$1248: $auto$opt_reduce.cc:137:opt_pmux$11555
    New ctrl vector for $pmux cell $flatten\branch_unit.$procmux$1132: { $auto$opt_reduce.cc:137:opt_pmux$11557 $flatten\branch_unit.$procmux$1138_CMP $flatten\branch_unit.$procmux$1137_CMP $flatten\branch_unit.$procmux$1136_CMP $flatten\branch_unit.$procmux$1135_CMP $flatten\branch_unit.$procmux$1134_CMP $flatten\branch_unit.$procmux$1133_CMP }
    New ctrl vector for $pmux cell $flatten\csr_file.\csr_data_mux.$procmux$941: { $flatten\csr_file.\csr_data_mux.$procmux$959_CMP $flatten\csr_file.\csr_data_mux.$procmux$958_CMP $flatten\csr_file.\csr_data_mux.$procmux$955_CMP $flatten\csr_file.\csr_data_mux.$procmux$954_CMP $flatten\csr_file.\csr_data_mux.$procmux$953_CMP $flatten\csr_file.\csr_data_mux.$procmux$952_CMP $flatten\csr_file.\csr_data_mux.$procmux$951_CMP $flatten\csr_file.\csr_data_mux.$procmux$950_CMP $flatten\csr_file.\csr_data_mux.$procmux$949_CMP $flatten\csr_file.\csr_data_mux.$procmux$948_CMP $flatten\csr_file.\csr_data_mux.$procmux$947_CMP $auto$opt_reduce.cc:137:opt_pmux$11565 $auto$opt_reduce.cc:137:opt_pmux$11563 $auto$opt_reduce.cc:137:opt_pmux$11561 $auto$opt_reduce.cc:137:opt_pmux$11559 $flatten\csr_file.\csr_data_mux.$procmux$942_CMP }
    New ctrl vector for $pmux cell $flatten\decoder.$procmux$1526: { $flatten\decoder.$procmux$1283_CMP [0] $flatten\decoder.$procmux$1283_CMP [1] $flatten\decoder.$procmux$1283_CMP [2] $auto$opt_reduce.cc:137:opt_pmux$11567 $flatten\decoder.$procmux$1283_CMP [7] $flatten\decoder.$procmux$1283_CMP [8] $flatten\decoder.$procmux$1283_CMP [10] }
    New ctrl vector for $pmux cell $flatten\decoder.$procmux$1562: $auto$opt_reduce.cc:137:opt_pmux$11569
    New ctrl vector for $pmux cell $flatten\decoder.$procmux$1572: { $auto$opt_reduce.cc:137:opt_pmux$11571 $flatten\decoder.$procmux$1283_CMP [10] }
    New ctrl vector for $pmux cell $flatten\decoder.$procmux$1643: $auto$opt_reduce.cc:137:opt_pmux$11573
    New ctrl vector for $pmux cell $flatten\decoder.$procmux$1652: { $flatten\decoder.$procmux$1283_CMP [3] $flatten\decoder.$procmux$1283_CMP [4] $flatten\decoder.$procmux$1283_CMP [5] $auto$opt_reduce.cc:137:opt_pmux$11577 $auto$opt_reduce.cc:137:opt_pmux$11575 $flatten\decoder.$procmux$1283_CMP [10] }
  Optimizing cells in module \Pip_RV32IM_AHB.
Performed a total of 9 changes.

yosys> opt_merge

46.5. Executing OPT_MERGE pass (detect identical cells).
Finding identical cells in module `\Pip_RV32IM_AHB'.
Computing hashes of 4017 cells of `\Pip_RV32IM_AHB'.
Finding duplicate cells in `\Pip_RV32IM_AHB'.
Computing hashes of 4016 cells of `\Pip_RV32IM_AHB'.
Finding duplicate cells in `\Pip_RV32IM_AHB'.
<suppressed ~3 debug messages>
Removed a total of 1 cells.

yosys> opt_dff

46.6. Executing OPT_DFF pass (perform DFF optimizations).
Adding EN signal on $memory\reg_file.register[0]$2775 ($dff) from module Pip_RV32IM_AHB (D = $memory\reg_file.register$wrmux[0][1][31]$y$3328, Q = \reg_file.register[0] [31]).
Adding EN signal on $memory\reg_file.register[0]$2775 ($dff) from module Pip_RV32IM_AHB (D = $memory\reg_file.register$wrmux[0][1][30]$y$3324, Q = \reg_file.register[0] [30]).
Adding EN signal on $memory\reg_file.register[0]$2775 ($dff) from module Pip_RV32IM_AHB (D = $memory\reg_file.register$wrmux[0][1][29]$y$3320, Q = \reg_file.register[0] [29]).
Adding EN signal on $memory\reg_file.register[0]$2775 ($dff) from module Pip_RV32IM_AHB (D = $memory\reg_file.register$wrmux[0][1][28]$y$3316, Q = \reg_file.register[0] [28]).
Adding EN signal on $memory\reg_file.register[0]$2775 ($dff) from module Pip_RV32IM_AHB (D = $memory\reg_file.register$wrmux[0][1][27]$y$3312, Q = \reg_file.register[0] [27]).
Adding EN signal on $memory\reg_file.register[0]$2775 ($dff) from module Pip_RV32IM_AHB (D = $memory\reg_file.register$wrmux[0][1][26]$y$3308, Q = \reg_file.register[0] [26]).
Adding EN signal on $memory\reg_file.register[0]$2775 ($dff) from module Pip_RV32IM_AHB (D = $memory\reg_file.register$wrmux[0][1][25]$y$3304, Q = \reg_file.register[0] [25]).
Adding EN signal on $memory\reg_file.register[0]$2775 ($dff) from module Pip_RV32IM_AHB (D = $memory\reg_file.register$wrmux[0][1][24]$y$3300, Q = \reg_file.register[0] [24]).
Adding EN signal on $memory\reg_file.register[0]$2775 ($dff) from module Pip_RV32IM_AHB (D = $memory\reg_file.register$wrmux[0][1][23]$y$3296, Q = \reg_file.register[0] [23]).
Adding EN signal on $memory\reg_file.register[0]$2775 ($dff) from module Pip_RV32IM_AHB (D = $memory\reg_file.register$wrmux[0][1][22]$y$3292, Q = \reg_file.register[0] [22]).
Adding EN signal on $memory\reg_file.register[0]$2775 ($dff) from module Pip_RV32IM_AHB (D = $memory\reg_file.register$wrmux[0][1][21]$y$3288, Q = \reg_file.register[0] [21]).
Adding EN signal on $memory\reg_file.register[0]$2775 ($dff) from module Pip_RV32IM_AHB (D = $memory\reg_file.register$wrmux[0][1][20]$y$3284, Q = \reg_file.register[0] [20]).
Adding EN signal on $memory\reg_file.register[0]$2775 ($dff) from module Pip_RV32IM_AHB (D = $memory\reg_file.register$wrmux[0][1][19]$y$3280, Q = \reg_file.register[0] [19]).
Adding EN signal on $memory\reg_file.register[0]$2775 ($dff) from module Pip_RV32IM_AHB (D = $memory\reg_file.register$wrmux[0][1][18]$y$3276, Q = \reg_file.register[0] [18]).
Adding EN signal on $memory\reg_file.register[0]$2775 ($dff) from module Pip_RV32IM_AHB (D = $memory\reg_file.register$wrmux[0][1][17]$y$3272, Q = \reg_file.register[0] [17]).
Adding EN signal on $memory\reg_file.register[0]$2775 ($dff) from module Pip_RV32IM_AHB (D = $memory\reg_file.register$wrmux[0][1][16]$y$3268, Q = \reg_file.register[0] [16]).
Adding EN signal on $memory\reg_file.register[0]$2775 ($dff) from module Pip_RV32IM_AHB (D = $memory\reg_file.register$wrmux[0][1][15]$y$3264, Q = \reg_file.register[0] [15]).
Adding EN signal on $memory\reg_file.register[0]$2775 ($dff) from module Pip_RV32IM_AHB (D = $memory\reg_file.register$wrmux[0][1][14]$y$3260, Q = \reg_file.register[0] [14]).
Adding EN signal on $memory\reg_file.register[0]$2775 ($dff) from module Pip_RV32IM_AHB (D = $memory\reg_file.register$wrmux[0][1][13]$y$3256, Q = \reg_file.register[0] [13]).
Adding EN signal on $memory\reg_file.register[0]$2775 ($dff) from module Pip_RV32IM_AHB (D = $memory\reg_file.register$wrmux[0][1][12]$y$3252, Q = \reg_file.register[0] [12]).
Adding EN signal on $memory\reg_file.register[0]$2775 ($dff) from module Pip_RV32IM_AHB (D = $memory\reg_file.register$wrmux[0][1][11]$y$3248, Q = \reg_file.register[0] [11]).
Adding EN signal on $memory\reg_file.register[0]$2775 ($dff) from module Pip_RV32IM_AHB (D = $memory\reg_file.register$wrmux[0][1][10]$y$3244, Q = \reg_file.register[0] [10]).
Adding EN signal on $memory\reg_file.register[0]$2775 ($dff) from module Pip_RV32IM_AHB (D = $memory\reg_file.register$wrmux[0][1][9]$y$3240, Q = \reg_file.register[0] [9]).
Adding EN signal on $memory\reg_file.register[0]$2775 ($dff) from module Pip_RV32IM_AHB (D = $memory\reg_file.register$wrmux[0][1][8]$y$3236, Q = \reg_file.register[0] [8]).
Adding EN signal on $memory\reg_file.register[0]$2775 ($dff) from module Pip_RV32IM_AHB (D = $memory\reg_file.register$wrmux[0][1][7]$y$3232, Q = \reg_file.register[0] [7]).
Adding EN signal on $memory\reg_file.register[0]$2775 ($dff) from module Pip_RV32IM_AHB (D = $memory\reg_file.register$wrmux[0][1][6]$y$3228, Q = \reg_file.register[0] [6]).
Adding EN signal on $memory\reg_file.register[0]$2775 ($dff) from module Pip_RV32IM_AHB (D = $memory\reg_file.register$wrmux[0][1][5]$y$3224, Q = \reg_file.register[0] [5]).
Adding EN signal on $memory\reg_file.register[0]$2775 ($dff) from module Pip_RV32IM_AHB (D = $memory\reg_file.register$wrmux[0][1][4]$y$3220, Q = \reg_file.register[0] [4]).
Adding EN signal on $memory\reg_file.register[0]$2775 ($dff) from module Pip_RV32IM_AHB (D = $memory\reg_file.register$wrmux[0][1][3]$y$3216, Q = \reg_file.register[0] [3]).
Adding EN signal on $memory\reg_file.register[0]$2775 ($dff) from module Pip_RV32IM_AHB (D = $memory\reg_file.register$wrmux[0][1][2]$y$3212, Q = \reg_file.register[0] [2]).
Adding EN signal on $memory\reg_file.register[0]$2775 ($dff) from module Pip_RV32IM_AHB (D = $memory\reg_file.register$wrmux[0][1][1]$y$3208, Q = \reg_file.register[0] [1]).
Adding EN signal on $memory\reg_file.register[0]$2775 ($dff) from module Pip_RV32IM_AHB (D = $memory\reg_file.register$wrmux[0][1][0]$y$3204, Q = \reg_file.register[0] [0]).
Adding EN signal on $memory\reg_file.register[1]$2777 ($dff) from module Pip_RV32IM_AHB (D = $memory\reg_file.register$wrmux[1][1][0]$y$3472, Q = \reg_file.register[1] [0]).
Adding EN signal on $memory\reg_file.register[1]$2777 ($dff) from module Pip_RV32IM_AHB (D = $memory\reg_file.register$wrmux[1][1][1]$y$3476, Q = \reg_file.register[1] [1]).
Adding EN signal on $memory\reg_file.register[1]$2777 ($dff) from module Pip_RV32IM_AHB (D = $memory\reg_file.register$wrmux[1][1][2]$y$3480, Q = \reg_file.register[1] [2]).
Adding EN signal on $memory\reg_file.register[1]$2777 ($dff) from module Pip_RV32IM_AHB (D = $memory\reg_file.register$wrmux[1][1][3]$y$3484, Q = \reg_file.register[1] [3]).
Adding EN signal on $memory\reg_file.register[1]$2777 ($dff) from module Pip_RV32IM_AHB (D = $memory\reg_file.register$wrmux[1][1][4]$y$3488, Q = \reg_file.register[1] [4]).
Adding EN signal on $memory\reg_file.register[1]$2777 ($dff) from module Pip_RV32IM_AHB (D = $memory\reg_file.register$wrmux[1][1][5]$y$3492, Q = \reg_file.register[1] [5]).
Adding EN signal on $memory\reg_file.register[1]$2777 ($dff) from module Pip_RV32IM_AHB (D = $memory\reg_file.register$wrmux[1][1][6]$y$3496, Q = \reg_file.register[1] [6]).
Adding EN signal on $memory\reg_file.register[1]$2777 ($dff) from module Pip_RV32IM_AHB (D = $memory\reg_file.register$wrmux[1][1][7]$y$3500, Q = \reg_file.register[1] [7]).
Adding EN signal on $memory\reg_file.register[1]$2777 ($dff) from module Pip_RV32IM_AHB (D = $memory\reg_file.register$wrmux[1][1][8]$y$3504, Q = \reg_file.register[1] [8]).
Adding EN signal on $memory\reg_file.register[1]$2777 ($dff) from module Pip_RV32IM_AHB (D = $memory\reg_file.register$wrmux[1][1][9]$y$3508, Q = \reg_file.register[1] [9]).
Adding EN signal on $memory\reg_file.register[1]$2777 ($dff) from module Pip_RV32IM_AHB (D = $memory\reg_file.register$wrmux[1][1][10]$y$3512, Q = \reg_file.register[1] [10]).
Adding EN signal on $memory\reg_file.register[1]$2777 ($dff) from module Pip_RV32IM_AHB (D = $memory\reg_file.register$wrmux[1][1][11]$y$3516, Q = \reg_file.register[1] [11]).
Adding EN signal on $memory\reg_file.register[1]$2777 ($dff) from module Pip_RV32IM_AHB (D = $memory\reg_file.register$wrmux[1][1][12]$y$3520, Q = \reg_file.register[1] [12]).
Adding EN signal on $memory\reg_file.register[1]$2777 ($dff) from module Pip_RV32IM_AHB (D = $memory\reg_file.register$wrmux[1][1][13]$y$3524, Q = \reg_file.register[1] [13]).
Adding EN signal on $memory\reg_file.register[1]$2777 ($dff) from module Pip_RV32IM_AHB (D = $memory\reg_file.register$wrmux[1][1][14]$y$3528, Q = \reg_file.register[1] [14]).
Adding EN signal on $memory\reg_file.register[1]$2777 ($dff) from module Pip_RV32IM_AHB (D = $memory\reg_file.register$wrmux[1][1][15]$y$3532, Q = \reg_file.register[1] [15]).
Adding EN signal on $memory\reg_file.register[1]$2777 ($dff) from module Pip_RV32IM_AHB (D = $memory\reg_file.register$wrmux[1][1][16]$y$3536, Q = \reg_file.register[1] [16]).
Adding EN signal on $memory\reg_file.register[1]$2777 ($dff) from module Pip_RV32IM_AHB (D = $memory\reg_file.register$wrmux[1][1][17]$y$3540, Q = \reg_file.register[1] [17]).
Adding EN signal on $memory\reg_file.register[1]$2777 ($dff) from module Pip_RV32IM_AHB (D = $memory\reg_file.register$wrmux[1][1][18]$y$3544, Q = \reg_file.register[1] [18]).
Adding EN signal on $memory\reg_file.register[1]$2777 ($dff) from module Pip_RV32IM_AHB (D = $memory\reg_file.register$wrmux[1][1][19]$y$3548, Q = \reg_file.register[1] [19]).
Adding EN signal on $memory\reg_file.register[1]$2777 ($dff) from module Pip_RV32IM_AHB (D = $memory\reg_file.register$wrmux[1][1][20]$y$3552, Q = \reg_file.register[1] [20]).
Adding EN signal on $memory\reg_file.register[1]$2777 ($dff) from module Pip_RV32IM_AHB (D = $memory\reg_file.register$wrmux[1][1][21]$y$3556, Q = \reg_file.register[1] [21]).
Adding EN signal on $memory\reg_file.register[1]$2777 ($dff) from module Pip_RV32IM_AHB (D = $memory\reg_file.register$wrmux[1][1][22]$y$3560, Q = \reg_file.register[1] [22]).
Adding EN signal on $memory\reg_file.register[1]$2777 ($dff) from module Pip_RV32IM_AHB (D = $memory\reg_file.register$wrmux[1][1][23]$y$3564, Q = \reg_file.register[1] [23]).
Adding EN signal on $memory\reg_file.register[1]$2777 ($dff) from module Pip_RV32IM_AHB (D = $memory\reg_file.register$wrmux[1][1][24]$y$3568, Q = \reg_file.register[1] [24]).
Adding EN signal on $memory\reg_file.register[1]$2777 ($dff) from module Pip_RV32IM_AHB (D = $memory\reg_file.register$wrmux[1][1][25]$y$3572, Q = \reg_file.register[1] [25]).
Adding EN signal on $memory\reg_file.register[1]$2777 ($dff) from module Pip_RV32IM_AHB (D = $memory\reg_file.register$wrmux[1][1][26]$y$3576, Q = \reg_file.register[1] [26]).
Adding EN signal on $memory\reg_file.register[1]$2777 ($dff) from module Pip_RV32IM_AHB (D = $memory\reg_file.register$wrmux[1][1][27]$y$3580, Q = \reg_file.register[1] [27]).
Adding EN signal on $memory\reg_file.register[1]$2777 ($dff) from module Pip_RV32IM_AHB (D = $memory\reg_file.register$wrmux[1][1][28]$y$3584, Q = \reg_file.register[1] [28]).
Adding EN signal on $memory\reg_file.register[1]$2777 ($dff) from module Pip_RV32IM_AHB (D = $memory\reg_file.register$wrmux[1][1][29]$y$3588, Q = \reg_file.register[1] [29]).
Adding EN signal on $memory\reg_file.register[1]$2777 ($dff) from module Pip_RV32IM_AHB (D = $memory\reg_file.register$wrmux[1][1][30]$y$3592, Q = \reg_file.register[1] [30]).
Adding EN signal on $memory\reg_file.register[1]$2777 ($dff) from module Pip_RV32IM_AHB (D = $memory\reg_file.register$wrmux[1][1][31]$y$3596, Q = \reg_file.register[1] [31]).
Adding EN signal on $memory\reg_file.register[2]$2779 ($dff) from module Pip_RV32IM_AHB (D = $memory\reg_file.register$wrmux[2][1][0]$y$3740, Q = \reg_file.register[2] [0]).
Adding EN signal on $memory\reg_file.register[2]$2779 ($dff) from module Pip_RV32IM_AHB (D = $memory\reg_file.register$wrmux[2][1][1]$y$3744, Q = \reg_file.register[2] [1]).
Adding EN signal on $memory\reg_file.register[2]$2779 ($dff) from module Pip_RV32IM_AHB (D = $memory\reg_file.register$wrmux[2][1][2]$y$3748, Q = \reg_file.register[2] [2]).
Adding EN signal on $memory\reg_file.register[2]$2779 ($dff) from module Pip_RV32IM_AHB (D = $memory\reg_file.register$wrmux[2][1][3]$y$3752, Q = \reg_file.register[2] [3]).
Adding EN signal on $memory\reg_file.register[2]$2779 ($dff) from module Pip_RV32IM_AHB (D = $memory\reg_file.register$wrmux[2][1][4]$y$3756, Q = \reg_file.register[2] [4]).
Adding EN signal on $memory\reg_file.register[2]$2779 ($dff) from module Pip_RV32IM_AHB (D = $memory\reg_file.register$wrmux[2][1][5]$y$3760, Q = \reg_file.register[2] [5]).
Adding EN signal on $memory\reg_file.register[2]$2779 ($dff) from module Pip_RV32IM_AHB (D = $memory\reg_file.register$wrmux[2][1][6]$y$3764, Q = \reg_file.register[2] [6]).
Adding EN signal on $memory\reg_file.register[2]$2779 ($dff) from module Pip_RV32IM_AHB (D = $memory\reg_file.register$wrmux[2][1][7]$y$3768, Q = \reg_file.register[2] [7]).
Adding EN signal on $memory\reg_file.register[2]$2779 ($dff) from module Pip_RV32IM_AHB (D = $memory\reg_file.register$wrmux[2][1][8]$y$3772, Q = \reg_file.register[2] [8]).
Adding EN signal on $memory\reg_file.register[2]$2779 ($dff) from module Pip_RV32IM_AHB (D = $memory\reg_file.register$wrmux[2][1][9]$y$3776, Q = \reg_file.register[2] [9]).
Adding EN signal on $memory\reg_file.register[2]$2779 ($dff) from module Pip_RV32IM_AHB (D = $memory\reg_file.register$wrmux[2][1][10]$y$3780, Q = \reg_file.register[2] [10]).
Adding EN signal on $memory\reg_file.register[2]$2779 ($dff) from module Pip_RV32IM_AHB (D = $memory\reg_file.register$wrmux[2][1][11]$y$3784, Q = \reg_file.register[2] [11]).
Adding EN signal on $memory\reg_file.register[2]$2779 ($dff) from module Pip_RV32IM_AHB (D = $memory\reg_file.register$wrmux[2][1][12]$y$3788, Q = \reg_file.register[2] [12]).
Adding EN signal on $memory\reg_file.register[2]$2779 ($dff) from module Pip_RV32IM_AHB (D = $memory\reg_file.register$wrmux[2][1][13]$y$3792, Q = \reg_file.register[2] [13]).
Adding EN signal on $memory\reg_file.register[2]$2779 ($dff) from module Pip_RV32IM_AHB (D = $memory\reg_file.register$wrmux[2][1][14]$y$3796, Q = \reg_file.register[2] [14]).
Adding EN signal on $memory\reg_file.register[2]$2779 ($dff) from module Pip_RV32IM_AHB (D = $memory\reg_file.register$wrmux[2][1][15]$y$3800, Q = \reg_file.register[2] [15]).
Adding EN signal on $memory\reg_file.register[2]$2779 ($dff) from module Pip_RV32IM_AHB (D = $memory\reg_file.register$wrmux[2][1][16]$y$3804, Q = \reg_file.register[2] [16]).
Adding EN signal on $memory\reg_file.register[2]$2779 ($dff) from module Pip_RV32IM_AHB (D = $memory\reg_file.register$wrmux[2][1][17]$y$3808, Q = \reg_file.register[2] [17]).
Adding EN signal on $memory\reg_file.register[2]$2779 ($dff) from module Pip_RV32IM_AHB (D = $memory\reg_file.register$wrmux[2][1][18]$y$3812, Q = \reg_file.register[2] [18]).
Adding EN signal on $memory\reg_file.register[2]$2779 ($dff) from module Pip_RV32IM_AHB (D = $memory\reg_file.register$wrmux[2][1][19]$y$3816, Q = \reg_file.register[2] [19]).
Adding EN signal on $memory\reg_file.register[2]$2779 ($dff) from module Pip_RV32IM_AHB (D = $memory\reg_file.register$wrmux[2][1][20]$y$3820, Q = \reg_file.register[2] [20]).
Adding EN signal on $memory\reg_file.register[2]$2779 ($dff) from module Pip_RV32IM_AHB (D = $memory\reg_file.register$wrmux[2][1][21]$y$3824, Q = \reg_file.register[2] [21]).
Adding EN signal on $memory\reg_file.register[2]$2779 ($dff) from module Pip_RV32IM_AHB (D = $memory\reg_file.register$wrmux[2][1][22]$y$3828, Q = \reg_file.register[2] [22]).
Adding EN signal on $memory\reg_file.register[2]$2779 ($dff) from module Pip_RV32IM_AHB (D = $memory\reg_file.register$wrmux[2][1][23]$y$3832, Q = \reg_file.register[2] [23]).
Adding EN signal on $memory\reg_file.register[2]$2779 ($dff) from module Pip_RV32IM_AHB (D = $memory\reg_file.register$wrmux[2][1][24]$y$3836, Q = \reg_file.register[2] [24]).
Adding EN signal on $memory\reg_file.register[2]$2779 ($dff) from module Pip_RV32IM_AHB (D = $memory\reg_file.register$wrmux[2][1][25]$y$3840, Q = \reg_file.register[2] [25]).
Adding EN signal on $memory\reg_file.register[2]$2779 ($dff) from module Pip_RV32IM_AHB (D = $memory\reg_file.register$wrmux[2][1][26]$y$3844, Q = \reg_file.register[2] [26]).
Adding EN signal on $memory\reg_file.register[2]$2779 ($dff) from module Pip_RV32IM_AHB (D = $memory\reg_file.register$wrmux[2][1][27]$y$3848, Q = \reg_file.register[2] [27]).
Adding EN signal on $memory\reg_file.register[2]$2779 ($dff) from module Pip_RV32IM_AHB (D = $memory\reg_file.register$wrmux[2][1][28]$y$3852, Q = \reg_file.register[2] [28]).
Adding EN signal on $memory\reg_file.register[2]$2779 ($dff) from module Pip_RV32IM_AHB (D = $memory\reg_file.register$wrmux[2][1][29]$y$3856, Q = \reg_file.register[2] [29]).
Adding EN signal on $memory\reg_file.register[2]$2779 ($dff) from module Pip_RV32IM_AHB (D = $memory\reg_file.register$wrmux[2][1][30]$y$3860, Q = \reg_file.register[2] [30]).
Adding EN signal on $memory\reg_file.register[2]$2779 ($dff) from module Pip_RV32IM_AHB (D = $memory\reg_file.register$wrmux[2][1][31]$y$3864, Q = \reg_file.register[2] [31]).
Adding EN signal on $memory\reg_file.register[3]$2781 ($dff) from module Pip_RV32IM_AHB (D = $memory\reg_file.register$wrmux[3][1][31]$y$4130, Q = \reg_file.register[3] [31]).
Adding EN signal on $memory\reg_file.register[3]$2781 ($dff) from module Pip_RV32IM_AHB (D = $memory\reg_file.register$wrmux[3][1][30]$y$4126, Q = \reg_file.register[3] [30]).
Adding EN signal on $memory\reg_file.register[3]$2781 ($dff) from module Pip_RV32IM_AHB (D = $memory\reg_file.register$wrmux[3][1][29]$y$4122, Q = \reg_file.register[3] [29]).
Adding EN signal on $memory\reg_file.register[3]$2781 ($dff) from module Pip_RV32IM_AHB (D = $memory\reg_file.register$wrmux[3][1][28]$y$4118, Q = \reg_file.register[3] [28]).
Adding EN signal on $memory\reg_file.register[3]$2781 ($dff) from module Pip_RV32IM_AHB (D = $memory\reg_file.register$wrmux[3][1][27]$y$4114, Q = \reg_file.register[3] [27]).
Adding EN signal on $memory\reg_file.register[3]$2781 ($dff) from module Pip_RV32IM_AHB (D = $memory\reg_file.register$wrmux[3][1][26]$y$4110, Q = \reg_file.register[3] [26]).
Adding EN signal on $memory\reg_file.register[3]$2781 ($dff) from module Pip_RV32IM_AHB (D = $memory\reg_file.register$wrmux[3][1][25]$y$4106, Q = \reg_file.register[3] [25]).
Adding EN signal on $memory\reg_file.register[3]$2781 ($dff) from module Pip_RV32IM_AHB (D = $memory\reg_file.register$wrmux[3][1][24]$y$4102, Q = \reg_file.register[3] [24]).
Adding EN signal on $memory\reg_file.register[3]$2781 ($dff) from module Pip_RV32IM_AHB (D = $memory\reg_file.register$wrmux[3][1][23]$y$4098, Q = \reg_file.register[3] [23]).
Adding EN signal on $memory\reg_file.register[3]$2781 ($dff) from module Pip_RV32IM_AHB (D = $memory\reg_file.register$wrmux[3][1][22]$y$4094, Q = \reg_file.register[3] [22]).
Adding EN signal on $memory\reg_file.register[3]$2781 ($dff) from module Pip_RV32IM_AHB (D = $memory\reg_file.register$wrmux[3][1][21]$y$4090, Q = \reg_file.register[3] [21]).
Adding EN signal on $memory\reg_file.register[3]$2781 ($dff) from module Pip_RV32IM_AHB (D = $memory\reg_file.register$wrmux[3][1][20]$y$4086, Q = \reg_file.register[3] [20]).
Adding EN signal on $memory\reg_file.register[3]$2781 ($dff) from module Pip_RV32IM_AHB (D = $memory\reg_file.register$wrmux[3][1][19]$y$4082, Q = \reg_file.register[3] [19]).
Adding EN signal on $memory\reg_file.register[3]$2781 ($dff) from module Pip_RV32IM_AHB (D = $memory\reg_file.register$wrmux[3][1][18]$y$4078, Q = \reg_file.register[3] [18]).
Adding EN signal on $memory\reg_file.register[3]$2781 ($dff) from module Pip_RV32IM_AHB (D = $memory\reg_file.register$wrmux[3][1][17]$y$4074, Q = \reg_file.register[3] [17]).
Adding EN signal on $memory\reg_file.register[3]$2781 ($dff) from module Pip_RV32IM_AHB (D = $memory\reg_file.register$wrmux[3][1][16]$y$4070, Q = \reg_file.register[3] [16]).
Adding EN signal on $memory\reg_file.register[3]$2781 ($dff) from module Pip_RV32IM_AHB (D = $memory\reg_file.register$wrmux[3][1][15]$y$4066, Q = \reg_file.register[3] [15]).
Adding EN signal on $memory\reg_file.register[3]$2781 ($dff) from module Pip_RV32IM_AHB (D = $memory\reg_file.register$wrmux[3][1][14]$y$4062, Q = \reg_file.register[3] [14]).
Adding EN signal on $memory\reg_file.register[3]$2781 ($dff) from module Pip_RV32IM_AHB (D = $memory\reg_file.register$wrmux[3][1][13]$y$4058, Q = \reg_file.register[3] [13]).
Adding EN signal on $memory\reg_file.register[3]$2781 ($dff) from module Pip_RV32IM_AHB (D = $memory\reg_file.register$wrmux[3][1][12]$y$4054, Q = \reg_file.register[3] [12]).
Adding EN signal on $memory\reg_file.register[3]$2781 ($dff) from module Pip_RV32IM_AHB (D = $memory\reg_file.register$wrmux[3][1][11]$y$4050, Q = \reg_file.register[3] [11]).
Adding EN signal on $memory\reg_file.register[3]$2781 ($dff) from module Pip_RV32IM_AHB (D = $memory\reg_file.register$wrmux[3][1][10]$y$4046, Q = \reg_file.register[3] [10]).
Adding EN signal on $memory\reg_file.register[3]$2781 ($dff) from module Pip_RV32IM_AHB (D = $memory\reg_file.register$wrmux[3][1][9]$y$4042, Q = \reg_file.register[3] [9]).
Adding EN signal on $memory\reg_file.register[3]$2781 ($dff) from module Pip_RV32IM_AHB (D = $memory\reg_file.register$wrmux[3][1][8]$y$4038, Q = \reg_file.register[3] [8]).
Adding EN signal on $memory\reg_file.register[3]$2781 ($dff) from module Pip_RV32IM_AHB (D = $memory\reg_file.register$wrmux[3][1][7]$y$4034, Q = \reg_file.register[3] [7]).
Adding EN signal on $memory\reg_file.register[3]$2781 ($dff) from module Pip_RV32IM_AHB (D = $memory\reg_file.register$wrmux[3][1][6]$y$4030, Q = \reg_file.register[3] [6]).
Adding EN signal on $memory\reg_file.register[3]$2781 ($dff) from module Pip_RV32IM_AHB (D = $memory\reg_file.register$wrmux[3][1][5]$y$4026, Q = \reg_file.register[3] [5]).
Adding EN signal on $memory\reg_file.register[3]$2781 ($dff) from module Pip_RV32IM_AHB (D = $memory\reg_file.register$wrmux[3][1][4]$y$4022, Q = \reg_file.register[3] [4]).
Adding EN signal on $memory\reg_file.register[3]$2781 ($dff) from module Pip_RV32IM_AHB (D = $memory\reg_file.register$wrmux[3][1][3]$y$4018, Q = \reg_file.register[3] [3]).
Adding EN signal on $memory\reg_file.register[3]$2781 ($dff) from module Pip_RV32IM_AHB (D = $memory\reg_file.register$wrmux[3][1][2]$y$4014, Q = \reg_file.register[3] [2]).
Adding EN signal on $memory\reg_file.register[3]$2781 ($dff) from module Pip_RV32IM_AHB (D = $memory\reg_file.register$wrmux[3][1][1]$y$4010, Q = \reg_file.register[3] [1]).
Adding EN signal on $memory\reg_file.register[3]$2781 ($dff) from module Pip_RV32IM_AHB (D = $memory\reg_file.register$wrmux[3][1][0]$y$4006, Q = \reg_file.register[3] [0]).
Adding EN signal on $memory\reg_file.register[4]$2783 ($dff) from module Pip_RV32IM_AHB (D = $memory\reg_file.register$wrmux[4][1][31]$y$4398, Q = \reg_file.register[4] [31]).
Adding EN signal on $memory\reg_file.register[4]$2783 ($dff) from module Pip_RV32IM_AHB (D = $memory\reg_file.register$wrmux[4][1][30]$y$4394, Q = \reg_file.register[4] [30]).
Adding EN signal on $memory\reg_file.register[4]$2783 ($dff) from module Pip_RV32IM_AHB (D = $memory\reg_file.register$wrmux[4][1][29]$y$4390, Q = \reg_file.register[4] [29]).
Adding EN signal on $memory\reg_file.register[4]$2783 ($dff) from module Pip_RV32IM_AHB (D = $memory\reg_file.register$wrmux[4][1][28]$y$4386, Q = \reg_file.register[4] [28]).
Adding EN signal on $memory\reg_file.register[4]$2783 ($dff) from module Pip_RV32IM_AHB (D = $memory\reg_file.register$wrmux[4][1][27]$y$4382, Q = \reg_file.register[4] [27]).
Adding EN signal on $memory\reg_file.register[4]$2783 ($dff) from module Pip_RV32IM_AHB (D = $memory\reg_file.register$wrmux[4][1][26]$y$4378, Q = \reg_file.register[4] [26]).
Adding EN signal on $memory\reg_file.register[4]$2783 ($dff) from module Pip_RV32IM_AHB (D = $memory\reg_file.register$wrmux[4][1][25]$y$4374, Q = \reg_file.register[4] [25]).
Adding EN signal on $memory\reg_file.register[4]$2783 ($dff) from module Pip_RV32IM_AHB (D = $memory\reg_file.register$wrmux[4][1][24]$y$4370, Q = \reg_file.register[4] [24]).
Adding EN signal on $memory\reg_file.register[4]$2783 ($dff) from module Pip_RV32IM_AHB (D = $memory\reg_file.register$wrmux[4][1][23]$y$4366, Q = \reg_file.register[4] [23]).
Adding EN signal on $memory\reg_file.register[4]$2783 ($dff) from module Pip_RV32IM_AHB (D = $memory\reg_file.register$wrmux[4][1][22]$y$4362, Q = \reg_file.register[4] [22]).
Adding EN signal on $memory\reg_file.register[4]$2783 ($dff) from module Pip_RV32IM_AHB (D = $memory\reg_file.register$wrmux[4][1][21]$y$4358, Q = \reg_file.register[4] [21]).
Adding EN signal on $memory\reg_file.register[4]$2783 ($dff) from module Pip_RV32IM_AHB (D = $memory\reg_file.register$wrmux[4][1][20]$y$4354, Q = \reg_file.register[4] [20]).
Adding EN signal on $memory\reg_file.register[4]$2783 ($dff) from module Pip_RV32IM_AHB (D = $memory\reg_file.register$wrmux[4][1][19]$y$4350, Q = \reg_file.register[4] [19]).
Adding EN signal on $memory\reg_file.register[4]$2783 ($dff) from module Pip_RV32IM_AHB (D = $memory\reg_file.register$wrmux[4][1][18]$y$4346, Q = \reg_file.register[4] [18]).
Adding EN signal on $memory\reg_file.register[4]$2783 ($dff) from module Pip_RV32IM_AHB (D = $memory\reg_file.register$wrmux[4][1][17]$y$4342, Q = \reg_file.register[4] [17]).
Adding EN signal on $memory\reg_file.register[4]$2783 ($dff) from module Pip_RV32IM_AHB (D = $memory\reg_file.register$wrmux[4][1][16]$y$4338, Q = \reg_file.register[4] [16]).
Adding EN signal on $memory\reg_file.register[4]$2783 ($dff) from module Pip_RV32IM_AHB (D = $memory\reg_file.register$wrmux[4][1][15]$y$4334, Q = \reg_file.register[4] [15]).
Adding EN signal on $memory\reg_file.register[4]$2783 ($dff) from module Pip_RV32IM_AHB (D = $memory\reg_file.register$wrmux[4][1][14]$y$4330, Q = \reg_file.register[4] [14]).
Adding EN signal on $memory\reg_file.register[4]$2783 ($dff) from module Pip_RV32IM_AHB (D = $memory\reg_file.register$wrmux[4][1][13]$y$4326, Q = \reg_file.register[4] [13]).
Adding EN signal on $memory\reg_file.register[4]$2783 ($dff) from module Pip_RV32IM_AHB (D = $memory\reg_file.register$wrmux[4][1][12]$y$4322, Q = \reg_file.register[4] [12]).
Adding EN signal on $memory\reg_file.register[4]$2783 ($dff) from module Pip_RV32IM_AHB (D = $memory\reg_file.register$wrmux[4][1][11]$y$4318, Q = \reg_file.register[4] [11]).
Adding EN signal on $memory\reg_file.register[4]$2783 ($dff) from module Pip_RV32IM_AHB (D = $memory\reg_file.register$wrmux[4][1][10]$y$4314, Q = \reg_file.register[4] [10]).
Adding EN signal on $memory\reg_file.register[4]$2783 ($dff) from module Pip_RV32IM_AHB (D = $memory\reg_file.register$wrmux[4][1][9]$y$4310, Q = \reg_file.register[4] [9]).
Adding EN signal on $memory\reg_file.register[4]$2783 ($dff) from module Pip_RV32IM_AHB (D = $memory\reg_file.register$wrmux[4][1][8]$y$4306, Q = \reg_file.register[4] [8]).
Adding EN signal on $memory\reg_file.register[4]$2783 ($dff) from module Pip_RV32IM_AHB (D = $memory\reg_file.register$wrmux[4][1][7]$y$4302, Q = \reg_file.register[4] [7]).
Adding EN signal on $memory\reg_file.register[4]$2783 ($dff) from module Pip_RV32IM_AHB (D = $memory\reg_file.register$wrmux[4][1][6]$y$4298, Q = \reg_file.register[4] [6]).
Adding EN signal on $memory\reg_file.register[4]$2783 ($dff) from module Pip_RV32IM_AHB (D = $memory\reg_file.register$wrmux[4][1][5]$y$4294, Q = \reg_file.register[4] [5]).
Adding EN signal on $memory\reg_file.register[4]$2783 ($dff) from module Pip_RV32IM_AHB (D = $memory\reg_file.register$wrmux[4][1][4]$y$4290, Q = \reg_file.register[4] [4]).
Adding EN signal on $memory\reg_file.register[4]$2783 ($dff) from module Pip_RV32IM_AHB (D = $memory\reg_file.register$wrmux[4][1][3]$y$4286, Q = \reg_file.register[4] [3]).
Adding EN signal on $memory\reg_file.register[4]$2783 ($dff) from module Pip_RV32IM_AHB (D = $memory\reg_file.register$wrmux[4][1][2]$y$4282, Q = \reg_file.register[4] [2]).
Adding EN signal on $memory\reg_file.register[4]$2783 ($dff) from module Pip_RV32IM_AHB (D = $memory\reg_file.register$wrmux[4][1][1]$y$4278, Q = \reg_file.register[4] [1]).
Adding EN signal on $memory\reg_file.register[4]$2783 ($dff) from module Pip_RV32IM_AHB (D = $memory\reg_file.register$wrmux[4][1][0]$y$4274, Q = \reg_file.register[4] [0]).
Adding EN signal on $memory\reg_file.register[5]$2785 ($dff) from module Pip_RV32IM_AHB (D = $memory\reg_file.register$wrmux[5][1][31]$y$4662, Q = \reg_file.register[5] [31]).
Adding EN signal on $memory\reg_file.register[5]$2785 ($dff) from module Pip_RV32IM_AHB (D = $memory\reg_file.register$wrmux[5][1][30]$y$4658, Q = \reg_file.register[5] [30]).
Adding EN signal on $memory\reg_file.register[5]$2785 ($dff) from module Pip_RV32IM_AHB (D = $memory\reg_file.register$wrmux[5][1][29]$y$4654, Q = \reg_file.register[5] [29]).
Adding EN signal on $memory\reg_file.register[5]$2785 ($dff) from module Pip_RV32IM_AHB (D = $memory\reg_file.register$wrmux[5][1][28]$y$4650, Q = \reg_file.register[5] [28]).
Adding EN signal on $memory\reg_file.register[5]$2785 ($dff) from module Pip_RV32IM_AHB (D = $memory\reg_file.register$wrmux[5][1][27]$y$4646, Q = \reg_file.register[5] [27]).
Adding EN signal on $memory\reg_file.register[5]$2785 ($dff) from module Pip_RV32IM_AHB (D = $memory\reg_file.register$wrmux[5][1][26]$y$4642, Q = \reg_file.register[5] [26]).
Adding EN signal on $memory\reg_file.register[5]$2785 ($dff) from module Pip_RV32IM_AHB (D = $memory\reg_file.register$wrmux[5][1][25]$y$4638, Q = \reg_file.register[5] [25]).
Adding EN signal on $memory\reg_file.register[5]$2785 ($dff) from module Pip_RV32IM_AHB (D = $memory\reg_file.register$wrmux[5][1][24]$y$4634, Q = \reg_file.register[5] [24]).
Adding EN signal on $memory\reg_file.register[5]$2785 ($dff) from module Pip_RV32IM_AHB (D = $memory\reg_file.register$wrmux[5][1][23]$y$4630, Q = \reg_file.register[5] [23]).
Adding EN signal on $memory\reg_file.register[5]$2785 ($dff) from module Pip_RV32IM_AHB (D = $memory\reg_file.register$wrmux[5][1][22]$y$4626, Q = \reg_file.register[5] [22]).
Adding EN signal on $memory\reg_file.register[5]$2785 ($dff) from module Pip_RV32IM_AHB (D = $memory\reg_file.register$wrmux[5][1][21]$y$4622, Q = \reg_file.register[5] [21]).
Adding EN signal on $memory\reg_file.register[5]$2785 ($dff) from module Pip_RV32IM_AHB (D = $memory\reg_file.register$wrmux[5][1][20]$y$4618, Q = \reg_file.register[5] [20]).
Adding EN signal on $memory\reg_file.register[5]$2785 ($dff) from module Pip_RV32IM_AHB (D = $memory\reg_file.register$wrmux[5][1][19]$y$4614, Q = \reg_file.register[5] [19]).
Adding EN signal on $memory\reg_file.register[5]$2785 ($dff) from module Pip_RV32IM_AHB (D = $memory\reg_file.register$wrmux[5][1][18]$y$4610, Q = \reg_file.register[5] [18]).
Adding EN signal on $memory\reg_file.register[5]$2785 ($dff) from module Pip_RV32IM_AHB (D = $memory\reg_file.register$wrmux[5][1][17]$y$4606, Q = \reg_file.register[5] [17]).
Adding EN signal on $memory\reg_file.register[5]$2785 ($dff) from module Pip_RV32IM_AHB (D = $memory\reg_file.register$wrmux[5][1][16]$y$4602, Q = \reg_file.register[5] [16]).
Adding EN signal on $memory\reg_file.register[5]$2785 ($dff) from module Pip_RV32IM_AHB (D = $memory\reg_file.register$wrmux[5][1][15]$y$4598, Q = \reg_file.register[5] [15]).
Adding EN signal on $memory\reg_file.register[5]$2785 ($dff) from module Pip_RV32IM_AHB (D = $memory\reg_file.register$wrmux[5][1][14]$y$4594, Q = \reg_file.register[5] [14]).
Adding EN signal on $memory\reg_file.register[5]$2785 ($dff) from module Pip_RV32IM_AHB (D = $memory\reg_file.register$wrmux[5][1][13]$y$4590, Q = \reg_file.register[5] [13]).
Adding EN signal on $memory\reg_file.register[5]$2785 ($dff) from module Pip_RV32IM_AHB (D = $memory\reg_file.register$wrmux[5][1][12]$y$4586, Q = \reg_file.register[5] [12]).
Adding EN signal on $memory\reg_file.register[5]$2785 ($dff) from module Pip_RV32IM_AHB (D = $memory\reg_file.register$wrmux[5][1][11]$y$4582, Q = \reg_file.register[5] [11]).
Adding EN signal on $memory\reg_file.register[5]$2785 ($dff) from module Pip_RV32IM_AHB (D = $memory\reg_file.register$wrmux[5][1][10]$y$4578, Q = \reg_file.register[5] [10]).
Adding EN signal on $memory\reg_file.register[5]$2785 ($dff) from module Pip_RV32IM_AHB (D = $memory\reg_file.register$wrmux[5][1][9]$y$4574, Q = \reg_file.register[5] [9]).
Adding EN signal on $memory\reg_file.register[5]$2785 ($dff) from module Pip_RV32IM_AHB (D = $memory\reg_file.register$wrmux[5][1][8]$y$4570, Q = \reg_file.register[5] [8]).
Adding EN signal on $memory\reg_file.register[5]$2785 ($dff) from module Pip_RV32IM_AHB (D = $memory\reg_file.register$wrmux[5][1][7]$y$4566, Q = \reg_file.register[5] [7]).
Adding EN signal on $memory\reg_file.register[5]$2785 ($dff) from module Pip_RV32IM_AHB (D = $memory\reg_file.register$wrmux[5][1][6]$y$4562, Q = \reg_file.register[5] [6]).
Adding EN signal on $memory\reg_file.register[5]$2785 ($dff) from module Pip_RV32IM_AHB (D = $memory\reg_file.register$wrmux[5][1][5]$y$4558, Q = \reg_file.register[5] [5]).
Adding EN signal on $memory\reg_file.register[5]$2785 ($dff) from module Pip_RV32IM_AHB (D = $memory\reg_file.register$wrmux[5][1][4]$y$4554, Q = \reg_file.register[5] [4]).
Adding EN signal on $memory\reg_file.register[5]$2785 ($dff) from module Pip_RV32IM_AHB (D = $memory\reg_file.register$wrmux[5][1][3]$y$4550, Q = \reg_file.register[5] [3]).
Adding EN signal on $memory\reg_file.register[5]$2785 ($dff) from module Pip_RV32IM_AHB (D = $memory\reg_file.register$wrmux[5][1][2]$y$4546, Q = \reg_file.register[5] [2]).
Adding EN signal on $memory\reg_file.register[5]$2785 ($dff) from module Pip_RV32IM_AHB (D = $memory\reg_file.register$wrmux[5][1][1]$y$4542, Q = \reg_file.register[5] [1]).
Adding EN signal on $memory\reg_file.register[5]$2785 ($dff) from module Pip_RV32IM_AHB (D = $memory\reg_file.register$wrmux[5][1][0]$y$4538, Q = \reg_file.register[5] [0]).
Adding EN signal on $memory\reg_file.register[6]$2787 ($dff) from module Pip_RV32IM_AHB (D = $memory\reg_file.register$wrmux[6][1][31]$y$4926, Q = \reg_file.register[6] [31]).
Adding EN signal on $memory\reg_file.register[6]$2787 ($dff) from module Pip_RV32IM_AHB (D = $memory\reg_file.register$wrmux[6][1][30]$y$4922, Q = \reg_file.register[6] [30]).
Adding EN signal on $memory\reg_file.register[6]$2787 ($dff) from module Pip_RV32IM_AHB (D = $memory\reg_file.register$wrmux[6][1][29]$y$4918, Q = \reg_file.register[6] [29]).
Adding EN signal on $memory\reg_file.register[6]$2787 ($dff) from module Pip_RV32IM_AHB (D = $memory\reg_file.register$wrmux[6][1][28]$y$4914, Q = \reg_file.register[6] [28]).
Adding EN signal on $memory\reg_file.register[6]$2787 ($dff) from module Pip_RV32IM_AHB (D = $memory\reg_file.register$wrmux[6][1][27]$y$4910, Q = \reg_file.register[6] [27]).
Adding EN signal on $memory\reg_file.register[6]$2787 ($dff) from module Pip_RV32IM_AHB (D = $memory\reg_file.register$wrmux[6][1][26]$y$4906, Q = \reg_file.register[6] [26]).
Adding EN signal on $memory\reg_file.register[6]$2787 ($dff) from module Pip_RV32IM_AHB (D = $memory\reg_file.register$wrmux[6][1][25]$y$4902, Q = \reg_file.register[6] [25]).
Adding EN signal on $memory\reg_file.register[6]$2787 ($dff) from module Pip_RV32IM_AHB (D = $memory\reg_file.register$wrmux[6][1][24]$y$4898, Q = \reg_file.register[6] [24]).
Adding EN signal on $memory\reg_file.register[6]$2787 ($dff) from module Pip_RV32IM_AHB (D = $memory\reg_file.register$wrmux[6][1][23]$y$4894, Q = \reg_file.register[6] [23]).
Adding EN signal on $memory\reg_file.register[6]$2787 ($dff) from module Pip_RV32IM_AHB (D = $memory\reg_file.register$wrmux[6][1][22]$y$4890, Q = \reg_file.register[6] [22]).
Adding EN signal on $memory\reg_file.register[6]$2787 ($dff) from module Pip_RV32IM_AHB (D = $memory\reg_file.register$wrmux[6][1][21]$y$4886, Q = \reg_file.register[6] [21]).
Adding EN signal on $memory\reg_file.register[6]$2787 ($dff) from module Pip_RV32IM_AHB (D = $memory\reg_file.register$wrmux[6][1][20]$y$4882, Q = \reg_file.register[6] [20]).
Adding EN signal on $memory\reg_file.register[6]$2787 ($dff) from module Pip_RV32IM_AHB (D = $memory\reg_file.register$wrmux[6][1][19]$y$4878, Q = \reg_file.register[6] [19]).
Adding EN signal on $memory\reg_file.register[6]$2787 ($dff) from module Pip_RV32IM_AHB (D = $memory\reg_file.register$wrmux[6][1][18]$y$4874, Q = \reg_file.register[6] [18]).
Adding EN signal on $memory\reg_file.register[6]$2787 ($dff) from module Pip_RV32IM_AHB (D = $memory\reg_file.register$wrmux[6][1][17]$y$4870, Q = \reg_file.register[6] [17]).
Adding EN signal on $memory\reg_file.register[6]$2787 ($dff) from module Pip_RV32IM_AHB (D = $memory\reg_file.register$wrmux[6][1][16]$y$4866, Q = \reg_file.register[6] [16]).
Adding EN signal on $memory\reg_file.register[6]$2787 ($dff) from module Pip_RV32IM_AHB (D = $memory\reg_file.register$wrmux[6][1][15]$y$4862, Q = \reg_file.register[6] [15]).
Adding EN signal on $memory\reg_file.register[6]$2787 ($dff) from module Pip_RV32IM_AHB (D = $memory\reg_file.register$wrmux[6][1][14]$y$4858, Q = \reg_file.register[6] [14]).
Adding EN signal on $memory\reg_file.register[6]$2787 ($dff) from module Pip_RV32IM_AHB (D = $memory\reg_file.register$wrmux[6][1][13]$y$4854, Q = \reg_file.register[6] [13]).
Adding EN signal on $memory\reg_file.register[6]$2787 ($dff) from module Pip_RV32IM_AHB (D = $memory\reg_file.register$wrmux[6][1][12]$y$4850, Q = \reg_file.register[6] [12]).
Adding EN signal on $memory\reg_file.register[6]$2787 ($dff) from module Pip_RV32IM_AHB (D = $memory\reg_file.register$wrmux[6][1][11]$y$4846, Q = \reg_file.register[6] [11]).
Adding EN signal on $memory\reg_file.register[6]$2787 ($dff) from module Pip_RV32IM_AHB (D = $memory\reg_file.register$wrmux[6][1][10]$y$4842, Q = \reg_file.register[6] [10]).
Adding EN signal on $memory\reg_file.register[6]$2787 ($dff) from module Pip_RV32IM_AHB (D = $memory\reg_file.register$wrmux[6][1][9]$y$4838, Q = \reg_file.register[6] [9]).
Adding EN signal on $memory\reg_file.register[6]$2787 ($dff) from module Pip_RV32IM_AHB (D = $memory\reg_file.register$wrmux[6][1][8]$y$4834, Q = \reg_file.register[6] [8]).
Adding EN signal on $memory\reg_file.register[6]$2787 ($dff) from module Pip_RV32IM_AHB (D = $memory\reg_file.register$wrmux[6][1][7]$y$4830, Q = \reg_file.register[6] [7]).
Adding EN signal on $memory\reg_file.register[6]$2787 ($dff) from module Pip_RV32IM_AHB (D = $memory\reg_file.register$wrmux[6][1][6]$y$4826, Q = \reg_file.register[6] [6]).
Adding EN signal on $memory\reg_file.register[6]$2787 ($dff) from module Pip_RV32IM_AHB (D = $memory\reg_file.register$wrmux[6][1][5]$y$4822, Q = \reg_file.register[6] [5]).
Adding EN signal on $memory\reg_file.register[6]$2787 ($dff) from module Pip_RV32IM_AHB (D = $memory\reg_file.register$wrmux[6][1][4]$y$4818, Q = \reg_file.register[6] [4]).
Adding EN signal on $memory\reg_file.register[6]$2787 ($dff) from module Pip_RV32IM_AHB (D = $memory\reg_file.register$wrmux[6][1][3]$y$4814, Q = \reg_file.register[6] [3]).
Adding EN signal on $memory\reg_file.register[6]$2787 ($dff) from module Pip_RV32IM_AHB (D = $memory\reg_file.register$wrmux[6][1][2]$y$4810, Q = \reg_file.register[6] [2]).
Adding EN signal on $memory\reg_file.register[6]$2787 ($dff) from module Pip_RV32IM_AHB (D = $memory\reg_file.register$wrmux[6][1][1]$y$4806, Q = \reg_file.register[6] [1]).
Adding EN signal on $memory\reg_file.register[6]$2787 ($dff) from module Pip_RV32IM_AHB (D = $memory\reg_file.register$wrmux[6][1][0]$y$4802, Q = \reg_file.register[6] [0]).
Adding EN signal on $memory\reg_file.register[7]$2789 ($dff) from module Pip_RV32IM_AHB (D = $memory\reg_file.register$wrmux[7][1][31]$y$5190, Q = \reg_file.register[7] [31]).
Adding EN signal on $memory\reg_file.register[7]$2789 ($dff) from module Pip_RV32IM_AHB (D = $memory\reg_file.register$wrmux[7][1][30]$y$5186, Q = \reg_file.register[7] [30]).
Adding EN signal on $memory\reg_file.register[7]$2789 ($dff) from module Pip_RV32IM_AHB (D = $memory\reg_file.register$wrmux[7][1][29]$y$5182, Q = \reg_file.register[7] [29]).
Adding EN signal on $memory\reg_file.register[7]$2789 ($dff) from module Pip_RV32IM_AHB (D = $memory\reg_file.register$wrmux[7][1][28]$y$5178, Q = \reg_file.register[7] [28]).
Adding EN signal on $memory\reg_file.register[7]$2789 ($dff) from module Pip_RV32IM_AHB (D = $memory\reg_file.register$wrmux[7][1][27]$y$5174, Q = \reg_file.register[7] [27]).
Adding EN signal on $memory\reg_file.register[7]$2789 ($dff) from module Pip_RV32IM_AHB (D = $memory\reg_file.register$wrmux[7][1][26]$y$5170, Q = \reg_file.register[7] [26]).
Adding EN signal on $memory\reg_file.register[7]$2789 ($dff) from module Pip_RV32IM_AHB (D = $memory\reg_file.register$wrmux[7][1][25]$y$5166, Q = \reg_file.register[7] [25]).
Adding EN signal on $memory\reg_file.register[7]$2789 ($dff) from module Pip_RV32IM_AHB (D = $memory\reg_file.register$wrmux[7][1][24]$y$5162, Q = \reg_file.register[7] [24]).
Adding EN signal on $memory\reg_file.register[7]$2789 ($dff) from module Pip_RV32IM_AHB (D = $memory\reg_file.register$wrmux[7][1][23]$y$5158, Q = \reg_file.register[7] [23]).
Adding EN signal on $memory\reg_file.register[7]$2789 ($dff) from module Pip_RV32IM_AHB (D = $memory\reg_file.register$wrmux[7][1][22]$y$5154, Q = \reg_file.register[7] [22]).
Adding EN signal on $memory\reg_file.register[7]$2789 ($dff) from module Pip_RV32IM_AHB (D = $memory\reg_file.register$wrmux[7][1][21]$y$5150, Q = \reg_file.register[7] [21]).
Adding EN signal on $memory\reg_file.register[7]$2789 ($dff) from module Pip_RV32IM_AHB (D = $memory\reg_file.register$wrmux[7][1][20]$y$5146, Q = \reg_file.register[7] [20]).
Adding EN signal on $memory\reg_file.register[7]$2789 ($dff) from module Pip_RV32IM_AHB (D = $memory\reg_file.register$wrmux[7][1][19]$y$5142, Q = \reg_file.register[7] [19]).
Adding EN signal on $memory\reg_file.register[7]$2789 ($dff) from module Pip_RV32IM_AHB (D = $memory\reg_file.register$wrmux[7][1][18]$y$5138, Q = \reg_file.register[7] [18]).
Adding EN signal on $memory\reg_file.register[7]$2789 ($dff) from module Pip_RV32IM_AHB (D = $memory\reg_file.register$wrmux[7][1][17]$y$5134, Q = \reg_file.register[7] [17]).
Adding EN signal on $memory\reg_file.register[7]$2789 ($dff) from module Pip_RV32IM_AHB (D = $memory\reg_file.register$wrmux[7][1][16]$y$5130, Q = \reg_file.register[7] [16]).
Adding EN signal on $memory\reg_file.register[7]$2789 ($dff) from module Pip_RV32IM_AHB (D = $memory\reg_file.register$wrmux[7][1][15]$y$5126, Q = \reg_file.register[7] [15]).
Adding EN signal on $memory\reg_file.register[7]$2789 ($dff) from module Pip_RV32IM_AHB (D = $memory\reg_file.register$wrmux[7][1][14]$y$5122, Q = \reg_file.register[7] [14]).
Adding EN signal on $memory\reg_file.register[7]$2789 ($dff) from module Pip_RV32IM_AHB (D = $memory\reg_file.register$wrmux[7][1][13]$y$5118, Q = \reg_file.register[7] [13]).
Adding EN signal on $memory\reg_file.register[7]$2789 ($dff) from module Pip_RV32IM_AHB (D = $memory\reg_file.register$wrmux[7][1][12]$y$5114, Q = \reg_file.register[7] [12]).
Adding EN signal on $memory\reg_file.register[7]$2789 ($dff) from module Pip_RV32IM_AHB (D = $memory\reg_file.register$wrmux[7][1][11]$y$5110, Q = \reg_file.register[7] [11]).
Adding EN signal on $memory\reg_file.register[7]$2789 ($dff) from module Pip_RV32IM_AHB (D = $memory\reg_file.register$wrmux[7][1][10]$y$5106, Q = \reg_file.register[7] [10]).
Adding EN signal on $memory\reg_file.register[7]$2789 ($dff) from module Pip_RV32IM_AHB (D = $memory\reg_file.register$wrmux[7][1][9]$y$5102, Q = \reg_file.register[7] [9]).
Adding EN signal on $memory\reg_file.register[7]$2789 ($dff) from module Pip_RV32IM_AHB (D = $memory\reg_file.register$wrmux[7][1][8]$y$5098, Q = \reg_file.register[7] [8]).
Adding EN signal on $memory\reg_file.register[7]$2789 ($dff) from module Pip_RV32IM_AHB (D = $memory\reg_file.register$wrmux[7][1][7]$y$5094, Q = \reg_file.register[7] [7]).
Adding EN signal on $memory\reg_file.register[7]$2789 ($dff) from module Pip_RV32IM_AHB (D = $memory\reg_file.register$wrmux[7][1][6]$y$5090, Q = \reg_file.register[7] [6]).
Adding EN signal on $memory\reg_file.register[7]$2789 ($dff) from module Pip_RV32IM_AHB (D = $memory\reg_file.register$wrmux[7][1][5]$y$5086, Q = \reg_file.register[7] [5]).
Adding EN signal on $memory\reg_file.register[7]$2789 ($dff) from module Pip_RV32IM_AHB (D = $memory\reg_file.register$wrmux[7][1][4]$y$5082, Q = \reg_file.register[7] [4]).
Adding EN signal on $memory\reg_file.register[7]$2789 ($dff) from module Pip_RV32IM_AHB (D = $memory\reg_file.register$wrmux[7][1][3]$y$5078, Q = \reg_file.register[7] [3]).
Adding EN signal on $memory\reg_file.register[7]$2789 ($dff) from module Pip_RV32IM_AHB (D = $memory\reg_file.register$wrmux[7][1][2]$y$5074, Q = \reg_file.register[7] [2]).
Adding EN signal on $memory\reg_file.register[7]$2789 ($dff) from module Pip_RV32IM_AHB (D = $memory\reg_file.register$wrmux[7][1][1]$y$5070, Q = \reg_file.register[7] [1]).
Adding EN signal on $memory\reg_file.register[7]$2789 ($dff) from module Pip_RV32IM_AHB (D = $memory\reg_file.register$wrmux[7][1][0]$y$5066, Q = \reg_file.register[7] [0]).
Adding EN signal on $memory\reg_file.register[8]$2791 ($dff) from module Pip_RV32IM_AHB (D = $memory\reg_file.register$wrmux[8][1][31]$y$5458, Q = \reg_file.register[8] [31]).
Adding EN signal on $memory\reg_file.register[8]$2791 ($dff) from module Pip_RV32IM_AHB (D = $memory\reg_file.register$wrmux[8][1][30]$y$5454, Q = \reg_file.register[8] [30]).
Adding EN signal on $memory\reg_file.register[8]$2791 ($dff) from module Pip_RV32IM_AHB (D = $memory\reg_file.register$wrmux[8][1][29]$y$5450, Q = \reg_file.register[8] [29]).
Adding EN signal on $memory\reg_file.register[8]$2791 ($dff) from module Pip_RV32IM_AHB (D = $memory\reg_file.register$wrmux[8][1][28]$y$5446, Q = \reg_file.register[8] [28]).
Adding EN signal on $memory\reg_file.register[8]$2791 ($dff) from module Pip_RV32IM_AHB (D = $memory\reg_file.register$wrmux[8][1][27]$y$5442, Q = \reg_file.register[8] [27]).
Adding EN signal on $memory\reg_file.register[8]$2791 ($dff) from module Pip_RV32IM_AHB (D = $memory\reg_file.register$wrmux[8][1][26]$y$5438, Q = \reg_file.register[8] [26]).
Adding EN signal on $memory\reg_file.register[8]$2791 ($dff) from module Pip_RV32IM_AHB (D = $memory\reg_file.register$wrmux[8][1][25]$y$5434, Q = \reg_file.register[8] [25]).
Adding EN signal on $memory\reg_file.register[8]$2791 ($dff) from module Pip_RV32IM_AHB (D = $memory\reg_file.register$wrmux[8][1][24]$y$5430, Q = \reg_file.register[8] [24]).
Adding EN signal on $memory\reg_file.register[8]$2791 ($dff) from module Pip_RV32IM_AHB (D = $memory\reg_file.register$wrmux[8][1][23]$y$5426, Q = \reg_file.register[8] [23]).
Adding EN signal on $memory\reg_file.register[8]$2791 ($dff) from module Pip_RV32IM_AHB (D = $memory\reg_file.register$wrmux[8][1][22]$y$5422, Q = \reg_file.register[8] [22]).
Adding EN signal on $memory\reg_file.register[8]$2791 ($dff) from module Pip_RV32IM_AHB (D = $memory\reg_file.register$wrmux[8][1][21]$y$5418, Q = \reg_file.register[8] [21]).
Adding EN signal on $memory\reg_file.register[8]$2791 ($dff) from module Pip_RV32IM_AHB (D = $memory\reg_file.register$wrmux[8][1][20]$y$5414, Q = \reg_file.register[8] [20]).
Adding EN signal on $memory\reg_file.register[8]$2791 ($dff) from module Pip_RV32IM_AHB (D = $memory\reg_file.register$wrmux[8][1][19]$y$5410, Q = \reg_file.register[8] [19]).
Adding EN signal on $memory\reg_file.register[8]$2791 ($dff) from module Pip_RV32IM_AHB (D = $memory\reg_file.register$wrmux[8][1][18]$y$5406, Q = \reg_file.register[8] [18]).
Adding EN signal on $memory\reg_file.register[8]$2791 ($dff) from module Pip_RV32IM_AHB (D = $memory\reg_file.register$wrmux[8][1][17]$y$5402, Q = \reg_file.register[8] [17]).
Adding EN signal on $memory\reg_file.register[8]$2791 ($dff) from module Pip_RV32IM_AHB (D = $memory\reg_file.register$wrmux[8][1][16]$y$5398, Q = \reg_file.register[8] [16]).
Adding EN signal on $memory\reg_file.register[8]$2791 ($dff) from module Pip_RV32IM_AHB (D = $memory\reg_file.register$wrmux[8][1][15]$y$5394, Q = \reg_file.register[8] [15]).
Adding EN signal on $memory\reg_file.register[8]$2791 ($dff) from module Pip_RV32IM_AHB (D = $memory\reg_file.register$wrmux[8][1][14]$y$5390, Q = \reg_file.register[8] [14]).
Adding EN signal on $memory\reg_file.register[8]$2791 ($dff) from module Pip_RV32IM_AHB (D = $memory\reg_file.register$wrmux[8][1][13]$y$5386, Q = \reg_file.register[8] [13]).
Adding EN signal on $memory\reg_file.register[8]$2791 ($dff) from module Pip_RV32IM_AHB (D = $memory\reg_file.register$wrmux[8][1][12]$y$5382, Q = \reg_file.register[8] [12]).
Adding EN signal on $memory\reg_file.register[8]$2791 ($dff) from module Pip_RV32IM_AHB (D = $memory\reg_file.register$wrmux[8][1][11]$y$5378, Q = \reg_file.register[8] [11]).
Adding EN signal on $memory\reg_file.register[8]$2791 ($dff) from module Pip_RV32IM_AHB (D = $memory\reg_file.register$wrmux[8][1][10]$y$5374, Q = \reg_file.register[8] [10]).
Adding EN signal on $memory\reg_file.register[8]$2791 ($dff) from module Pip_RV32IM_AHB (D = $memory\reg_file.register$wrmux[8][1][9]$y$5370, Q = \reg_file.register[8] [9]).
Adding EN signal on $memory\reg_file.register[8]$2791 ($dff) from module Pip_RV32IM_AHB (D = $memory\reg_file.register$wrmux[8][1][8]$y$5366, Q = \reg_file.register[8] [8]).
Adding EN signal on $memory\reg_file.register[8]$2791 ($dff) from module Pip_RV32IM_AHB (D = $memory\reg_file.register$wrmux[8][1][7]$y$5362, Q = \reg_file.register[8] [7]).
Adding EN signal on $memory\reg_file.register[8]$2791 ($dff) from module Pip_RV32IM_AHB (D = $memory\reg_file.register$wrmux[8][1][6]$y$5358, Q = \reg_file.register[8] [6]).
Adding EN signal on $memory\reg_file.register[8]$2791 ($dff) from module Pip_RV32IM_AHB (D = $memory\reg_file.register$wrmux[8][1][5]$y$5354, Q = \reg_file.register[8] [5]).
Adding EN signal on $memory\reg_file.register[8]$2791 ($dff) from module Pip_RV32IM_AHB (D = $memory\reg_file.register$wrmux[8][1][4]$y$5350, Q = \reg_file.register[8] [4]).
Adding EN signal on $memory\reg_file.register[8]$2791 ($dff) from module Pip_RV32IM_AHB (D = $memory\reg_file.register$wrmux[8][1][3]$y$5346, Q = \reg_file.register[8] [3]).
Adding EN signal on $memory\reg_file.register[8]$2791 ($dff) from module Pip_RV32IM_AHB (D = $memory\reg_file.register$wrmux[8][1][2]$y$5342, Q = \reg_file.register[8] [2]).
Adding EN signal on $memory\reg_file.register[8]$2791 ($dff) from module Pip_RV32IM_AHB (D = $memory\reg_file.register$wrmux[8][1][1]$y$5338, Q = \reg_file.register[8] [1]).
Adding EN signal on $memory\reg_file.register[8]$2791 ($dff) from module Pip_RV32IM_AHB (D = $memory\reg_file.register$wrmux[8][1][0]$y$5334, Q = \reg_file.register[8] [0]).
Adding EN signal on $memory\reg_file.register[9]$2793 ($dff) from module Pip_RV32IM_AHB (D = $memory\reg_file.register$wrmux[9][1][31]$y$5722, Q = \reg_file.register[9] [31]).
Adding EN signal on $memory\reg_file.register[9]$2793 ($dff) from module Pip_RV32IM_AHB (D = $memory\reg_file.register$wrmux[9][1][30]$y$5718, Q = \reg_file.register[9] [30]).
Adding EN signal on $memory\reg_file.register[9]$2793 ($dff) from module Pip_RV32IM_AHB (D = $memory\reg_file.register$wrmux[9][1][29]$y$5714, Q = \reg_file.register[9] [29]).
Adding EN signal on $memory\reg_file.register[9]$2793 ($dff) from module Pip_RV32IM_AHB (D = $memory\reg_file.register$wrmux[9][1][28]$y$5710, Q = \reg_file.register[9] [28]).
Adding EN signal on $memory\reg_file.register[9]$2793 ($dff) from module Pip_RV32IM_AHB (D = $memory\reg_file.register$wrmux[9][1][27]$y$5706, Q = \reg_file.register[9] [27]).
Adding EN signal on $memory\reg_file.register[9]$2793 ($dff) from module Pip_RV32IM_AHB (D = $memory\reg_file.register$wrmux[9][1][26]$y$5702, Q = \reg_file.register[9] [26]).
Adding EN signal on $memory\reg_file.register[9]$2793 ($dff) from module Pip_RV32IM_AHB (D = $memory\reg_file.register$wrmux[9][1][25]$y$5698, Q = \reg_file.register[9] [25]).
Adding EN signal on $memory\reg_file.register[9]$2793 ($dff) from module Pip_RV32IM_AHB (D = $memory\reg_file.register$wrmux[9][1][24]$y$5694, Q = \reg_file.register[9] [24]).
Adding EN signal on $memory\reg_file.register[9]$2793 ($dff) from module Pip_RV32IM_AHB (D = $memory\reg_file.register$wrmux[9][1][23]$y$5690, Q = \reg_file.register[9] [23]).
Adding EN signal on $memory\reg_file.register[9]$2793 ($dff) from module Pip_RV32IM_AHB (D = $memory\reg_file.register$wrmux[9][1][22]$y$5686, Q = \reg_file.register[9] [22]).
Adding EN signal on $memory\reg_file.register[9]$2793 ($dff) from module Pip_RV32IM_AHB (D = $memory\reg_file.register$wrmux[9][1][21]$y$5682, Q = \reg_file.register[9] [21]).
Adding EN signal on $memory\reg_file.register[9]$2793 ($dff) from module Pip_RV32IM_AHB (D = $memory\reg_file.register$wrmux[9][1][20]$y$5678, Q = \reg_file.register[9] [20]).
Adding EN signal on $memory\reg_file.register[9]$2793 ($dff) from module Pip_RV32IM_AHB (D = $memory\reg_file.register$wrmux[9][1][19]$y$5674, Q = \reg_file.register[9] [19]).
Adding EN signal on $memory\reg_file.register[9]$2793 ($dff) from module Pip_RV32IM_AHB (D = $memory\reg_file.register$wrmux[9][1][18]$y$5670, Q = \reg_file.register[9] [18]).
Adding EN signal on $memory\reg_file.register[9]$2793 ($dff) from module Pip_RV32IM_AHB (D = $memory\reg_file.register$wrmux[9][1][17]$y$5666, Q = \reg_file.register[9] [17]).
Adding EN signal on $memory\reg_file.register[9]$2793 ($dff) from module Pip_RV32IM_AHB (D = $memory\reg_file.register$wrmux[9][1][16]$y$5662, Q = \reg_file.register[9] [16]).
Adding EN signal on $memory\reg_file.register[9]$2793 ($dff) from module Pip_RV32IM_AHB (D = $memory\reg_file.register$wrmux[9][1][15]$y$5658, Q = \reg_file.register[9] [15]).
Adding EN signal on $memory\reg_file.register[9]$2793 ($dff) from module Pip_RV32IM_AHB (D = $memory\reg_file.register$wrmux[9][1][14]$y$5654, Q = \reg_file.register[9] [14]).
Adding EN signal on $memory\reg_file.register[9]$2793 ($dff) from module Pip_RV32IM_AHB (D = $memory\reg_file.register$wrmux[9][1][13]$y$5650, Q = \reg_file.register[9] [13]).
Adding EN signal on $memory\reg_file.register[9]$2793 ($dff) from module Pip_RV32IM_AHB (D = $memory\reg_file.register$wrmux[9][1][12]$y$5646, Q = \reg_file.register[9] [12]).
Adding EN signal on $memory\reg_file.register[9]$2793 ($dff) from module Pip_RV32IM_AHB (D = $memory\reg_file.register$wrmux[9][1][11]$y$5642, Q = \reg_file.register[9] [11]).
Adding EN signal on $memory\reg_file.register[9]$2793 ($dff) from module Pip_RV32IM_AHB (D = $memory\reg_file.register$wrmux[9][1][10]$y$5638, Q = \reg_file.register[9] [10]).
Adding EN signal on $memory\reg_file.register[9]$2793 ($dff) from module Pip_RV32IM_AHB (D = $memory\reg_file.register$wrmux[9][1][9]$y$5634, Q = \reg_file.register[9] [9]).
Adding EN signal on $memory\reg_file.register[9]$2793 ($dff) from module Pip_RV32IM_AHB (D = $memory\reg_file.register$wrmux[9][1][8]$y$5630, Q = \reg_file.register[9] [8]).
Adding EN signal on $memory\reg_file.register[9]$2793 ($dff) from module Pip_RV32IM_AHB (D = $memory\reg_file.register$wrmux[9][1][7]$y$5626, Q = \reg_file.register[9] [7]).
Adding EN signal on $memory\reg_file.register[9]$2793 ($dff) from module Pip_RV32IM_AHB (D = $memory\reg_file.register$wrmux[9][1][6]$y$5622, Q = \reg_file.register[9] [6]).
Adding EN signal on $memory\reg_file.register[9]$2793 ($dff) from module Pip_RV32IM_AHB (D = $memory\reg_file.register$wrmux[9][1][5]$y$5618, Q = \reg_file.register[9] [5]).
Adding EN signal on $memory\reg_file.register[9]$2793 ($dff) from module Pip_RV32IM_AHB (D = $memory\reg_file.register$wrmux[9][1][4]$y$5614, Q = \reg_file.register[9] [4]).
Adding EN signal on $memory\reg_file.register[9]$2793 ($dff) from module Pip_RV32IM_AHB (D = $memory\reg_file.register$wrmux[9][1][3]$y$5610, Q = \reg_file.register[9] [3]).
Adding EN signal on $memory\reg_file.register[9]$2793 ($dff) from module Pip_RV32IM_AHB (D = $memory\reg_file.register$wrmux[9][1][2]$y$5606, Q = \reg_file.register[9] [2]).
Adding EN signal on $memory\reg_file.register[9]$2793 ($dff) from module Pip_RV32IM_AHB (D = $memory\reg_file.register$wrmux[9][1][1]$y$5602, Q = \reg_file.register[9] [1]).
Adding EN signal on $memory\reg_file.register[9]$2793 ($dff) from module Pip_RV32IM_AHB (D = $memory\reg_file.register$wrmux[9][1][0]$y$5598, Q = \reg_file.register[9] [0]).
Adding EN signal on $memory\reg_file.register[10]$2795 ($dff) from module Pip_RV32IM_AHB (D = $memory\reg_file.register$wrmux[10][1][31]$y$5986, Q = \reg_file.register[10] [31]).
Adding EN signal on $memory\reg_file.register[10]$2795 ($dff) from module Pip_RV32IM_AHB (D = $memory\reg_file.register$wrmux[10][1][30]$y$5982, Q = \reg_file.register[10] [30]).
Adding EN signal on $memory\reg_file.register[10]$2795 ($dff) from module Pip_RV32IM_AHB (D = $memory\reg_file.register$wrmux[10][1][29]$y$5978, Q = \reg_file.register[10] [29]).
Adding EN signal on $memory\reg_file.register[10]$2795 ($dff) from module Pip_RV32IM_AHB (D = $memory\reg_file.register$wrmux[10][1][28]$y$5974, Q = \reg_file.register[10] [28]).
Adding EN signal on $memory\reg_file.register[10]$2795 ($dff) from module Pip_RV32IM_AHB (D = $memory\reg_file.register$wrmux[10][1][27]$y$5970, Q = \reg_file.register[10] [27]).
Adding EN signal on $memory\reg_file.register[10]$2795 ($dff) from module Pip_RV32IM_AHB (D = $memory\reg_file.register$wrmux[10][1][26]$y$5966, Q = \reg_file.register[10] [26]).
Adding EN signal on $memory\reg_file.register[10]$2795 ($dff) from module Pip_RV32IM_AHB (D = $memory\reg_file.register$wrmux[10][1][25]$y$5962, Q = \reg_file.register[10] [25]).
Adding EN signal on $memory\reg_file.register[10]$2795 ($dff) from module Pip_RV32IM_AHB (D = $memory\reg_file.register$wrmux[10][1][24]$y$5958, Q = \reg_file.register[10] [24]).
Adding EN signal on $memory\reg_file.register[10]$2795 ($dff) from module Pip_RV32IM_AHB (D = $memory\reg_file.register$wrmux[10][1][23]$y$5954, Q = \reg_file.register[10] [23]).
Adding EN signal on $memory\reg_file.register[10]$2795 ($dff) from module Pip_RV32IM_AHB (D = $memory\reg_file.register$wrmux[10][1][22]$y$5950, Q = \reg_file.register[10] [22]).
Adding EN signal on $memory\reg_file.register[10]$2795 ($dff) from module Pip_RV32IM_AHB (D = $memory\reg_file.register$wrmux[10][1][21]$y$5946, Q = \reg_file.register[10] [21]).
Adding EN signal on $memory\reg_file.register[10]$2795 ($dff) from module Pip_RV32IM_AHB (D = $memory\reg_file.register$wrmux[10][1][20]$y$5942, Q = \reg_file.register[10] [20]).
Adding EN signal on $memory\reg_file.register[10]$2795 ($dff) from module Pip_RV32IM_AHB (D = $memory\reg_file.register$wrmux[10][1][19]$y$5938, Q = \reg_file.register[10] [19]).
Adding EN signal on $memory\reg_file.register[10]$2795 ($dff) from module Pip_RV32IM_AHB (D = $memory\reg_file.register$wrmux[10][1][18]$y$5934, Q = \reg_file.register[10] [18]).
Adding EN signal on $memory\reg_file.register[10]$2795 ($dff) from module Pip_RV32IM_AHB (D = $memory\reg_file.register$wrmux[10][1][17]$y$5930, Q = \reg_file.register[10] [17]).
Adding EN signal on $memory\reg_file.register[10]$2795 ($dff) from module Pip_RV32IM_AHB (D = $memory\reg_file.register$wrmux[10][1][16]$y$5926, Q = \reg_file.register[10] [16]).
Adding EN signal on $memory\reg_file.register[10]$2795 ($dff) from module Pip_RV32IM_AHB (D = $memory\reg_file.register$wrmux[10][1][15]$y$5922, Q = \reg_file.register[10] [15]).
Adding EN signal on $memory\reg_file.register[10]$2795 ($dff) from module Pip_RV32IM_AHB (D = $memory\reg_file.register$wrmux[10][1][14]$y$5918, Q = \reg_file.register[10] [14]).
Adding EN signal on $memory\reg_file.register[10]$2795 ($dff) from module Pip_RV32IM_AHB (D = $memory\reg_file.register$wrmux[10][1][13]$y$5914, Q = \reg_file.register[10] [13]).
Adding EN signal on $memory\reg_file.register[10]$2795 ($dff) from module Pip_RV32IM_AHB (D = $memory\reg_file.register$wrmux[10][1][12]$y$5910, Q = \reg_file.register[10] [12]).
Adding EN signal on $memory\reg_file.register[10]$2795 ($dff) from module Pip_RV32IM_AHB (D = $memory\reg_file.register$wrmux[10][1][11]$y$5906, Q = \reg_file.register[10] [11]).
Adding EN signal on $memory\reg_file.register[10]$2795 ($dff) from module Pip_RV32IM_AHB (D = $memory\reg_file.register$wrmux[10][1][10]$y$5902, Q = \reg_file.register[10] [10]).
Adding EN signal on $memory\reg_file.register[10]$2795 ($dff) from module Pip_RV32IM_AHB (D = $memory\reg_file.register$wrmux[10][1][9]$y$5898, Q = \reg_file.register[10] [9]).
Adding EN signal on $memory\reg_file.register[10]$2795 ($dff) from module Pip_RV32IM_AHB (D = $memory\reg_file.register$wrmux[10][1][8]$y$5894, Q = \reg_file.register[10] [8]).
Adding EN signal on $memory\reg_file.register[10]$2795 ($dff) from module Pip_RV32IM_AHB (D = $memory\reg_file.register$wrmux[10][1][7]$y$5890, Q = \reg_file.register[10] [7]).
Adding EN signal on $memory\reg_file.register[10]$2795 ($dff) from module Pip_RV32IM_AHB (D = $memory\reg_file.register$wrmux[10][1][6]$y$5886, Q = \reg_file.register[10] [6]).
Adding EN signal on $memory\reg_file.register[10]$2795 ($dff) from module Pip_RV32IM_AHB (D = $memory\reg_file.register$wrmux[10][1][5]$y$5882, Q = \reg_file.register[10] [5]).
Adding EN signal on $memory\reg_file.register[10]$2795 ($dff) from module Pip_RV32IM_AHB (D = $memory\reg_file.register$wrmux[10][1][4]$y$5878, Q = \reg_file.register[10] [4]).
Adding EN signal on $memory\reg_file.register[10]$2795 ($dff) from module Pip_RV32IM_AHB (D = $memory\reg_file.register$wrmux[10][1][3]$y$5874, Q = \reg_file.register[10] [3]).
Adding EN signal on $memory\reg_file.register[10]$2795 ($dff) from module Pip_RV32IM_AHB (D = $memory\reg_file.register$wrmux[10][1][2]$y$5870, Q = \reg_file.register[10] [2]).
Adding EN signal on $memory\reg_file.register[10]$2795 ($dff) from module Pip_RV32IM_AHB (D = $memory\reg_file.register$wrmux[10][1][1]$y$5866, Q = \reg_file.register[10] [1]).
Adding EN signal on $memory\reg_file.register[10]$2795 ($dff) from module Pip_RV32IM_AHB (D = $memory\reg_file.register$wrmux[10][1][0]$y$5862, Q = \reg_file.register[10] [0]).
Adding EN signal on $memory\reg_file.register[11]$2797 ($dff) from module Pip_RV32IM_AHB (D = $memory\reg_file.register$wrmux[11][1][31]$y$6250, Q = \reg_file.register[11] [31]).
Adding EN signal on $memory\reg_file.register[11]$2797 ($dff) from module Pip_RV32IM_AHB (D = $memory\reg_file.register$wrmux[11][1][30]$y$6246, Q = \reg_file.register[11] [30]).
Adding EN signal on $memory\reg_file.register[11]$2797 ($dff) from module Pip_RV32IM_AHB (D = $memory\reg_file.register$wrmux[11][1][29]$y$6242, Q = \reg_file.register[11] [29]).
Adding EN signal on $memory\reg_file.register[11]$2797 ($dff) from module Pip_RV32IM_AHB (D = $memory\reg_file.register$wrmux[11][1][28]$y$6238, Q = \reg_file.register[11] [28]).
Adding EN signal on $memory\reg_file.register[11]$2797 ($dff) from module Pip_RV32IM_AHB (D = $memory\reg_file.register$wrmux[11][1][27]$y$6234, Q = \reg_file.register[11] [27]).
Adding EN signal on $memory\reg_file.register[11]$2797 ($dff) from module Pip_RV32IM_AHB (D = $memory\reg_file.register$wrmux[11][1][26]$y$6230, Q = \reg_file.register[11] [26]).
Adding EN signal on $memory\reg_file.register[11]$2797 ($dff) from module Pip_RV32IM_AHB (D = $memory\reg_file.register$wrmux[11][1][25]$y$6226, Q = \reg_file.register[11] [25]).
Adding EN signal on $memory\reg_file.register[11]$2797 ($dff) from module Pip_RV32IM_AHB (D = $memory\reg_file.register$wrmux[11][1][24]$y$6222, Q = \reg_file.register[11] [24]).
Adding EN signal on $memory\reg_file.register[11]$2797 ($dff) from module Pip_RV32IM_AHB (D = $memory\reg_file.register$wrmux[11][1][23]$y$6218, Q = \reg_file.register[11] [23]).
Adding EN signal on $memory\reg_file.register[11]$2797 ($dff) from module Pip_RV32IM_AHB (D = $memory\reg_file.register$wrmux[11][1][22]$y$6214, Q = \reg_file.register[11] [22]).
Adding EN signal on $memory\reg_file.register[11]$2797 ($dff) from module Pip_RV32IM_AHB (D = $memory\reg_file.register$wrmux[11][1][21]$y$6210, Q = \reg_file.register[11] [21]).
Adding EN signal on $memory\reg_file.register[11]$2797 ($dff) from module Pip_RV32IM_AHB (D = $memory\reg_file.register$wrmux[11][1][20]$y$6206, Q = \reg_file.register[11] [20]).
Adding EN signal on $memory\reg_file.register[11]$2797 ($dff) from module Pip_RV32IM_AHB (D = $memory\reg_file.register$wrmux[11][1][19]$y$6202, Q = \reg_file.register[11] [19]).
Adding EN signal on $memory\reg_file.register[11]$2797 ($dff) from module Pip_RV32IM_AHB (D = $memory\reg_file.register$wrmux[11][1][18]$y$6198, Q = \reg_file.register[11] [18]).
Adding EN signal on $memory\reg_file.register[11]$2797 ($dff) from module Pip_RV32IM_AHB (D = $memory\reg_file.register$wrmux[11][1][17]$y$6194, Q = \reg_file.register[11] [17]).
Adding EN signal on $memory\reg_file.register[11]$2797 ($dff) from module Pip_RV32IM_AHB (D = $memory\reg_file.register$wrmux[11][1][16]$y$6190, Q = \reg_file.register[11] [16]).
Adding EN signal on $memory\reg_file.register[11]$2797 ($dff) from module Pip_RV32IM_AHB (D = $memory\reg_file.register$wrmux[11][1][15]$y$6186, Q = \reg_file.register[11] [15]).
Adding EN signal on $memory\reg_file.register[11]$2797 ($dff) from module Pip_RV32IM_AHB (D = $memory\reg_file.register$wrmux[11][1][14]$y$6182, Q = \reg_file.register[11] [14]).
Adding EN signal on $memory\reg_file.register[11]$2797 ($dff) from module Pip_RV32IM_AHB (D = $memory\reg_file.register$wrmux[11][1][13]$y$6178, Q = \reg_file.register[11] [13]).
Adding EN signal on $memory\reg_file.register[11]$2797 ($dff) from module Pip_RV32IM_AHB (D = $memory\reg_file.register$wrmux[11][1][12]$y$6174, Q = \reg_file.register[11] [12]).
Adding EN signal on $memory\reg_file.register[11]$2797 ($dff) from module Pip_RV32IM_AHB (D = $memory\reg_file.register$wrmux[11][1][11]$y$6170, Q = \reg_file.register[11] [11]).
Adding EN signal on $memory\reg_file.register[11]$2797 ($dff) from module Pip_RV32IM_AHB (D = $memory\reg_file.register$wrmux[11][1][10]$y$6166, Q = \reg_file.register[11] [10]).
Adding EN signal on $memory\reg_file.register[11]$2797 ($dff) from module Pip_RV32IM_AHB (D = $memory\reg_file.register$wrmux[11][1][9]$y$6162, Q = \reg_file.register[11] [9]).
Adding EN signal on $memory\reg_file.register[11]$2797 ($dff) from module Pip_RV32IM_AHB (D = $memory\reg_file.register$wrmux[11][1][8]$y$6158, Q = \reg_file.register[11] [8]).
Adding EN signal on $memory\reg_file.register[11]$2797 ($dff) from module Pip_RV32IM_AHB (D = $memory\reg_file.register$wrmux[11][1][7]$y$6154, Q = \reg_file.register[11] [7]).
Adding EN signal on $memory\reg_file.register[11]$2797 ($dff) from module Pip_RV32IM_AHB (D = $memory\reg_file.register$wrmux[11][1][6]$y$6150, Q = \reg_file.register[11] [6]).
Adding EN signal on $memory\reg_file.register[11]$2797 ($dff) from module Pip_RV32IM_AHB (D = $memory\reg_file.register$wrmux[11][1][5]$y$6146, Q = \reg_file.register[11] [5]).
Adding EN signal on $memory\reg_file.register[11]$2797 ($dff) from module Pip_RV32IM_AHB (D = $memory\reg_file.register$wrmux[11][1][4]$y$6142, Q = \reg_file.register[11] [4]).
Adding EN signal on $memory\reg_file.register[11]$2797 ($dff) from module Pip_RV32IM_AHB (D = $memory\reg_file.register$wrmux[11][1][3]$y$6138, Q = \reg_file.register[11] [3]).
Adding EN signal on $memory\reg_file.register[11]$2797 ($dff) from module Pip_RV32IM_AHB (D = $memory\reg_file.register$wrmux[11][1][2]$y$6134, Q = \reg_file.register[11] [2]).
Adding EN signal on $memory\reg_file.register[11]$2797 ($dff) from module Pip_RV32IM_AHB (D = $memory\reg_file.register$wrmux[11][1][1]$y$6130, Q = \reg_file.register[11] [1]).
Adding EN signal on $memory\reg_file.register[11]$2797 ($dff) from module Pip_RV32IM_AHB (D = $memory\reg_file.register$wrmux[11][1][0]$y$6126, Q = \reg_file.register[11] [0]).
Adding EN signal on $memory\reg_file.register[12]$2799 ($dff) from module Pip_RV32IM_AHB (D = $memory\reg_file.register$wrmux[12][1][31]$y$6516, Q = \reg_file.register[12] [31]).
Adding EN signal on $memory\reg_file.register[12]$2799 ($dff) from module Pip_RV32IM_AHB (D = $memory\reg_file.register$wrmux[12][1][30]$y$6512, Q = \reg_file.register[12] [30]).
Adding EN signal on $memory\reg_file.register[12]$2799 ($dff) from module Pip_RV32IM_AHB (D = $memory\reg_file.register$wrmux[12][1][29]$y$6508, Q = \reg_file.register[12] [29]).
Adding EN signal on $memory\reg_file.register[12]$2799 ($dff) from module Pip_RV32IM_AHB (D = $memory\reg_file.register$wrmux[12][1][28]$y$6504, Q = \reg_file.register[12] [28]).
Adding EN signal on $memory\reg_file.register[12]$2799 ($dff) from module Pip_RV32IM_AHB (D = $memory\reg_file.register$wrmux[12][1][27]$y$6500, Q = \reg_file.register[12] [27]).
Adding EN signal on $memory\reg_file.register[12]$2799 ($dff) from module Pip_RV32IM_AHB (D = $memory\reg_file.register$wrmux[12][1][26]$y$6496, Q = \reg_file.register[12] [26]).
Adding EN signal on $memory\reg_file.register[12]$2799 ($dff) from module Pip_RV32IM_AHB (D = $memory\reg_file.register$wrmux[12][1][25]$y$6492, Q = \reg_file.register[12] [25]).
Adding EN signal on $memory\reg_file.register[12]$2799 ($dff) from module Pip_RV32IM_AHB (D = $memory\reg_file.register$wrmux[12][1][24]$y$6488, Q = \reg_file.register[12] [24]).
Adding EN signal on $memory\reg_file.register[12]$2799 ($dff) from module Pip_RV32IM_AHB (D = $memory\reg_file.register$wrmux[12][1][23]$y$6484, Q = \reg_file.register[12] [23]).
Adding EN signal on $memory\reg_file.register[12]$2799 ($dff) from module Pip_RV32IM_AHB (D = $memory\reg_file.register$wrmux[12][1][22]$y$6480, Q = \reg_file.register[12] [22]).
Adding EN signal on $memory\reg_file.register[12]$2799 ($dff) from module Pip_RV32IM_AHB (D = $memory\reg_file.register$wrmux[12][1][21]$y$6476, Q = \reg_file.register[12] [21]).
Adding EN signal on $memory\reg_file.register[12]$2799 ($dff) from module Pip_RV32IM_AHB (D = $memory\reg_file.register$wrmux[12][1][20]$y$6472, Q = \reg_file.register[12] [20]).
Adding EN signal on $memory\reg_file.register[12]$2799 ($dff) from module Pip_RV32IM_AHB (D = $memory\reg_file.register$wrmux[12][1][19]$y$6468, Q = \reg_file.register[12] [19]).
Adding EN signal on $memory\reg_file.register[12]$2799 ($dff) from module Pip_RV32IM_AHB (D = $memory\reg_file.register$wrmux[12][1][18]$y$6464, Q = \reg_file.register[12] [18]).
Adding EN signal on $memory\reg_file.register[12]$2799 ($dff) from module Pip_RV32IM_AHB (D = $memory\reg_file.register$wrmux[12][1][17]$y$6460, Q = \reg_file.register[12] [17]).
Adding EN signal on $memory\reg_file.register[12]$2799 ($dff) from module Pip_RV32IM_AHB (D = $memory\reg_file.register$wrmux[12][1][16]$y$6456, Q = \reg_file.register[12] [16]).
Adding EN signal on $memory\reg_file.register[12]$2799 ($dff) from module Pip_RV32IM_AHB (D = $memory\reg_file.register$wrmux[12][1][15]$y$6452, Q = \reg_file.register[12] [15]).
Adding EN signal on $memory\reg_file.register[12]$2799 ($dff) from module Pip_RV32IM_AHB (D = $memory\reg_file.register$wrmux[12][1][14]$y$6448, Q = \reg_file.register[12] [14]).
Adding EN signal on $memory\reg_file.register[12]$2799 ($dff) from module Pip_RV32IM_AHB (D = $memory\reg_file.register$wrmux[12][1][13]$y$6444, Q = \reg_file.register[12] [13]).
Adding EN signal on $memory\reg_file.register[12]$2799 ($dff) from module Pip_RV32IM_AHB (D = $memory\reg_file.register$wrmux[12][1][12]$y$6440, Q = \reg_file.register[12] [12]).
Adding EN signal on $memory\reg_file.register[12]$2799 ($dff) from module Pip_RV32IM_AHB (D = $memory\reg_file.register$wrmux[12][1][11]$y$6436, Q = \reg_file.register[12] [11]).
Adding EN signal on $memory\reg_file.register[12]$2799 ($dff) from module Pip_RV32IM_AHB (D = $memory\reg_file.register$wrmux[12][1][10]$y$6432, Q = \reg_file.register[12] [10]).
Adding EN signal on $memory\reg_file.register[12]$2799 ($dff) from module Pip_RV32IM_AHB (D = $memory\reg_file.register$wrmux[12][1][9]$y$6428, Q = \reg_file.register[12] [9]).
Adding EN signal on $memory\reg_file.register[12]$2799 ($dff) from module Pip_RV32IM_AHB (D = $memory\reg_file.register$wrmux[12][1][8]$y$6424, Q = \reg_file.register[12] [8]).
Adding EN signal on $memory\reg_file.register[12]$2799 ($dff) from module Pip_RV32IM_AHB (D = $memory\reg_file.register$wrmux[12][1][7]$y$6420, Q = \reg_file.register[12] [7]).
Adding EN signal on $memory\reg_file.register[12]$2799 ($dff) from module Pip_RV32IM_AHB (D = $memory\reg_file.register$wrmux[12][1][6]$y$6416, Q = \reg_file.register[12] [6]).
Adding EN signal on $memory\reg_file.register[12]$2799 ($dff) from module Pip_RV32IM_AHB (D = $memory\reg_file.register$wrmux[12][1][5]$y$6412, Q = \reg_file.register[12] [5]).
Adding EN signal on $memory\reg_file.register[12]$2799 ($dff) from module Pip_RV32IM_AHB (D = $memory\reg_file.register$wrmux[12][1][4]$y$6408, Q = \reg_file.register[12] [4]).
Adding EN signal on $memory\reg_file.register[12]$2799 ($dff) from module Pip_RV32IM_AHB (D = $memory\reg_file.register$wrmux[12][1][3]$y$6404, Q = \reg_file.register[12] [3]).
Adding EN signal on $memory\reg_file.register[12]$2799 ($dff) from module Pip_RV32IM_AHB (D = $memory\reg_file.register$wrmux[12][1][2]$y$6400, Q = \reg_file.register[12] [2]).
Adding EN signal on $memory\reg_file.register[12]$2799 ($dff) from module Pip_RV32IM_AHB (D = $memory\reg_file.register$wrmux[12][1][1]$y$6396, Q = \reg_file.register[12] [1]).
Adding EN signal on $memory\reg_file.register[12]$2799 ($dff) from module Pip_RV32IM_AHB (D = $memory\reg_file.register$wrmux[12][1][0]$y$6392, Q = \reg_file.register[12] [0]).
Adding EN signal on $memory\reg_file.register[13]$2801 ($dff) from module Pip_RV32IM_AHB (D = $memory\reg_file.register$wrmux[13][1][31]$y$6780, Q = \reg_file.register[13] [31]).
Adding EN signal on $memory\reg_file.register[13]$2801 ($dff) from module Pip_RV32IM_AHB (D = $memory\reg_file.register$wrmux[13][1][30]$y$6776, Q = \reg_file.register[13] [30]).
Adding EN signal on $memory\reg_file.register[13]$2801 ($dff) from module Pip_RV32IM_AHB (D = $memory\reg_file.register$wrmux[13][1][29]$y$6772, Q = \reg_file.register[13] [29]).
Adding EN signal on $memory\reg_file.register[13]$2801 ($dff) from module Pip_RV32IM_AHB (D = $memory\reg_file.register$wrmux[13][1][28]$y$6768, Q = \reg_file.register[13] [28]).
Adding EN signal on $memory\reg_file.register[13]$2801 ($dff) from module Pip_RV32IM_AHB (D = $memory\reg_file.register$wrmux[13][1][27]$y$6764, Q = \reg_file.register[13] [27]).
Adding EN signal on $memory\reg_file.register[13]$2801 ($dff) from module Pip_RV32IM_AHB (D = $memory\reg_file.register$wrmux[13][1][26]$y$6760, Q = \reg_file.register[13] [26]).
Adding EN signal on $memory\reg_file.register[13]$2801 ($dff) from module Pip_RV32IM_AHB (D = $memory\reg_file.register$wrmux[13][1][25]$y$6756, Q = \reg_file.register[13] [25]).
Adding EN signal on $memory\reg_file.register[13]$2801 ($dff) from module Pip_RV32IM_AHB (D = $memory\reg_file.register$wrmux[13][1][24]$y$6752, Q = \reg_file.register[13] [24]).
Adding EN signal on $memory\reg_file.register[13]$2801 ($dff) from module Pip_RV32IM_AHB (D = $memory\reg_file.register$wrmux[13][1][23]$y$6748, Q = \reg_file.register[13] [23]).
Adding EN signal on $memory\reg_file.register[13]$2801 ($dff) from module Pip_RV32IM_AHB (D = $memory\reg_file.register$wrmux[13][1][22]$y$6744, Q = \reg_file.register[13] [22]).
Adding EN signal on $memory\reg_file.register[13]$2801 ($dff) from module Pip_RV32IM_AHB (D = $memory\reg_file.register$wrmux[13][1][21]$y$6740, Q = \reg_file.register[13] [21]).
Adding EN signal on $memory\reg_file.register[13]$2801 ($dff) from module Pip_RV32IM_AHB (D = $memory\reg_file.register$wrmux[13][1][20]$y$6736, Q = \reg_file.register[13] [20]).
Adding EN signal on $memory\reg_file.register[13]$2801 ($dff) from module Pip_RV32IM_AHB (D = $memory\reg_file.register$wrmux[13][1][19]$y$6732, Q = \reg_file.register[13] [19]).
Adding EN signal on $memory\reg_file.register[13]$2801 ($dff) from module Pip_RV32IM_AHB (D = $memory\reg_file.register$wrmux[13][1][18]$y$6728, Q = \reg_file.register[13] [18]).
Adding EN signal on $memory\reg_file.register[13]$2801 ($dff) from module Pip_RV32IM_AHB (D = $memory\reg_file.register$wrmux[13][1][17]$y$6724, Q = \reg_file.register[13] [17]).
Adding EN signal on $memory\reg_file.register[13]$2801 ($dff) from module Pip_RV32IM_AHB (D = $memory\reg_file.register$wrmux[13][1][16]$y$6720, Q = \reg_file.register[13] [16]).
Adding EN signal on $memory\reg_file.register[13]$2801 ($dff) from module Pip_RV32IM_AHB (D = $memory\reg_file.register$wrmux[13][1][15]$y$6716, Q = \reg_file.register[13] [15]).
Adding EN signal on $memory\reg_file.register[13]$2801 ($dff) from module Pip_RV32IM_AHB (D = $memory\reg_file.register$wrmux[13][1][14]$y$6712, Q = \reg_file.register[13] [14]).
Adding EN signal on $memory\reg_file.register[13]$2801 ($dff) from module Pip_RV32IM_AHB (D = $memory\reg_file.register$wrmux[13][1][13]$y$6708, Q = \reg_file.register[13] [13]).
Adding EN signal on $memory\reg_file.register[13]$2801 ($dff) from module Pip_RV32IM_AHB (D = $memory\reg_file.register$wrmux[13][1][12]$y$6704, Q = \reg_file.register[13] [12]).
Adding EN signal on $memory\reg_file.register[13]$2801 ($dff) from module Pip_RV32IM_AHB (D = $memory\reg_file.register$wrmux[13][1][11]$y$6700, Q = \reg_file.register[13] [11]).
Adding EN signal on $memory\reg_file.register[13]$2801 ($dff) from module Pip_RV32IM_AHB (D = $memory\reg_file.register$wrmux[13][1][10]$y$6696, Q = \reg_file.register[13] [10]).
Adding EN signal on $memory\reg_file.register[13]$2801 ($dff) from module Pip_RV32IM_AHB (D = $memory\reg_file.register$wrmux[13][1][9]$y$6692, Q = \reg_file.register[13] [9]).
Adding EN signal on $memory\reg_file.register[13]$2801 ($dff) from module Pip_RV32IM_AHB (D = $memory\reg_file.register$wrmux[13][1][8]$y$6688, Q = \reg_file.register[13] [8]).
Adding EN signal on $memory\reg_file.register[13]$2801 ($dff) from module Pip_RV32IM_AHB (D = $memory\reg_file.register$wrmux[13][1][7]$y$6684, Q = \reg_file.register[13] [7]).
Adding EN signal on $memory\reg_file.register[13]$2801 ($dff) from module Pip_RV32IM_AHB (D = $memory\reg_file.register$wrmux[13][1][6]$y$6680, Q = \reg_file.register[13] [6]).
Adding EN signal on $memory\reg_file.register[13]$2801 ($dff) from module Pip_RV32IM_AHB (D = $memory\reg_file.register$wrmux[13][1][5]$y$6676, Q = \reg_file.register[13] [5]).
Adding EN signal on $memory\reg_file.register[13]$2801 ($dff) from module Pip_RV32IM_AHB (D = $memory\reg_file.register$wrmux[13][1][4]$y$6672, Q = \reg_file.register[13] [4]).
Adding EN signal on $memory\reg_file.register[13]$2801 ($dff) from module Pip_RV32IM_AHB (D = $memory\reg_file.register$wrmux[13][1][3]$y$6668, Q = \reg_file.register[13] [3]).
Adding EN signal on $memory\reg_file.register[13]$2801 ($dff) from module Pip_RV32IM_AHB (D = $memory\reg_file.register$wrmux[13][1][2]$y$6664, Q = \reg_file.register[13] [2]).
Adding EN signal on $memory\reg_file.register[13]$2801 ($dff) from module Pip_RV32IM_AHB (D = $memory\reg_file.register$wrmux[13][1][1]$y$6660, Q = \reg_file.register[13] [1]).
Adding EN signal on $memory\reg_file.register[13]$2801 ($dff) from module Pip_RV32IM_AHB (D = $memory\reg_file.register$wrmux[13][1][0]$y$6656, Q = \reg_file.register[13] [0]).
Adding EN signal on $memory\reg_file.register[14]$2803 ($dff) from module Pip_RV32IM_AHB (D = $memory\reg_file.register$wrmux[14][1][31]$y$7044, Q = \reg_file.register[14] [31]).
Adding EN signal on $memory\reg_file.register[14]$2803 ($dff) from module Pip_RV32IM_AHB (D = $memory\reg_file.register$wrmux[14][1][30]$y$7040, Q = \reg_file.register[14] [30]).
Adding EN signal on $memory\reg_file.register[14]$2803 ($dff) from module Pip_RV32IM_AHB (D = $memory\reg_file.register$wrmux[14][1][29]$y$7036, Q = \reg_file.register[14] [29]).
Adding EN signal on $memory\reg_file.register[14]$2803 ($dff) from module Pip_RV32IM_AHB (D = $memory\reg_file.register$wrmux[14][1][28]$y$7032, Q = \reg_file.register[14] [28]).
Adding EN signal on $memory\reg_file.register[14]$2803 ($dff) from module Pip_RV32IM_AHB (D = $memory\reg_file.register$wrmux[14][1][27]$y$7028, Q = \reg_file.register[14] [27]).
Adding EN signal on $memory\reg_file.register[14]$2803 ($dff) from module Pip_RV32IM_AHB (D = $memory\reg_file.register$wrmux[14][1][26]$y$7024, Q = \reg_file.register[14] [26]).
Adding EN signal on $memory\reg_file.register[14]$2803 ($dff) from module Pip_RV32IM_AHB (D = $memory\reg_file.register$wrmux[14][1][25]$y$7020, Q = \reg_file.register[14] [25]).
Adding EN signal on $memory\reg_file.register[14]$2803 ($dff) from module Pip_RV32IM_AHB (D = $memory\reg_file.register$wrmux[14][1][24]$y$7016, Q = \reg_file.register[14] [24]).
Adding EN signal on $memory\reg_file.register[14]$2803 ($dff) from module Pip_RV32IM_AHB (D = $memory\reg_file.register$wrmux[14][1][23]$y$7012, Q = \reg_file.register[14] [23]).
Adding EN signal on $memory\reg_file.register[14]$2803 ($dff) from module Pip_RV32IM_AHB (D = $memory\reg_file.register$wrmux[14][1][22]$y$7008, Q = \reg_file.register[14] [22]).
Adding EN signal on $memory\reg_file.register[14]$2803 ($dff) from module Pip_RV32IM_AHB (D = $memory\reg_file.register$wrmux[14][1][21]$y$7004, Q = \reg_file.register[14] [21]).
Adding EN signal on $memory\reg_file.register[14]$2803 ($dff) from module Pip_RV32IM_AHB (D = $memory\reg_file.register$wrmux[14][1][20]$y$7000, Q = \reg_file.register[14] [20]).
Adding EN signal on $memory\reg_file.register[14]$2803 ($dff) from module Pip_RV32IM_AHB (D = $memory\reg_file.register$wrmux[14][1][19]$y$6996, Q = \reg_file.register[14] [19]).
Adding EN signal on $memory\reg_file.register[14]$2803 ($dff) from module Pip_RV32IM_AHB (D = $memory\reg_file.register$wrmux[14][1][18]$y$6992, Q = \reg_file.register[14] [18]).
Adding EN signal on $memory\reg_file.register[14]$2803 ($dff) from module Pip_RV32IM_AHB (D = $memory\reg_file.register$wrmux[14][1][17]$y$6988, Q = \reg_file.register[14] [17]).
Adding EN signal on $memory\reg_file.register[14]$2803 ($dff) from module Pip_RV32IM_AHB (D = $memory\reg_file.register$wrmux[14][1][16]$y$6984, Q = \reg_file.register[14] [16]).
Adding EN signal on $memory\reg_file.register[14]$2803 ($dff) from module Pip_RV32IM_AHB (D = $memory\reg_file.register$wrmux[14][1][15]$y$6980, Q = \reg_file.register[14] [15]).
Adding EN signal on $memory\reg_file.register[14]$2803 ($dff) from module Pip_RV32IM_AHB (D = $memory\reg_file.register$wrmux[14][1][14]$y$6976, Q = \reg_file.register[14] [14]).
Adding EN signal on $memory\reg_file.register[14]$2803 ($dff) from module Pip_RV32IM_AHB (D = $memory\reg_file.register$wrmux[14][1][13]$y$6972, Q = \reg_file.register[14] [13]).
Adding EN signal on $memory\reg_file.register[14]$2803 ($dff) from module Pip_RV32IM_AHB (D = $memory\reg_file.register$wrmux[14][1][12]$y$6968, Q = \reg_file.register[14] [12]).
Adding EN signal on $memory\reg_file.register[14]$2803 ($dff) from module Pip_RV32IM_AHB (D = $memory\reg_file.register$wrmux[14][1][11]$y$6964, Q = \reg_file.register[14] [11]).
Adding EN signal on $memory\reg_file.register[14]$2803 ($dff) from module Pip_RV32IM_AHB (D = $memory\reg_file.register$wrmux[14][1][10]$y$6960, Q = \reg_file.register[14] [10]).
Adding EN signal on $memory\reg_file.register[14]$2803 ($dff) from module Pip_RV32IM_AHB (D = $memory\reg_file.register$wrmux[14][1][9]$y$6956, Q = \reg_file.register[14] [9]).
Adding EN signal on $memory\reg_file.register[14]$2803 ($dff) from module Pip_RV32IM_AHB (D = $memory\reg_file.register$wrmux[14][1][8]$y$6952, Q = \reg_file.register[14] [8]).
Adding EN signal on $memory\reg_file.register[14]$2803 ($dff) from module Pip_RV32IM_AHB (D = $memory\reg_file.register$wrmux[14][1][7]$y$6948, Q = \reg_file.register[14] [7]).
Adding EN signal on $memory\reg_file.register[14]$2803 ($dff) from module Pip_RV32IM_AHB (D = $memory\reg_file.register$wrmux[14][1][6]$y$6944, Q = \reg_file.register[14] [6]).
Adding EN signal on $memory\reg_file.register[14]$2803 ($dff) from module Pip_RV32IM_AHB (D = $memory\reg_file.register$wrmux[14][1][5]$y$6940, Q = \reg_file.register[14] [5]).
Adding EN signal on $memory\reg_file.register[14]$2803 ($dff) from module Pip_RV32IM_AHB (D = $memory\reg_file.register$wrmux[14][1][4]$y$6936, Q = \reg_file.register[14] [4]).
Adding EN signal on $memory\reg_file.register[14]$2803 ($dff) from module Pip_RV32IM_AHB (D = $memory\reg_file.register$wrmux[14][1][3]$y$6932, Q = \reg_file.register[14] [3]).
Adding EN signal on $memory\reg_file.register[14]$2803 ($dff) from module Pip_RV32IM_AHB (D = $memory\reg_file.register$wrmux[14][1][2]$y$6928, Q = \reg_file.register[14] [2]).
Adding EN signal on $memory\reg_file.register[14]$2803 ($dff) from module Pip_RV32IM_AHB (D = $memory\reg_file.register$wrmux[14][1][1]$y$6924, Q = \reg_file.register[14] [1]).
Adding EN signal on $memory\reg_file.register[14]$2803 ($dff) from module Pip_RV32IM_AHB (D = $memory\reg_file.register$wrmux[14][1][0]$y$6920, Q = \reg_file.register[14] [0]).
Adding EN signal on $memory\reg_file.register[15]$2805 ($dff) from module Pip_RV32IM_AHB (D = $memory\reg_file.register$wrmux[15][1][31]$y$7308, Q = \reg_file.register[15] [31]).
Adding EN signal on $memory\reg_file.register[15]$2805 ($dff) from module Pip_RV32IM_AHB (D = $memory\reg_file.register$wrmux[15][1][30]$y$7304, Q = \reg_file.register[15] [30]).
Adding EN signal on $memory\reg_file.register[15]$2805 ($dff) from module Pip_RV32IM_AHB (D = $memory\reg_file.register$wrmux[15][1][29]$y$7300, Q = \reg_file.register[15] [29]).
Adding EN signal on $memory\reg_file.register[15]$2805 ($dff) from module Pip_RV32IM_AHB (D = $memory\reg_file.register$wrmux[15][1][28]$y$7296, Q = \reg_file.register[15] [28]).
Adding EN signal on $memory\reg_file.register[15]$2805 ($dff) from module Pip_RV32IM_AHB (D = $memory\reg_file.register$wrmux[15][1][27]$y$7292, Q = \reg_file.register[15] [27]).
Adding EN signal on $memory\reg_file.register[15]$2805 ($dff) from module Pip_RV32IM_AHB (D = $memory\reg_file.register$wrmux[15][1][26]$y$7288, Q = \reg_file.register[15] [26]).
Adding EN signal on $memory\reg_file.register[15]$2805 ($dff) from module Pip_RV32IM_AHB (D = $memory\reg_file.register$wrmux[15][1][25]$y$7284, Q = \reg_file.register[15] [25]).
Adding EN signal on $memory\reg_file.register[15]$2805 ($dff) from module Pip_RV32IM_AHB (D = $memory\reg_file.register$wrmux[15][1][24]$y$7280, Q = \reg_file.register[15] [24]).
Adding EN signal on $memory\reg_file.register[15]$2805 ($dff) from module Pip_RV32IM_AHB (D = $memory\reg_file.register$wrmux[15][1][23]$y$7276, Q = \reg_file.register[15] [23]).
Adding EN signal on $memory\reg_file.register[15]$2805 ($dff) from module Pip_RV32IM_AHB (D = $memory\reg_file.register$wrmux[15][1][22]$y$7272, Q = \reg_file.register[15] [22]).
Adding EN signal on $memory\reg_file.register[15]$2805 ($dff) from module Pip_RV32IM_AHB (D = $memory\reg_file.register$wrmux[15][1][21]$y$7268, Q = \reg_file.register[15] [21]).
Adding EN signal on $memory\reg_file.register[15]$2805 ($dff) from module Pip_RV32IM_AHB (D = $memory\reg_file.register$wrmux[15][1][20]$y$7264, Q = \reg_file.register[15] [20]).
Adding EN signal on $memory\reg_file.register[15]$2805 ($dff) from module Pip_RV32IM_AHB (D = $memory\reg_file.register$wrmux[15][1][19]$y$7260, Q = \reg_file.register[15] [19]).
Adding EN signal on $memory\reg_file.register[15]$2805 ($dff) from module Pip_RV32IM_AHB (D = $memory\reg_file.register$wrmux[15][1][18]$y$7256, Q = \reg_file.register[15] [18]).
Adding EN signal on $memory\reg_file.register[15]$2805 ($dff) from module Pip_RV32IM_AHB (D = $memory\reg_file.register$wrmux[15][1][17]$y$7252, Q = \reg_file.register[15] [17]).
Adding EN signal on $memory\reg_file.register[15]$2805 ($dff) from module Pip_RV32IM_AHB (D = $memory\reg_file.register$wrmux[15][1][16]$y$7248, Q = \reg_file.register[15] [16]).
Adding EN signal on $memory\reg_file.register[15]$2805 ($dff) from module Pip_RV32IM_AHB (D = $memory\reg_file.register$wrmux[15][1][15]$y$7244, Q = \reg_file.register[15] [15]).
Adding EN signal on $memory\reg_file.register[15]$2805 ($dff) from module Pip_RV32IM_AHB (D = $memory\reg_file.register$wrmux[15][1][14]$y$7240, Q = \reg_file.register[15] [14]).
Adding EN signal on $memory\reg_file.register[15]$2805 ($dff) from module Pip_RV32IM_AHB (D = $memory\reg_file.register$wrmux[15][1][13]$y$7236, Q = \reg_file.register[15] [13]).
Adding EN signal on $memory\reg_file.register[15]$2805 ($dff) from module Pip_RV32IM_AHB (D = $memory\reg_file.register$wrmux[15][1][12]$y$7232, Q = \reg_file.register[15] [12]).
Adding EN signal on $memory\reg_file.register[15]$2805 ($dff) from module Pip_RV32IM_AHB (D = $memory\reg_file.register$wrmux[15][1][11]$y$7228, Q = \reg_file.register[15] [11]).
Adding EN signal on $memory\reg_file.register[15]$2805 ($dff) from module Pip_RV32IM_AHB (D = $memory\reg_file.register$wrmux[15][1][10]$y$7224, Q = \reg_file.register[15] [10]).
Adding EN signal on $memory\reg_file.register[15]$2805 ($dff) from module Pip_RV32IM_AHB (D = $memory\reg_file.register$wrmux[15][1][9]$y$7220, Q = \reg_file.register[15] [9]).
Adding EN signal on $memory\reg_file.register[15]$2805 ($dff) from module Pip_RV32IM_AHB (D = $memory\reg_file.register$wrmux[15][1][8]$y$7216, Q = \reg_file.register[15] [8]).
Adding EN signal on $memory\reg_file.register[15]$2805 ($dff) from module Pip_RV32IM_AHB (D = $memory\reg_file.register$wrmux[15][1][7]$y$7212, Q = \reg_file.register[15] [7]).
Adding EN signal on $memory\reg_file.register[15]$2805 ($dff) from module Pip_RV32IM_AHB (D = $memory\reg_file.register$wrmux[15][1][6]$y$7208, Q = \reg_file.register[15] [6]).
Adding EN signal on $memory\reg_file.register[15]$2805 ($dff) from module Pip_RV32IM_AHB (D = $memory\reg_file.register$wrmux[15][1][5]$y$7204, Q = \reg_file.register[15] [5]).
Adding EN signal on $memory\reg_file.register[15]$2805 ($dff) from module Pip_RV32IM_AHB (D = $memory\reg_file.register$wrmux[15][1][4]$y$7200, Q = \reg_file.register[15] [4]).
Adding EN signal on $memory\reg_file.register[15]$2805 ($dff) from module Pip_RV32IM_AHB (D = $memory\reg_file.register$wrmux[15][1][3]$y$7196, Q = \reg_file.register[15] [3]).
Adding EN signal on $memory\reg_file.register[15]$2805 ($dff) from module Pip_RV32IM_AHB (D = $memory\reg_file.register$wrmux[15][1][2]$y$7192, Q = \reg_file.register[15] [2]).
Adding EN signal on $memory\reg_file.register[15]$2805 ($dff) from module Pip_RV32IM_AHB (D = $memory\reg_file.register$wrmux[15][1][1]$y$7188, Q = \reg_file.register[15] [1]).
Adding EN signal on $memory\reg_file.register[15]$2805 ($dff) from module Pip_RV32IM_AHB (D = $memory\reg_file.register$wrmux[15][1][0]$y$7184, Q = \reg_file.register[15] [0]).
Adding EN signal on $memory\reg_file.register[16]$2807 ($dff) from module Pip_RV32IM_AHB (D = $memory\reg_file.register$wrmux[16][1][31]$y$7576, Q = \reg_file.register[16] [31]).
Adding EN signal on $memory\reg_file.register[16]$2807 ($dff) from module Pip_RV32IM_AHB (D = $memory\reg_file.register$wrmux[16][1][30]$y$7572, Q = \reg_file.register[16] [30]).
Adding EN signal on $memory\reg_file.register[16]$2807 ($dff) from module Pip_RV32IM_AHB (D = $memory\reg_file.register$wrmux[16][1][29]$y$7568, Q = \reg_file.register[16] [29]).
Adding EN signal on $memory\reg_file.register[16]$2807 ($dff) from module Pip_RV32IM_AHB (D = $memory\reg_file.register$wrmux[16][1][28]$y$7564, Q = \reg_file.register[16] [28]).
Adding EN signal on $memory\reg_file.register[16]$2807 ($dff) from module Pip_RV32IM_AHB (D = $memory\reg_file.register$wrmux[16][1][27]$y$7560, Q = \reg_file.register[16] [27]).
Adding EN signal on $memory\reg_file.register[16]$2807 ($dff) from module Pip_RV32IM_AHB (D = $memory\reg_file.register$wrmux[16][1][26]$y$7556, Q = \reg_file.register[16] [26]).
Adding EN signal on $memory\reg_file.register[16]$2807 ($dff) from module Pip_RV32IM_AHB (D = $memory\reg_file.register$wrmux[16][1][25]$y$7552, Q = \reg_file.register[16] [25]).
Adding EN signal on $memory\reg_file.register[16]$2807 ($dff) from module Pip_RV32IM_AHB (D = $memory\reg_file.register$wrmux[16][1][24]$y$7548, Q = \reg_file.register[16] [24]).
Adding EN signal on $memory\reg_file.register[16]$2807 ($dff) from module Pip_RV32IM_AHB (D = $memory\reg_file.register$wrmux[16][1][23]$y$7544, Q = \reg_file.register[16] [23]).
Adding EN signal on $memory\reg_file.register[16]$2807 ($dff) from module Pip_RV32IM_AHB (D = $memory\reg_file.register$wrmux[16][1][22]$y$7540, Q = \reg_file.register[16] [22]).
Adding EN signal on $memory\reg_file.register[16]$2807 ($dff) from module Pip_RV32IM_AHB (D = $memory\reg_file.register$wrmux[16][1][21]$y$7536, Q = \reg_file.register[16] [21]).
Adding EN signal on $memory\reg_file.register[16]$2807 ($dff) from module Pip_RV32IM_AHB (D = $memory\reg_file.register$wrmux[16][1][20]$y$7532, Q = \reg_file.register[16] [20]).
Adding EN signal on $memory\reg_file.register[16]$2807 ($dff) from module Pip_RV32IM_AHB (D = $memory\reg_file.register$wrmux[16][1][19]$y$7528, Q = \reg_file.register[16] [19]).
Adding EN signal on $memory\reg_file.register[16]$2807 ($dff) from module Pip_RV32IM_AHB (D = $memory\reg_file.register$wrmux[16][1][18]$y$7524, Q = \reg_file.register[16] [18]).
Adding EN signal on $memory\reg_file.register[16]$2807 ($dff) from module Pip_RV32IM_AHB (D = $memory\reg_file.register$wrmux[16][1][17]$y$7520, Q = \reg_file.register[16] [17]).
Adding EN signal on $memory\reg_file.register[16]$2807 ($dff) from module Pip_RV32IM_AHB (D = $memory\reg_file.register$wrmux[16][1][16]$y$7516, Q = \reg_file.register[16] [16]).
Adding EN signal on $memory\reg_file.register[16]$2807 ($dff) from module Pip_RV32IM_AHB (D = $memory\reg_file.register$wrmux[16][1][15]$y$7512, Q = \reg_file.register[16] [15]).
Adding EN signal on $memory\reg_file.register[16]$2807 ($dff) from module Pip_RV32IM_AHB (D = $memory\reg_file.register$wrmux[16][1][14]$y$7508, Q = \reg_file.register[16] [14]).
Adding EN signal on $memory\reg_file.register[16]$2807 ($dff) from module Pip_RV32IM_AHB (D = $memory\reg_file.register$wrmux[16][1][13]$y$7504, Q = \reg_file.register[16] [13]).
Adding EN signal on $memory\reg_file.register[16]$2807 ($dff) from module Pip_RV32IM_AHB (D = $memory\reg_file.register$wrmux[16][1][12]$y$7500, Q = \reg_file.register[16] [12]).
Adding EN signal on $memory\reg_file.register[16]$2807 ($dff) from module Pip_RV32IM_AHB (D = $memory\reg_file.register$wrmux[16][1][11]$y$7496, Q = \reg_file.register[16] [11]).
Adding EN signal on $memory\reg_file.register[16]$2807 ($dff) from module Pip_RV32IM_AHB (D = $memory\reg_file.register$wrmux[16][1][10]$y$7492, Q = \reg_file.register[16] [10]).
Adding EN signal on $memory\reg_file.register[16]$2807 ($dff) from module Pip_RV32IM_AHB (D = $memory\reg_file.register$wrmux[16][1][9]$y$7488, Q = \reg_file.register[16] [9]).
Adding EN signal on $memory\reg_file.register[16]$2807 ($dff) from module Pip_RV32IM_AHB (D = $memory\reg_file.register$wrmux[16][1][8]$y$7484, Q = \reg_file.register[16] [8]).
Adding EN signal on $memory\reg_file.register[16]$2807 ($dff) from module Pip_RV32IM_AHB (D = $memory\reg_file.register$wrmux[16][1][7]$y$7480, Q = \reg_file.register[16] [7]).
Adding EN signal on $memory\reg_file.register[16]$2807 ($dff) from module Pip_RV32IM_AHB (D = $memory\reg_file.register$wrmux[16][1][6]$y$7476, Q = \reg_file.register[16] [6]).
Adding EN signal on $memory\reg_file.register[16]$2807 ($dff) from module Pip_RV32IM_AHB (D = $memory\reg_file.register$wrmux[16][1][5]$y$7472, Q = \reg_file.register[16] [5]).
Adding EN signal on $memory\reg_file.register[16]$2807 ($dff) from module Pip_RV32IM_AHB (D = $memory\reg_file.register$wrmux[16][1][4]$y$7468, Q = \reg_file.register[16] [4]).
Adding EN signal on $memory\reg_file.register[16]$2807 ($dff) from module Pip_RV32IM_AHB (D = $memory\reg_file.register$wrmux[16][1][3]$y$7464, Q = \reg_file.register[16] [3]).
Adding EN signal on $memory\reg_file.register[16]$2807 ($dff) from module Pip_RV32IM_AHB (D = $memory\reg_file.register$wrmux[16][1][2]$y$7460, Q = \reg_file.register[16] [2]).
Adding EN signal on $memory\reg_file.register[16]$2807 ($dff) from module Pip_RV32IM_AHB (D = $memory\reg_file.register$wrmux[16][1][1]$y$7456, Q = \reg_file.register[16] [1]).
Adding EN signal on $memory\reg_file.register[16]$2807 ($dff) from module Pip_RV32IM_AHB (D = $memory\reg_file.register$wrmux[16][1][0]$y$7452, Q = \reg_file.register[16] [0]).
Adding EN signal on $memory\reg_file.register[17]$2809 ($dff) from module Pip_RV32IM_AHB (D = $memory\reg_file.register$wrmux[17][1][31]$y$7838, Q = \reg_file.register[17] [31]).
Adding EN signal on $memory\reg_file.register[17]$2809 ($dff) from module Pip_RV32IM_AHB (D = $memory\reg_file.register$wrmux[17][1][30]$y$7834, Q = \reg_file.register[17] [30]).
Adding EN signal on $memory\reg_file.register[17]$2809 ($dff) from module Pip_RV32IM_AHB (D = $memory\reg_file.register$wrmux[17][1][29]$y$7830, Q = \reg_file.register[17] [29]).
Adding EN signal on $memory\reg_file.register[17]$2809 ($dff) from module Pip_RV32IM_AHB (D = $memory\reg_file.register$wrmux[17][1][28]$y$7826, Q = \reg_file.register[17] [28]).
Adding EN signal on $memory\reg_file.register[17]$2809 ($dff) from module Pip_RV32IM_AHB (D = $memory\reg_file.register$wrmux[17][1][27]$y$7822, Q = \reg_file.register[17] [27]).
Adding EN signal on $memory\reg_file.register[17]$2809 ($dff) from module Pip_RV32IM_AHB (D = $memory\reg_file.register$wrmux[17][1][26]$y$7818, Q = \reg_file.register[17] [26]).
Adding EN signal on $memory\reg_file.register[17]$2809 ($dff) from module Pip_RV32IM_AHB (D = $memory\reg_file.register$wrmux[17][1][25]$y$7814, Q = \reg_file.register[17] [25]).
Adding EN signal on $memory\reg_file.register[17]$2809 ($dff) from module Pip_RV32IM_AHB (D = $memory\reg_file.register$wrmux[17][1][24]$y$7810, Q = \reg_file.register[17] [24]).
Adding EN signal on $memory\reg_file.register[17]$2809 ($dff) from module Pip_RV32IM_AHB (D = $memory\reg_file.register$wrmux[17][1][23]$y$7806, Q = \reg_file.register[17] [23]).
Adding EN signal on $memory\reg_file.register[17]$2809 ($dff) from module Pip_RV32IM_AHB (D = $memory\reg_file.register$wrmux[17][1][22]$y$7802, Q = \reg_file.register[17] [22]).
Adding EN signal on $memory\reg_file.register[17]$2809 ($dff) from module Pip_RV32IM_AHB (D = $memory\reg_file.register$wrmux[17][1][21]$y$7798, Q = \reg_file.register[17] [21]).
Adding EN signal on $memory\reg_file.register[17]$2809 ($dff) from module Pip_RV32IM_AHB (D = $memory\reg_file.register$wrmux[17][1][20]$y$7794, Q = \reg_file.register[17] [20]).
Adding EN signal on $memory\reg_file.register[17]$2809 ($dff) from module Pip_RV32IM_AHB (D = $memory\reg_file.register$wrmux[17][1][19]$y$7790, Q = \reg_file.register[17] [19]).
Adding EN signal on $memory\reg_file.register[17]$2809 ($dff) from module Pip_RV32IM_AHB (D = $memory\reg_file.register$wrmux[17][1][18]$y$7786, Q = \reg_file.register[17] [18]).
Adding EN signal on $memory\reg_file.register[17]$2809 ($dff) from module Pip_RV32IM_AHB (D = $memory\reg_file.register$wrmux[17][1][17]$y$7782, Q = \reg_file.register[17] [17]).
Adding EN signal on $memory\reg_file.register[17]$2809 ($dff) from module Pip_RV32IM_AHB (D = $memory\reg_file.register$wrmux[17][1][16]$y$7778, Q = \reg_file.register[17] [16]).
Adding EN signal on $memory\reg_file.register[17]$2809 ($dff) from module Pip_RV32IM_AHB (D = $memory\reg_file.register$wrmux[17][1][15]$y$7774, Q = \reg_file.register[17] [15]).
Adding EN signal on $memory\reg_file.register[17]$2809 ($dff) from module Pip_RV32IM_AHB (D = $memory\reg_file.register$wrmux[17][1][14]$y$7770, Q = \reg_file.register[17] [14]).
Adding EN signal on $memory\reg_file.register[17]$2809 ($dff) from module Pip_RV32IM_AHB (D = $memory\reg_file.register$wrmux[17][1][13]$y$7766, Q = \reg_file.register[17] [13]).
Adding EN signal on $memory\reg_file.register[17]$2809 ($dff) from module Pip_RV32IM_AHB (D = $memory\reg_file.register$wrmux[17][1][12]$y$7762, Q = \reg_file.register[17] [12]).
Adding EN signal on $memory\reg_file.register[17]$2809 ($dff) from module Pip_RV32IM_AHB (D = $memory\reg_file.register$wrmux[17][1][11]$y$7758, Q = \reg_file.register[17] [11]).
Adding EN signal on $memory\reg_file.register[17]$2809 ($dff) from module Pip_RV32IM_AHB (D = $memory\reg_file.register$wrmux[17][1][10]$y$7754, Q = \reg_file.register[17] [10]).
Adding EN signal on $memory\reg_file.register[17]$2809 ($dff) from module Pip_RV32IM_AHB (D = $memory\reg_file.register$wrmux[17][1][9]$y$7750, Q = \reg_file.register[17] [9]).
Adding EN signal on $memory\reg_file.register[17]$2809 ($dff) from module Pip_RV32IM_AHB (D = $memory\reg_file.register$wrmux[17][1][8]$y$7746, Q = \reg_file.register[17] [8]).
Adding EN signal on $memory\reg_file.register[17]$2809 ($dff) from module Pip_RV32IM_AHB (D = $memory\reg_file.register$wrmux[17][1][7]$y$7742, Q = \reg_file.register[17] [7]).
Adding EN signal on $memory\reg_file.register[17]$2809 ($dff) from module Pip_RV32IM_AHB (D = $memory\reg_file.register$wrmux[17][1][6]$y$7738, Q = \reg_file.register[17] [6]).
Adding EN signal on $memory\reg_file.register[17]$2809 ($dff) from module Pip_RV32IM_AHB (D = $memory\reg_file.register$wrmux[17][1][5]$y$7734, Q = \reg_file.register[17] [5]).
Adding EN signal on $memory\reg_file.register[17]$2809 ($dff) from module Pip_RV32IM_AHB (D = $memory\reg_file.register$wrmux[17][1][4]$y$7730, Q = \reg_file.register[17] [4]).
Adding EN signal on $memory\reg_file.register[17]$2809 ($dff) from module Pip_RV32IM_AHB (D = $memory\reg_file.register$wrmux[17][1][3]$y$7726, Q = \reg_file.register[17] [3]).
Adding EN signal on $memory\reg_file.register[17]$2809 ($dff) from module Pip_RV32IM_AHB (D = $memory\reg_file.register$wrmux[17][1][2]$y$7722, Q = \reg_file.register[17] [2]).
Adding EN signal on $memory\reg_file.register[17]$2809 ($dff) from module Pip_RV32IM_AHB (D = $memory\reg_file.register$wrmux[17][1][1]$y$7718, Q = \reg_file.register[17] [1]).
Adding EN signal on $memory\reg_file.register[17]$2809 ($dff) from module Pip_RV32IM_AHB (D = $memory\reg_file.register$wrmux[17][1][0]$y$7714, Q = \reg_file.register[17] [0]).
Adding EN signal on $memory\reg_file.register[18]$2811 ($dff) from module Pip_RV32IM_AHB (D = $memory\reg_file.register$wrmux[18][1][31]$y$8100, Q = \reg_file.register[18] [31]).
Adding EN signal on $memory\reg_file.register[18]$2811 ($dff) from module Pip_RV32IM_AHB (D = $memory\reg_file.register$wrmux[18][1][30]$y$8096, Q = \reg_file.register[18] [30]).
Adding EN signal on $memory\reg_file.register[18]$2811 ($dff) from module Pip_RV32IM_AHB (D = $memory\reg_file.register$wrmux[18][1][29]$y$8092, Q = \reg_file.register[18] [29]).
Adding EN signal on $memory\reg_file.register[18]$2811 ($dff) from module Pip_RV32IM_AHB (D = $memory\reg_file.register$wrmux[18][1][28]$y$8088, Q = \reg_file.register[18] [28]).
Adding EN signal on $memory\reg_file.register[18]$2811 ($dff) from module Pip_RV32IM_AHB (D = $memory\reg_file.register$wrmux[18][1][27]$y$8084, Q = \reg_file.register[18] [27]).
Adding EN signal on $memory\reg_file.register[18]$2811 ($dff) from module Pip_RV32IM_AHB (D = $memory\reg_file.register$wrmux[18][1][26]$y$8080, Q = \reg_file.register[18] [26]).
Adding EN signal on $memory\reg_file.register[18]$2811 ($dff) from module Pip_RV32IM_AHB (D = $memory\reg_file.register$wrmux[18][1][25]$y$8076, Q = \reg_file.register[18] [25]).
Adding EN signal on $memory\reg_file.register[18]$2811 ($dff) from module Pip_RV32IM_AHB (D = $memory\reg_file.register$wrmux[18][1][24]$y$8072, Q = \reg_file.register[18] [24]).
Adding EN signal on $memory\reg_file.register[18]$2811 ($dff) from module Pip_RV32IM_AHB (D = $memory\reg_file.register$wrmux[18][1][23]$y$8068, Q = \reg_file.register[18] [23]).
Adding EN signal on $memory\reg_file.register[18]$2811 ($dff) from module Pip_RV32IM_AHB (D = $memory\reg_file.register$wrmux[18][1][22]$y$8064, Q = \reg_file.register[18] [22]).
Adding EN signal on $memory\reg_file.register[18]$2811 ($dff) from module Pip_RV32IM_AHB (D = $memory\reg_file.register$wrmux[18][1][21]$y$8060, Q = \reg_file.register[18] [21]).
Adding EN signal on $memory\reg_file.register[18]$2811 ($dff) from module Pip_RV32IM_AHB (D = $memory\reg_file.register$wrmux[18][1][20]$y$8056, Q = \reg_file.register[18] [20]).
Adding EN signal on $memory\reg_file.register[18]$2811 ($dff) from module Pip_RV32IM_AHB (D = $memory\reg_file.register$wrmux[18][1][19]$y$8052, Q = \reg_file.register[18] [19]).
Adding EN signal on $memory\reg_file.register[18]$2811 ($dff) from module Pip_RV32IM_AHB (D = $memory\reg_file.register$wrmux[18][1][18]$y$8048, Q = \reg_file.register[18] [18]).
Adding EN signal on $memory\reg_file.register[18]$2811 ($dff) from module Pip_RV32IM_AHB (D = $memory\reg_file.register$wrmux[18][1][17]$y$8044, Q = \reg_file.register[18] [17]).
Adding EN signal on $memory\reg_file.register[18]$2811 ($dff) from module Pip_RV32IM_AHB (D = $memory\reg_file.register$wrmux[18][1][16]$y$8040, Q = \reg_file.register[18] [16]).
Adding EN signal on $memory\reg_file.register[18]$2811 ($dff) from module Pip_RV32IM_AHB (D = $memory\reg_file.register$wrmux[18][1][15]$y$8036, Q = \reg_file.register[18] [15]).
Adding EN signal on $memory\reg_file.register[18]$2811 ($dff) from module Pip_RV32IM_AHB (D = $memory\reg_file.register$wrmux[18][1][14]$y$8032, Q = \reg_file.register[18] [14]).
Adding EN signal on $memory\reg_file.register[18]$2811 ($dff) from module Pip_RV32IM_AHB (D = $memory\reg_file.register$wrmux[18][1][13]$y$8028, Q = \reg_file.register[18] [13]).
Adding EN signal on $memory\reg_file.register[18]$2811 ($dff) from module Pip_RV32IM_AHB (D = $memory\reg_file.register$wrmux[18][1][12]$y$8024, Q = \reg_file.register[18] [12]).
Adding EN signal on $memory\reg_file.register[18]$2811 ($dff) from module Pip_RV32IM_AHB (D = $memory\reg_file.register$wrmux[18][1][11]$y$8020, Q = \reg_file.register[18] [11]).
Adding EN signal on $memory\reg_file.register[18]$2811 ($dff) from module Pip_RV32IM_AHB (D = $memory\reg_file.register$wrmux[18][1][10]$y$8016, Q = \reg_file.register[18] [10]).
Adding EN signal on $memory\reg_file.register[18]$2811 ($dff) from module Pip_RV32IM_AHB (D = $memory\reg_file.register$wrmux[18][1][9]$y$8012, Q = \reg_file.register[18] [9]).
Adding EN signal on $memory\reg_file.register[18]$2811 ($dff) from module Pip_RV32IM_AHB (D = $memory\reg_file.register$wrmux[18][1][8]$y$8008, Q = \reg_file.register[18] [8]).
Adding EN signal on $memory\reg_file.register[18]$2811 ($dff) from module Pip_RV32IM_AHB (D = $memory\reg_file.register$wrmux[18][1][7]$y$8004, Q = \reg_file.register[18] [7]).
Adding EN signal on $memory\reg_file.register[18]$2811 ($dff) from module Pip_RV32IM_AHB (D = $memory\reg_file.register$wrmux[18][1][6]$y$8000, Q = \reg_file.register[18] [6]).
Adding EN signal on $memory\reg_file.register[18]$2811 ($dff) from module Pip_RV32IM_AHB (D = $memory\reg_file.register$wrmux[18][1][5]$y$7996, Q = \reg_file.register[18] [5]).
Adding EN signal on $memory\reg_file.register[18]$2811 ($dff) from module Pip_RV32IM_AHB (D = $memory\reg_file.register$wrmux[18][1][4]$y$7992, Q = \reg_file.register[18] [4]).
Adding EN signal on $memory\reg_file.register[18]$2811 ($dff) from module Pip_RV32IM_AHB (D = $memory\reg_file.register$wrmux[18][1][3]$y$7988, Q = \reg_file.register[18] [3]).
Adding EN signal on $memory\reg_file.register[18]$2811 ($dff) from module Pip_RV32IM_AHB (D = $memory\reg_file.register$wrmux[18][1][2]$y$7984, Q = \reg_file.register[18] [2]).
Adding EN signal on $memory\reg_file.register[18]$2811 ($dff) from module Pip_RV32IM_AHB (D = $memory\reg_file.register$wrmux[18][1][1]$y$7980, Q = \reg_file.register[18] [1]).
Adding EN signal on $memory\reg_file.register[18]$2811 ($dff) from module Pip_RV32IM_AHB (D = $memory\reg_file.register$wrmux[18][1][0]$y$7976, Q = \reg_file.register[18] [0]).
Adding EN signal on $memory\reg_file.register[19]$2813 ($dff) from module Pip_RV32IM_AHB (D = $memory\reg_file.register$wrmux[19][1][31]$y$8362, Q = \reg_file.register[19] [31]).
Adding EN signal on $memory\reg_file.register[19]$2813 ($dff) from module Pip_RV32IM_AHB (D = $memory\reg_file.register$wrmux[19][1][30]$y$8358, Q = \reg_file.register[19] [30]).
Adding EN signal on $memory\reg_file.register[19]$2813 ($dff) from module Pip_RV32IM_AHB (D = $memory\reg_file.register$wrmux[19][1][29]$y$8354, Q = \reg_file.register[19] [29]).
Adding EN signal on $memory\reg_file.register[19]$2813 ($dff) from module Pip_RV32IM_AHB (D = $memory\reg_file.register$wrmux[19][1][28]$y$8350, Q = \reg_file.register[19] [28]).
Adding EN signal on $memory\reg_file.register[19]$2813 ($dff) from module Pip_RV32IM_AHB (D = $memory\reg_file.register$wrmux[19][1][27]$y$8346, Q = \reg_file.register[19] [27]).
Adding EN signal on $memory\reg_file.register[19]$2813 ($dff) from module Pip_RV32IM_AHB (D = $memory\reg_file.register$wrmux[19][1][26]$y$8342, Q = \reg_file.register[19] [26]).
Adding EN signal on $memory\reg_file.register[19]$2813 ($dff) from module Pip_RV32IM_AHB (D = $memory\reg_file.register$wrmux[19][1][25]$y$8338, Q = \reg_file.register[19] [25]).
Adding EN signal on $memory\reg_file.register[19]$2813 ($dff) from module Pip_RV32IM_AHB (D = $memory\reg_file.register$wrmux[19][1][24]$y$8334, Q = \reg_file.register[19] [24]).
Adding EN signal on $memory\reg_file.register[19]$2813 ($dff) from module Pip_RV32IM_AHB (D = $memory\reg_file.register$wrmux[19][1][23]$y$8330, Q = \reg_file.register[19] [23]).
Adding EN signal on $memory\reg_file.register[19]$2813 ($dff) from module Pip_RV32IM_AHB (D = $memory\reg_file.register$wrmux[19][1][22]$y$8326, Q = \reg_file.register[19] [22]).
Adding EN signal on $memory\reg_file.register[19]$2813 ($dff) from module Pip_RV32IM_AHB (D = $memory\reg_file.register$wrmux[19][1][21]$y$8322, Q = \reg_file.register[19] [21]).
Adding EN signal on $memory\reg_file.register[19]$2813 ($dff) from module Pip_RV32IM_AHB (D = $memory\reg_file.register$wrmux[19][1][20]$y$8318, Q = \reg_file.register[19] [20]).
Adding EN signal on $memory\reg_file.register[19]$2813 ($dff) from module Pip_RV32IM_AHB (D = $memory\reg_file.register$wrmux[19][1][19]$y$8314, Q = \reg_file.register[19] [19]).
Adding EN signal on $memory\reg_file.register[19]$2813 ($dff) from module Pip_RV32IM_AHB (D = $memory\reg_file.register$wrmux[19][1][18]$y$8310, Q = \reg_file.register[19] [18]).
Adding EN signal on $memory\reg_file.register[19]$2813 ($dff) from module Pip_RV32IM_AHB (D = $memory\reg_file.register$wrmux[19][1][17]$y$8306, Q = \reg_file.register[19] [17]).
Adding EN signal on $memory\reg_file.register[19]$2813 ($dff) from module Pip_RV32IM_AHB (D = $memory\reg_file.register$wrmux[19][1][16]$y$8302, Q = \reg_file.register[19] [16]).
Adding EN signal on $memory\reg_file.register[19]$2813 ($dff) from module Pip_RV32IM_AHB (D = $memory\reg_file.register$wrmux[19][1][15]$y$8298, Q = \reg_file.register[19] [15]).
Adding EN signal on $memory\reg_file.register[19]$2813 ($dff) from module Pip_RV32IM_AHB (D = $memory\reg_file.register$wrmux[19][1][14]$y$8294, Q = \reg_file.register[19] [14]).
Adding EN signal on $memory\reg_file.register[19]$2813 ($dff) from module Pip_RV32IM_AHB (D = $memory\reg_file.register$wrmux[19][1][13]$y$8290, Q = \reg_file.register[19] [13]).
Adding EN signal on $memory\reg_file.register[19]$2813 ($dff) from module Pip_RV32IM_AHB (D = $memory\reg_file.register$wrmux[19][1][12]$y$8286, Q = \reg_file.register[19] [12]).
Adding EN signal on $memory\reg_file.register[19]$2813 ($dff) from module Pip_RV32IM_AHB (D = $memory\reg_file.register$wrmux[19][1][11]$y$8282, Q = \reg_file.register[19] [11]).
Adding EN signal on $memory\reg_file.register[19]$2813 ($dff) from module Pip_RV32IM_AHB (D = $memory\reg_file.register$wrmux[19][1][10]$y$8278, Q = \reg_file.register[19] [10]).
Adding EN signal on $memory\reg_file.register[19]$2813 ($dff) from module Pip_RV32IM_AHB (D = $memory\reg_file.register$wrmux[19][1][9]$y$8274, Q = \reg_file.register[19] [9]).
Adding EN signal on $memory\reg_file.register[19]$2813 ($dff) from module Pip_RV32IM_AHB (D = $memory\reg_file.register$wrmux[19][1][8]$y$8270, Q = \reg_file.register[19] [8]).
Adding EN signal on $memory\reg_file.register[19]$2813 ($dff) from module Pip_RV32IM_AHB (D = $memory\reg_file.register$wrmux[19][1][7]$y$8266, Q = \reg_file.register[19] [7]).
Adding EN signal on $memory\reg_file.register[19]$2813 ($dff) from module Pip_RV32IM_AHB (D = $memory\reg_file.register$wrmux[19][1][6]$y$8262, Q = \reg_file.register[19] [6]).
Adding EN signal on $memory\reg_file.register[19]$2813 ($dff) from module Pip_RV32IM_AHB (D = $memory\reg_file.register$wrmux[19][1][5]$y$8258, Q = \reg_file.register[19] [5]).
Adding EN signal on $memory\reg_file.register[19]$2813 ($dff) from module Pip_RV32IM_AHB (D = $memory\reg_file.register$wrmux[19][1][4]$y$8254, Q = \reg_file.register[19] [4]).
Adding EN signal on $memory\reg_file.register[19]$2813 ($dff) from module Pip_RV32IM_AHB (D = $memory\reg_file.register$wrmux[19][1][3]$y$8250, Q = \reg_file.register[19] [3]).
Adding EN signal on $memory\reg_file.register[19]$2813 ($dff) from module Pip_RV32IM_AHB (D = $memory\reg_file.register$wrmux[19][1][2]$y$8246, Q = \reg_file.register[19] [2]).
Adding EN signal on $memory\reg_file.register[19]$2813 ($dff) from module Pip_RV32IM_AHB (D = $memory\reg_file.register$wrmux[19][1][1]$y$8242, Q = \reg_file.register[19] [1]).
Adding EN signal on $memory\reg_file.register[19]$2813 ($dff) from module Pip_RV32IM_AHB (D = $memory\reg_file.register$wrmux[19][1][0]$y$8238, Q = \reg_file.register[19] [0]).
Adding EN signal on $memory\reg_file.register[20]$2815 ($dff) from module Pip_RV32IM_AHB (D = $memory\reg_file.register$wrmux[20][1][31]$y$8624, Q = \reg_file.register[20] [31]).
Adding EN signal on $memory\reg_file.register[20]$2815 ($dff) from module Pip_RV32IM_AHB (D = $memory\reg_file.register$wrmux[20][1][30]$y$8620, Q = \reg_file.register[20] [30]).
Adding EN signal on $memory\reg_file.register[20]$2815 ($dff) from module Pip_RV32IM_AHB (D = $memory\reg_file.register$wrmux[20][1][29]$y$8616, Q = \reg_file.register[20] [29]).
Adding EN signal on $memory\reg_file.register[20]$2815 ($dff) from module Pip_RV32IM_AHB (D = $memory\reg_file.register$wrmux[20][1][28]$y$8612, Q = \reg_file.register[20] [28]).
Adding EN signal on $memory\reg_file.register[20]$2815 ($dff) from module Pip_RV32IM_AHB (D = $memory\reg_file.register$wrmux[20][1][27]$y$8608, Q = \reg_file.register[20] [27]).
Adding EN signal on $memory\reg_file.register[20]$2815 ($dff) from module Pip_RV32IM_AHB (D = $memory\reg_file.register$wrmux[20][1][26]$y$8604, Q = \reg_file.register[20] [26]).
Adding EN signal on $memory\reg_file.register[20]$2815 ($dff) from module Pip_RV32IM_AHB (D = $memory\reg_file.register$wrmux[20][1][25]$y$8600, Q = \reg_file.register[20] [25]).
Adding EN signal on $memory\reg_file.register[20]$2815 ($dff) from module Pip_RV32IM_AHB (D = $memory\reg_file.register$wrmux[20][1][24]$y$8596, Q = \reg_file.register[20] [24]).
Adding EN signal on $memory\reg_file.register[20]$2815 ($dff) from module Pip_RV32IM_AHB (D = $memory\reg_file.register$wrmux[20][1][23]$y$8592, Q = \reg_file.register[20] [23]).
Adding EN signal on $memory\reg_file.register[20]$2815 ($dff) from module Pip_RV32IM_AHB (D = $memory\reg_file.register$wrmux[20][1][22]$y$8588, Q = \reg_file.register[20] [22]).
Adding EN signal on $memory\reg_file.register[20]$2815 ($dff) from module Pip_RV32IM_AHB (D = $memory\reg_file.register$wrmux[20][1][21]$y$8584, Q = \reg_file.register[20] [21]).
Adding EN signal on $memory\reg_file.register[20]$2815 ($dff) from module Pip_RV32IM_AHB (D = $memory\reg_file.register$wrmux[20][1][20]$y$8580, Q = \reg_file.register[20] [20]).
Adding EN signal on $memory\reg_file.register[20]$2815 ($dff) from module Pip_RV32IM_AHB (D = $memory\reg_file.register$wrmux[20][1][19]$y$8576, Q = \reg_file.register[20] [19]).
Adding EN signal on $memory\reg_file.register[20]$2815 ($dff) from module Pip_RV32IM_AHB (D = $memory\reg_file.register$wrmux[20][1][18]$y$8572, Q = \reg_file.register[20] [18]).
Adding EN signal on $memory\reg_file.register[20]$2815 ($dff) from module Pip_RV32IM_AHB (D = $memory\reg_file.register$wrmux[20][1][17]$y$8568, Q = \reg_file.register[20] [17]).
Adding EN signal on $memory\reg_file.register[20]$2815 ($dff) from module Pip_RV32IM_AHB (D = $memory\reg_file.register$wrmux[20][1][16]$y$8564, Q = \reg_file.register[20] [16]).
Adding EN signal on $memory\reg_file.register[20]$2815 ($dff) from module Pip_RV32IM_AHB (D = $memory\reg_file.register$wrmux[20][1][15]$y$8560, Q = \reg_file.register[20] [15]).
Adding EN signal on $memory\reg_file.register[20]$2815 ($dff) from module Pip_RV32IM_AHB (D = $memory\reg_file.register$wrmux[20][1][14]$y$8556, Q = \reg_file.register[20] [14]).
Adding EN signal on $memory\reg_file.register[20]$2815 ($dff) from module Pip_RV32IM_AHB (D = $memory\reg_file.register$wrmux[20][1][13]$y$8552, Q = \reg_file.register[20] [13]).
Adding EN signal on $memory\reg_file.register[20]$2815 ($dff) from module Pip_RV32IM_AHB (D = $memory\reg_file.register$wrmux[20][1][12]$y$8548, Q = \reg_file.register[20] [12]).
Adding EN signal on $memory\reg_file.register[20]$2815 ($dff) from module Pip_RV32IM_AHB (D = $memory\reg_file.register$wrmux[20][1][11]$y$8544, Q = \reg_file.register[20] [11]).
Adding EN signal on $memory\reg_file.register[20]$2815 ($dff) from module Pip_RV32IM_AHB (D = $memory\reg_file.register$wrmux[20][1][10]$y$8540, Q = \reg_file.register[20] [10]).
Adding EN signal on $memory\reg_file.register[20]$2815 ($dff) from module Pip_RV32IM_AHB (D = $memory\reg_file.register$wrmux[20][1][9]$y$8536, Q = \reg_file.register[20] [9]).
Adding EN signal on $memory\reg_file.register[20]$2815 ($dff) from module Pip_RV32IM_AHB (D = $memory\reg_file.register$wrmux[20][1][8]$y$8532, Q = \reg_file.register[20] [8]).
Adding EN signal on $memory\reg_file.register[20]$2815 ($dff) from module Pip_RV32IM_AHB (D = $memory\reg_file.register$wrmux[20][1][7]$y$8528, Q = \reg_file.register[20] [7]).
Adding EN signal on $memory\reg_file.register[20]$2815 ($dff) from module Pip_RV32IM_AHB (D = $memory\reg_file.register$wrmux[20][1][6]$y$8524, Q = \reg_file.register[20] [6]).
Adding EN signal on $memory\reg_file.register[20]$2815 ($dff) from module Pip_RV32IM_AHB (D = $memory\reg_file.register$wrmux[20][1][5]$y$8520, Q = \reg_file.register[20] [5]).
Adding EN signal on $memory\reg_file.register[20]$2815 ($dff) from module Pip_RV32IM_AHB (D = $memory\reg_file.register$wrmux[20][1][4]$y$8516, Q = \reg_file.register[20] [4]).
Adding EN signal on $memory\reg_file.register[20]$2815 ($dff) from module Pip_RV32IM_AHB (D = $memory\reg_file.register$wrmux[20][1][3]$y$8512, Q = \reg_file.register[20] [3]).
Adding EN signal on $memory\reg_file.register[20]$2815 ($dff) from module Pip_RV32IM_AHB (D = $memory\reg_file.register$wrmux[20][1][2]$y$8508, Q = \reg_file.register[20] [2]).
Adding EN signal on $memory\reg_file.register[20]$2815 ($dff) from module Pip_RV32IM_AHB (D = $memory\reg_file.register$wrmux[20][1][1]$y$8504, Q = \reg_file.register[20] [1]).
Adding EN signal on $memory\reg_file.register[20]$2815 ($dff) from module Pip_RV32IM_AHB (D = $memory\reg_file.register$wrmux[20][1][0]$y$8500, Q = \reg_file.register[20] [0]).
Adding EN signal on $memory\reg_file.register[21]$2817 ($dff) from module Pip_RV32IM_AHB (D = $memory\reg_file.register$wrmux[21][1][0]$y$8762, Q = \reg_file.register[21] [0]).
Adding EN signal on $memory\reg_file.register[21]$2817 ($dff) from module Pip_RV32IM_AHB (D = $memory\reg_file.register$wrmux[21][1][1]$y$8766, Q = \reg_file.register[21] [1]).
Adding EN signal on $memory\reg_file.register[21]$2817 ($dff) from module Pip_RV32IM_AHB (D = $memory\reg_file.register$wrmux[21][1][2]$y$8770, Q = \reg_file.register[21] [2]).
Adding EN signal on $memory\reg_file.register[21]$2817 ($dff) from module Pip_RV32IM_AHB (D = $memory\reg_file.register$wrmux[21][1][3]$y$8774, Q = \reg_file.register[21] [3]).
Adding EN signal on $memory\reg_file.register[21]$2817 ($dff) from module Pip_RV32IM_AHB (D = $memory\reg_file.register$wrmux[21][1][4]$y$8778, Q = \reg_file.register[21] [4]).
Adding EN signal on $memory\reg_file.register[21]$2817 ($dff) from module Pip_RV32IM_AHB (D = $memory\reg_file.register$wrmux[21][1][5]$y$8782, Q = \reg_file.register[21] [5]).
Adding EN signal on $memory\reg_file.register[21]$2817 ($dff) from module Pip_RV32IM_AHB (D = $memory\reg_file.register$wrmux[21][1][6]$y$8786, Q = \reg_file.register[21] [6]).
Adding EN signal on $memory\reg_file.register[21]$2817 ($dff) from module Pip_RV32IM_AHB (D = $memory\reg_file.register$wrmux[21][1][7]$y$8790, Q = \reg_file.register[21] [7]).
Adding EN signal on $memory\reg_file.register[21]$2817 ($dff) from module Pip_RV32IM_AHB (D = $memory\reg_file.register$wrmux[21][1][8]$y$8794, Q = \reg_file.register[21] [8]).
Adding EN signal on $memory\reg_file.register[21]$2817 ($dff) from module Pip_RV32IM_AHB (D = $memory\reg_file.register$wrmux[21][1][9]$y$8798, Q = \reg_file.register[21] [9]).
Adding EN signal on $memory\reg_file.register[21]$2817 ($dff) from module Pip_RV32IM_AHB (D = $memory\reg_file.register$wrmux[21][1][10]$y$8802, Q = \reg_file.register[21] [10]).
Adding EN signal on $memory\reg_file.register[21]$2817 ($dff) from module Pip_RV32IM_AHB (D = $memory\reg_file.register$wrmux[21][1][11]$y$8806, Q = \reg_file.register[21] [11]).
Adding EN signal on $memory\reg_file.register[21]$2817 ($dff) from module Pip_RV32IM_AHB (D = $memory\reg_file.register$wrmux[21][1][12]$y$8810, Q = \reg_file.register[21] [12]).
Adding EN signal on $memory\reg_file.register[21]$2817 ($dff) from module Pip_RV32IM_AHB (D = $memory\reg_file.register$wrmux[21][1][13]$y$8814, Q = \reg_file.register[21] [13]).
Adding EN signal on $memory\reg_file.register[21]$2817 ($dff) from module Pip_RV32IM_AHB (D = $memory\reg_file.register$wrmux[21][1][14]$y$8818, Q = \reg_file.register[21] [14]).
Adding EN signal on $memory\reg_file.register[21]$2817 ($dff) from module Pip_RV32IM_AHB (D = $memory\reg_file.register$wrmux[21][1][15]$y$8822, Q = \reg_file.register[21] [15]).
Adding EN signal on $memory\reg_file.register[21]$2817 ($dff) from module Pip_RV32IM_AHB (D = $memory\reg_file.register$wrmux[21][1][16]$y$8826, Q = \reg_file.register[21] [16]).
Adding EN signal on $memory\reg_file.register[21]$2817 ($dff) from module Pip_RV32IM_AHB (D = $memory\reg_file.register$wrmux[21][1][17]$y$8830, Q = \reg_file.register[21] [17]).
Adding EN signal on $memory\reg_file.register[21]$2817 ($dff) from module Pip_RV32IM_AHB (D = $memory\reg_file.register$wrmux[21][1][18]$y$8834, Q = \reg_file.register[21] [18]).
Adding EN signal on $memory\reg_file.register[21]$2817 ($dff) from module Pip_RV32IM_AHB (D = $memory\reg_file.register$wrmux[21][1][19]$y$8838, Q = \reg_file.register[21] [19]).
Adding EN signal on $memory\reg_file.register[21]$2817 ($dff) from module Pip_RV32IM_AHB (D = $memory\reg_file.register$wrmux[21][1][20]$y$8842, Q = \reg_file.register[21] [20]).
Adding EN signal on $memory\reg_file.register[21]$2817 ($dff) from module Pip_RV32IM_AHB (D = $memory\reg_file.register$wrmux[21][1][21]$y$8846, Q = \reg_file.register[21] [21]).
Adding EN signal on $memory\reg_file.register[21]$2817 ($dff) from module Pip_RV32IM_AHB (D = $memory\reg_file.register$wrmux[21][1][22]$y$8850, Q = \reg_file.register[21] [22]).
Adding EN signal on $memory\reg_file.register[21]$2817 ($dff) from module Pip_RV32IM_AHB (D = $memory\reg_file.register$wrmux[21][1][23]$y$8854, Q = \reg_file.register[21] [23]).
Adding EN signal on $memory\reg_file.register[21]$2817 ($dff) from module Pip_RV32IM_AHB (D = $memory\reg_file.register$wrmux[21][1][24]$y$8858, Q = \reg_file.register[21] [24]).
Adding EN signal on $memory\reg_file.register[21]$2817 ($dff) from module Pip_RV32IM_AHB (D = $memory\reg_file.register$wrmux[21][1][25]$y$8862, Q = \reg_file.register[21] [25]).
Adding EN signal on $memory\reg_file.register[21]$2817 ($dff) from module Pip_RV32IM_AHB (D = $memory\reg_file.register$wrmux[21][1][26]$y$8866, Q = \reg_file.register[21] [26]).
Adding EN signal on $memory\reg_file.register[21]$2817 ($dff) from module Pip_RV32IM_AHB (D = $memory\reg_file.register$wrmux[21][1][27]$y$8870, Q = \reg_file.register[21] [27]).
Adding EN signal on $memory\reg_file.register[21]$2817 ($dff) from module Pip_RV32IM_AHB (D = $memory\reg_file.register$wrmux[21][1][28]$y$8874, Q = \reg_file.register[21] [28]).
Adding EN signal on $memory\reg_file.register[21]$2817 ($dff) from module Pip_RV32IM_AHB (D = $memory\reg_file.register$wrmux[21][1][29]$y$8878, Q = \reg_file.register[21] [29]).
Adding EN signal on $memory\reg_file.register[21]$2817 ($dff) from module Pip_RV32IM_AHB (D = $memory\reg_file.register$wrmux[21][1][30]$y$8882, Q = \reg_file.register[21] [30]).
Adding EN signal on $memory\reg_file.register[21]$2817 ($dff) from module Pip_RV32IM_AHB (D = $memory\reg_file.register$wrmux[21][1][31]$y$8886, Q = \reg_file.register[21] [31]).
Adding EN signal on $memory\reg_file.register[22]$2819 ($dff) from module Pip_RV32IM_AHB (D = $memory\reg_file.register$wrmux[22][1][0]$y$9024, Q = \reg_file.register[22] [0]).
Adding EN signal on $memory\reg_file.register[22]$2819 ($dff) from module Pip_RV32IM_AHB (D = $memory\reg_file.register$wrmux[22][1][1]$y$9028, Q = \reg_file.register[22] [1]).
Adding EN signal on $memory\reg_file.register[22]$2819 ($dff) from module Pip_RV32IM_AHB (D = $memory\reg_file.register$wrmux[22][1][2]$y$9032, Q = \reg_file.register[22] [2]).
Adding EN signal on $memory\reg_file.register[22]$2819 ($dff) from module Pip_RV32IM_AHB (D = $memory\reg_file.register$wrmux[22][1][3]$y$9036, Q = \reg_file.register[22] [3]).
Adding EN signal on $memory\reg_file.register[22]$2819 ($dff) from module Pip_RV32IM_AHB (D = $memory\reg_file.register$wrmux[22][1][4]$y$9040, Q = \reg_file.register[22] [4]).
Adding EN signal on $memory\reg_file.register[22]$2819 ($dff) from module Pip_RV32IM_AHB (D = $memory\reg_file.register$wrmux[22][1][5]$y$9044, Q = \reg_file.register[22] [5]).
Adding EN signal on $memory\reg_file.register[22]$2819 ($dff) from module Pip_RV32IM_AHB (D = $memory\reg_file.register$wrmux[22][1][6]$y$9048, Q = \reg_file.register[22] [6]).
Adding EN signal on $memory\reg_file.register[22]$2819 ($dff) from module Pip_RV32IM_AHB (D = $memory\reg_file.register$wrmux[22][1][7]$y$9052, Q = \reg_file.register[22] [7]).
Adding EN signal on $memory\reg_file.register[22]$2819 ($dff) from module Pip_RV32IM_AHB (D = $memory\reg_file.register$wrmux[22][1][8]$y$9056, Q = \reg_file.register[22] [8]).
Adding EN signal on $memory\reg_file.register[22]$2819 ($dff) from module Pip_RV32IM_AHB (D = $memory\reg_file.register$wrmux[22][1][9]$y$9060, Q = \reg_file.register[22] [9]).
Adding EN signal on $memory\reg_file.register[22]$2819 ($dff) from module Pip_RV32IM_AHB (D = $memory\reg_file.register$wrmux[22][1][10]$y$9064, Q = \reg_file.register[22] [10]).
Adding EN signal on $memory\reg_file.register[22]$2819 ($dff) from module Pip_RV32IM_AHB (D = $memory\reg_file.register$wrmux[22][1][11]$y$9068, Q = \reg_file.register[22] [11]).
Adding EN signal on $memory\reg_file.register[22]$2819 ($dff) from module Pip_RV32IM_AHB (D = $memory\reg_file.register$wrmux[22][1][12]$y$9072, Q = \reg_file.register[22] [12]).
Adding EN signal on $memory\reg_file.register[22]$2819 ($dff) from module Pip_RV32IM_AHB (D = $memory\reg_file.register$wrmux[22][1][13]$y$9076, Q = \reg_file.register[22] [13]).
Adding EN signal on $memory\reg_file.register[22]$2819 ($dff) from module Pip_RV32IM_AHB (D = $memory\reg_file.register$wrmux[22][1][14]$y$9080, Q = \reg_file.register[22] [14]).
Adding EN signal on $memory\reg_file.register[22]$2819 ($dff) from module Pip_RV32IM_AHB (D = $memory\reg_file.register$wrmux[22][1][15]$y$9084, Q = \reg_file.register[22] [15]).
Adding EN signal on $memory\reg_file.register[22]$2819 ($dff) from module Pip_RV32IM_AHB (D = $memory\reg_file.register$wrmux[22][1][16]$y$9088, Q = \reg_file.register[22] [16]).
Adding EN signal on $memory\reg_file.register[22]$2819 ($dff) from module Pip_RV32IM_AHB (D = $memory\reg_file.register$wrmux[22][1][17]$y$9092, Q = \reg_file.register[22] [17]).
Adding EN signal on $memory\reg_file.register[22]$2819 ($dff) from module Pip_RV32IM_AHB (D = $memory\reg_file.register$wrmux[22][1][18]$y$9096, Q = \reg_file.register[22] [18]).
Adding EN signal on $memory\reg_file.register[22]$2819 ($dff) from module Pip_RV32IM_AHB (D = $memory\reg_file.register$wrmux[22][1][19]$y$9100, Q = \reg_file.register[22] [19]).
Adding EN signal on $memory\reg_file.register[22]$2819 ($dff) from module Pip_RV32IM_AHB (D = $memory\reg_file.register$wrmux[22][1][20]$y$9104, Q = \reg_file.register[22] [20]).
Adding EN signal on $memory\reg_file.register[22]$2819 ($dff) from module Pip_RV32IM_AHB (D = $memory\reg_file.register$wrmux[22][1][21]$y$9108, Q = \reg_file.register[22] [21]).
Adding EN signal on $memory\reg_file.register[22]$2819 ($dff) from module Pip_RV32IM_AHB (D = $memory\reg_file.register$wrmux[22][1][22]$y$9112, Q = \reg_file.register[22] [22]).
Adding EN signal on $memory\reg_file.register[22]$2819 ($dff) from module Pip_RV32IM_AHB (D = $memory\reg_file.register$wrmux[22][1][23]$y$9116, Q = \reg_file.register[22] [23]).
Adding EN signal on $memory\reg_file.register[22]$2819 ($dff) from module Pip_RV32IM_AHB (D = $memory\reg_file.register$wrmux[22][1][24]$y$9120, Q = \reg_file.register[22] [24]).
Adding EN signal on $memory\reg_file.register[22]$2819 ($dff) from module Pip_RV32IM_AHB (D = $memory\reg_file.register$wrmux[22][1][25]$y$9124, Q = \reg_file.register[22] [25]).
Adding EN signal on $memory\reg_file.register[22]$2819 ($dff) from module Pip_RV32IM_AHB (D = $memory\reg_file.register$wrmux[22][1][26]$y$9128, Q = \reg_file.register[22] [26]).
Adding EN signal on $memory\reg_file.register[22]$2819 ($dff) from module Pip_RV32IM_AHB (D = $memory\reg_file.register$wrmux[22][1][27]$y$9132, Q = \reg_file.register[22] [27]).
Adding EN signal on $memory\reg_file.register[22]$2819 ($dff) from module Pip_RV32IM_AHB (D = $memory\reg_file.register$wrmux[22][1][28]$y$9136, Q = \reg_file.register[22] [28]).
Adding EN signal on $memory\reg_file.register[22]$2819 ($dff) from module Pip_RV32IM_AHB (D = $memory\reg_file.register$wrmux[22][1][29]$y$9140, Q = \reg_file.register[22] [29]).
Adding EN signal on $memory\reg_file.register[22]$2819 ($dff) from module Pip_RV32IM_AHB (D = $memory\reg_file.register$wrmux[22][1][30]$y$9144, Q = \reg_file.register[22] [30]).
Adding EN signal on $memory\reg_file.register[22]$2819 ($dff) from module Pip_RV32IM_AHB (D = $memory\reg_file.register$wrmux[22][1][31]$y$9148, Q = \reg_file.register[22] [31]).
Adding EN signal on $memory\reg_file.register[23]$2821 ($dff) from module Pip_RV32IM_AHB (D = $memory\reg_file.register$wrmux[23][1][0]$y$9286, Q = \reg_file.register[23] [0]).
Adding EN signal on $memory\reg_file.register[23]$2821 ($dff) from module Pip_RV32IM_AHB (D = $memory\reg_file.register$wrmux[23][1][1]$y$9290, Q = \reg_file.register[23] [1]).
Adding EN signal on $memory\reg_file.register[23]$2821 ($dff) from module Pip_RV32IM_AHB (D = $memory\reg_file.register$wrmux[23][1][2]$y$9294, Q = \reg_file.register[23] [2]).
Adding EN signal on $memory\reg_file.register[23]$2821 ($dff) from module Pip_RV32IM_AHB (D = $memory\reg_file.register$wrmux[23][1][3]$y$9298, Q = \reg_file.register[23] [3]).
Adding EN signal on $memory\reg_file.register[23]$2821 ($dff) from module Pip_RV32IM_AHB (D = $memory\reg_file.register$wrmux[23][1][4]$y$9302, Q = \reg_file.register[23] [4]).
Adding EN signal on $memory\reg_file.register[23]$2821 ($dff) from module Pip_RV32IM_AHB (D = $memory\reg_file.register$wrmux[23][1][5]$y$9306, Q = \reg_file.register[23] [5]).
Adding EN signal on $memory\reg_file.register[23]$2821 ($dff) from module Pip_RV32IM_AHB (D = $memory\reg_file.register$wrmux[23][1][6]$y$9310, Q = \reg_file.register[23] [6]).
Adding EN signal on $memory\reg_file.register[23]$2821 ($dff) from module Pip_RV32IM_AHB (D = $memory\reg_file.register$wrmux[23][1][7]$y$9314, Q = \reg_file.register[23] [7]).
Adding EN signal on $memory\reg_file.register[23]$2821 ($dff) from module Pip_RV32IM_AHB (D = $memory\reg_file.register$wrmux[23][1][8]$y$9318, Q = \reg_file.register[23] [8]).
Adding EN signal on $memory\reg_file.register[23]$2821 ($dff) from module Pip_RV32IM_AHB (D = $memory\reg_file.register$wrmux[23][1][9]$y$9322, Q = \reg_file.register[23] [9]).
Adding EN signal on $memory\reg_file.register[23]$2821 ($dff) from module Pip_RV32IM_AHB (D = $memory\reg_file.register$wrmux[23][1][10]$y$9326, Q = \reg_file.register[23] [10]).
Adding EN signal on $memory\reg_file.register[23]$2821 ($dff) from module Pip_RV32IM_AHB (D = $memory\reg_file.register$wrmux[23][1][11]$y$9330, Q = \reg_file.register[23] [11]).
Adding EN signal on $memory\reg_file.register[23]$2821 ($dff) from module Pip_RV32IM_AHB (D = $memory\reg_file.register$wrmux[23][1][12]$y$9334, Q = \reg_file.register[23] [12]).
Adding EN signal on $memory\reg_file.register[23]$2821 ($dff) from module Pip_RV32IM_AHB (D = $memory\reg_file.register$wrmux[23][1][13]$y$9338, Q = \reg_file.register[23] [13]).
Adding EN signal on $memory\reg_file.register[23]$2821 ($dff) from module Pip_RV32IM_AHB (D = $memory\reg_file.register$wrmux[23][1][14]$y$9342, Q = \reg_file.register[23] [14]).
Adding EN signal on $memory\reg_file.register[23]$2821 ($dff) from module Pip_RV32IM_AHB (D = $memory\reg_file.register$wrmux[23][1][15]$y$9346, Q = \reg_file.register[23] [15]).
Adding EN signal on $memory\reg_file.register[23]$2821 ($dff) from module Pip_RV32IM_AHB (D = $memory\reg_file.register$wrmux[23][1][16]$y$9350, Q = \reg_file.register[23] [16]).
Adding EN signal on $memory\reg_file.register[23]$2821 ($dff) from module Pip_RV32IM_AHB (D = $memory\reg_file.register$wrmux[23][1][17]$y$9354, Q = \reg_file.register[23] [17]).
Adding EN signal on $memory\reg_file.register[23]$2821 ($dff) from module Pip_RV32IM_AHB (D = $memory\reg_file.register$wrmux[23][1][18]$y$9358, Q = \reg_file.register[23] [18]).
Adding EN signal on $memory\reg_file.register[23]$2821 ($dff) from module Pip_RV32IM_AHB (D = $memory\reg_file.register$wrmux[23][1][19]$y$9362, Q = \reg_file.register[23] [19]).
Adding EN signal on $memory\reg_file.register[23]$2821 ($dff) from module Pip_RV32IM_AHB (D = $memory\reg_file.register$wrmux[23][1][20]$y$9366, Q = \reg_file.register[23] [20]).
Adding EN signal on $memory\reg_file.register[23]$2821 ($dff) from module Pip_RV32IM_AHB (D = $memory\reg_file.register$wrmux[23][1][21]$y$9370, Q = \reg_file.register[23] [21]).
Adding EN signal on $memory\reg_file.register[23]$2821 ($dff) from module Pip_RV32IM_AHB (D = $memory\reg_file.register$wrmux[23][1][22]$y$9374, Q = \reg_file.register[23] [22]).
Adding EN signal on $memory\reg_file.register[23]$2821 ($dff) from module Pip_RV32IM_AHB (D = $memory\reg_file.register$wrmux[23][1][23]$y$9378, Q = \reg_file.register[23] [23]).
Adding EN signal on $memory\reg_file.register[23]$2821 ($dff) from module Pip_RV32IM_AHB (D = $memory\reg_file.register$wrmux[23][1][24]$y$9382, Q = \reg_file.register[23] [24]).
Adding EN signal on $memory\reg_file.register[23]$2821 ($dff) from module Pip_RV32IM_AHB (D = $memory\reg_file.register$wrmux[23][1][25]$y$9386, Q = \reg_file.register[23] [25]).
Adding EN signal on $memory\reg_file.register[23]$2821 ($dff) from module Pip_RV32IM_AHB (D = $memory\reg_file.register$wrmux[23][1][26]$y$9390, Q = \reg_file.register[23] [26]).
Adding EN signal on $memory\reg_file.register[23]$2821 ($dff) from module Pip_RV32IM_AHB (D = $memory\reg_file.register$wrmux[23][1][27]$y$9394, Q = \reg_file.register[23] [27]).
Adding EN signal on $memory\reg_file.register[23]$2821 ($dff) from module Pip_RV32IM_AHB (D = $memory\reg_file.register$wrmux[23][1][28]$y$9398, Q = \reg_file.register[23] [28]).
Adding EN signal on $memory\reg_file.register[23]$2821 ($dff) from module Pip_RV32IM_AHB (D = $memory\reg_file.register$wrmux[23][1][29]$y$9402, Q = \reg_file.register[23] [29]).
Adding EN signal on $memory\reg_file.register[23]$2821 ($dff) from module Pip_RV32IM_AHB (D = $memory\reg_file.register$wrmux[23][1][30]$y$9406, Q = \reg_file.register[23] [30]).
Adding EN signal on $memory\reg_file.register[23]$2821 ($dff) from module Pip_RV32IM_AHB (D = $memory\reg_file.register$wrmux[23][1][31]$y$9410, Q = \reg_file.register[23] [31]).
Adding EN signal on $memory\reg_file.register[24]$2823 ($dff) from module Pip_RV32IM_AHB (D = $memory\reg_file.register$wrmux[24][1][0]$y$9548, Q = \reg_file.register[24] [0]).
Adding EN signal on $memory\reg_file.register[24]$2823 ($dff) from module Pip_RV32IM_AHB (D = $memory\reg_file.register$wrmux[24][1][1]$y$9552, Q = \reg_file.register[24] [1]).
Adding EN signal on $memory\reg_file.register[24]$2823 ($dff) from module Pip_RV32IM_AHB (D = $memory\reg_file.register$wrmux[24][1][2]$y$9556, Q = \reg_file.register[24] [2]).
Adding EN signal on $memory\reg_file.register[24]$2823 ($dff) from module Pip_RV32IM_AHB (D = $memory\reg_file.register$wrmux[24][1][3]$y$9560, Q = \reg_file.register[24] [3]).
Adding EN signal on $memory\reg_file.register[24]$2823 ($dff) from module Pip_RV32IM_AHB (D = $memory\reg_file.register$wrmux[24][1][4]$y$9564, Q = \reg_file.register[24] [4]).
Adding EN signal on $memory\reg_file.register[24]$2823 ($dff) from module Pip_RV32IM_AHB (D = $memory\reg_file.register$wrmux[24][1][5]$y$9568, Q = \reg_file.register[24] [5]).
Adding EN signal on $memory\reg_file.register[24]$2823 ($dff) from module Pip_RV32IM_AHB (D = $memory\reg_file.register$wrmux[24][1][6]$y$9572, Q = \reg_file.register[24] [6]).
Adding EN signal on $memory\reg_file.register[24]$2823 ($dff) from module Pip_RV32IM_AHB (D = $memory\reg_file.register$wrmux[24][1][7]$y$9576, Q = \reg_file.register[24] [7]).
Adding EN signal on $memory\reg_file.register[24]$2823 ($dff) from module Pip_RV32IM_AHB (D = $memory\reg_file.register$wrmux[24][1][8]$y$9580, Q = \reg_file.register[24] [8]).
Adding EN signal on $memory\reg_file.register[24]$2823 ($dff) from module Pip_RV32IM_AHB (D = $memory\reg_file.register$wrmux[24][1][9]$y$9584, Q = \reg_file.register[24] [9]).
Adding EN signal on $memory\reg_file.register[24]$2823 ($dff) from module Pip_RV32IM_AHB (D = $memory\reg_file.register$wrmux[24][1][10]$y$9588, Q = \reg_file.register[24] [10]).
Adding EN signal on $memory\reg_file.register[24]$2823 ($dff) from module Pip_RV32IM_AHB (D = $memory\reg_file.register$wrmux[24][1][11]$y$9592, Q = \reg_file.register[24] [11]).
Adding EN signal on $memory\reg_file.register[24]$2823 ($dff) from module Pip_RV32IM_AHB (D = $memory\reg_file.register$wrmux[24][1][12]$y$9596, Q = \reg_file.register[24] [12]).
Adding EN signal on $memory\reg_file.register[24]$2823 ($dff) from module Pip_RV32IM_AHB (D = $memory\reg_file.register$wrmux[24][1][13]$y$9600, Q = \reg_file.register[24] [13]).
Adding EN signal on $memory\reg_file.register[24]$2823 ($dff) from module Pip_RV32IM_AHB (D = $memory\reg_file.register$wrmux[24][1][14]$y$9604, Q = \reg_file.register[24] [14]).
Adding EN signal on $memory\reg_file.register[24]$2823 ($dff) from module Pip_RV32IM_AHB (D = $memory\reg_file.register$wrmux[24][1][15]$y$9608, Q = \reg_file.register[24] [15]).
Adding EN signal on $memory\reg_file.register[24]$2823 ($dff) from module Pip_RV32IM_AHB (D = $memory\reg_file.register$wrmux[24][1][16]$y$9612, Q = \reg_file.register[24] [16]).
Adding EN signal on $memory\reg_file.register[24]$2823 ($dff) from module Pip_RV32IM_AHB (D = $memory\reg_file.register$wrmux[24][1][17]$y$9616, Q = \reg_file.register[24] [17]).
Adding EN signal on $memory\reg_file.register[24]$2823 ($dff) from module Pip_RV32IM_AHB (D = $memory\reg_file.register$wrmux[24][1][18]$y$9620, Q = \reg_file.register[24] [18]).
Adding EN signal on $memory\reg_file.register[24]$2823 ($dff) from module Pip_RV32IM_AHB (D = $memory\reg_file.register$wrmux[24][1][19]$y$9624, Q = \reg_file.register[24] [19]).
Adding EN signal on $memory\reg_file.register[24]$2823 ($dff) from module Pip_RV32IM_AHB (D = $memory\reg_file.register$wrmux[24][1][20]$y$9628, Q = \reg_file.register[24] [20]).
Adding EN signal on $memory\reg_file.register[24]$2823 ($dff) from module Pip_RV32IM_AHB (D = $memory\reg_file.register$wrmux[24][1][21]$y$9632, Q = \reg_file.register[24] [21]).
Adding EN signal on $memory\reg_file.register[24]$2823 ($dff) from module Pip_RV32IM_AHB (D = $memory\reg_file.register$wrmux[24][1][22]$y$9636, Q = \reg_file.register[24] [22]).
Adding EN signal on $memory\reg_file.register[24]$2823 ($dff) from module Pip_RV32IM_AHB (D = $memory\reg_file.register$wrmux[24][1][23]$y$9640, Q = \reg_file.register[24] [23]).
Adding EN signal on $memory\reg_file.register[24]$2823 ($dff) from module Pip_RV32IM_AHB (D = $memory\reg_file.register$wrmux[24][1][24]$y$9644, Q = \reg_file.register[24] [24]).
Adding EN signal on $memory\reg_file.register[24]$2823 ($dff) from module Pip_RV32IM_AHB (D = $memory\reg_file.register$wrmux[24][1][25]$y$9648, Q = \reg_file.register[24] [25]).
Adding EN signal on $memory\reg_file.register[24]$2823 ($dff) from module Pip_RV32IM_AHB (D = $memory\reg_file.register$wrmux[24][1][26]$y$9652, Q = \reg_file.register[24] [26]).
Adding EN signal on $memory\reg_file.register[24]$2823 ($dff) from module Pip_RV32IM_AHB (D = $memory\reg_file.register$wrmux[24][1][27]$y$9656, Q = \reg_file.register[24] [27]).
Adding EN signal on $memory\reg_file.register[24]$2823 ($dff) from module Pip_RV32IM_AHB (D = $memory\reg_file.register$wrmux[24][1][28]$y$9660, Q = \reg_file.register[24] [28]).
Adding EN signal on $memory\reg_file.register[24]$2823 ($dff) from module Pip_RV32IM_AHB (D = $memory\reg_file.register$wrmux[24][1][29]$y$9664, Q = \reg_file.register[24] [29]).
Adding EN signal on $memory\reg_file.register[24]$2823 ($dff) from module Pip_RV32IM_AHB (D = $memory\reg_file.register$wrmux[24][1][30]$y$9668, Q = \reg_file.register[24] [30]).
Adding EN signal on $memory\reg_file.register[24]$2823 ($dff) from module Pip_RV32IM_AHB (D = $memory\reg_file.register$wrmux[24][1][31]$y$9672, Q = \reg_file.register[24] [31]).
Adding EN signal on $memory\reg_file.register[25]$2825 ($dff) from module Pip_RV32IM_AHB (D = $memory\reg_file.register$wrmux[25][1][0]$y$9810, Q = \reg_file.register[25] [0]).
Adding EN signal on $memory\reg_file.register[25]$2825 ($dff) from module Pip_RV32IM_AHB (D = $memory\reg_file.register$wrmux[25][1][1]$y$9814, Q = \reg_file.register[25] [1]).
Adding EN signal on $memory\reg_file.register[25]$2825 ($dff) from module Pip_RV32IM_AHB (D = $memory\reg_file.register$wrmux[25][1][2]$y$9818, Q = \reg_file.register[25] [2]).
Adding EN signal on $memory\reg_file.register[25]$2825 ($dff) from module Pip_RV32IM_AHB (D = $memory\reg_file.register$wrmux[25][1][3]$y$9822, Q = \reg_file.register[25] [3]).
Adding EN signal on $memory\reg_file.register[25]$2825 ($dff) from module Pip_RV32IM_AHB (D = $memory\reg_file.register$wrmux[25][1][4]$y$9826, Q = \reg_file.register[25] [4]).
Adding EN signal on $memory\reg_file.register[25]$2825 ($dff) from module Pip_RV32IM_AHB (D = $memory\reg_file.register$wrmux[25][1][5]$y$9830, Q = \reg_file.register[25] [5]).
Adding EN signal on $memory\reg_file.register[25]$2825 ($dff) from module Pip_RV32IM_AHB (D = $memory\reg_file.register$wrmux[25][1][6]$y$9834, Q = \reg_file.register[25] [6]).
Adding EN signal on $memory\reg_file.register[25]$2825 ($dff) from module Pip_RV32IM_AHB (D = $memory\reg_file.register$wrmux[25][1][7]$y$9838, Q = \reg_file.register[25] [7]).
Adding EN signal on $memory\reg_file.register[25]$2825 ($dff) from module Pip_RV32IM_AHB (D = $memory\reg_file.register$wrmux[25][1][8]$y$9842, Q = \reg_file.register[25] [8]).
Adding EN signal on $memory\reg_file.register[25]$2825 ($dff) from module Pip_RV32IM_AHB (D = $memory\reg_file.register$wrmux[25][1][9]$y$9846, Q = \reg_file.register[25] [9]).
Adding EN signal on $memory\reg_file.register[25]$2825 ($dff) from module Pip_RV32IM_AHB (D = $memory\reg_file.register$wrmux[25][1][10]$y$9850, Q = \reg_file.register[25] [10]).
Adding EN signal on $memory\reg_file.register[25]$2825 ($dff) from module Pip_RV32IM_AHB (D = $memory\reg_file.register$wrmux[25][1][11]$y$9854, Q = \reg_file.register[25] [11]).
Adding EN signal on $memory\reg_file.register[25]$2825 ($dff) from module Pip_RV32IM_AHB (D = $memory\reg_file.register$wrmux[25][1][12]$y$9858, Q = \reg_file.register[25] [12]).
Adding EN signal on $memory\reg_file.register[25]$2825 ($dff) from module Pip_RV32IM_AHB (D = $memory\reg_file.register$wrmux[25][1][13]$y$9862, Q = \reg_file.register[25] [13]).
Adding EN signal on $memory\reg_file.register[25]$2825 ($dff) from module Pip_RV32IM_AHB (D = $memory\reg_file.register$wrmux[25][1][14]$y$9866, Q = \reg_file.register[25] [14]).
Adding EN signal on $memory\reg_file.register[25]$2825 ($dff) from module Pip_RV32IM_AHB (D = $memory\reg_file.register$wrmux[25][1][15]$y$9870, Q = \reg_file.register[25] [15]).
Adding EN signal on $memory\reg_file.register[25]$2825 ($dff) from module Pip_RV32IM_AHB (D = $memory\reg_file.register$wrmux[25][1][16]$y$9874, Q = \reg_file.register[25] [16]).
Adding EN signal on $memory\reg_file.register[25]$2825 ($dff) from module Pip_RV32IM_AHB (D = $memory\reg_file.register$wrmux[25][1][17]$y$9878, Q = \reg_file.register[25] [17]).
Adding EN signal on $memory\reg_file.register[25]$2825 ($dff) from module Pip_RV32IM_AHB (D = $memory\reg_file.register$wrmux[25][1][18]$y$9882, Q = \reg_file.register[25] [18]).
Adding EN signal on $memory\reg_file.register[25]$2825 ($dff) from module Pip_RV32IM_AHB (D = $memory\reg_file.register$wrmux[25][1][19]$y$9886, Q = \reg_file.register[25] [19]).
Adding EN signal on $memory\reg_file.register[25]$2825 ($dff) from module Pip_RV32IM_AHB (D = $memory\reg_file.register$wrmux[25][1][20]$y$9890, Q = \reg_file.register[25] [20]).
Adding EN signal on $memory\reg_file.register[25]$2825 ($dff) from module Pip_RV32IM_AHB (D = $memory\reg_file.register$wrmux[25][1][21]$y$9894, Q = \reg_file.register[25] [21]).
Adding EN signal on $memory\reg_file.register[25]$2825 ($dff) from module Pip_RV32IM_AHB (D = $memory\reg_file.register$wrmux[25][1][22]$y$9898, Q = \reg_file.register[25] [22]).
Adding EN signal on $memory\reg_file.register[25]$2825 ($dff) from module Pip_RV32IM_AHB (D = $memory\reg_file.register$wrmux[25][1][23]$y$9902, Q = \reg_file.register[25] [23]).
Adding EN signal on $memory\reg_file.register[25]$2825 ($dff) from module Pip_RV32IM_AHB (D = $memory\reg_file.register$wrmux[25][1][24]$y$9906, Q = \reg_file.register[25] [24]).
Adding EN signal on $memory\reg_file.register[25]$2825 ($dff) from module Pip_RV32IM_AHB (D = $memory\reg_file.register$wrmux[25][1][25]$y$9910, Q = \reg_file.register[25] [25]).
Adding EN signal on $memory\reg_file.register[25]$2825 ($dff) from module Pip_RV32IM_AHB (D = $memory\reg_file.register$wrmux[25][1][26]$y$9914, Q = \reg_file.register[25] [26]).
Adding EN signal on $memory\reg_file.register[25]$2825 ($dff) from module Pip_RV32IM_AHB (D = $memory\reg_file.register$wrmux[25][1][27]$y$9918, Q = \reg_file.register[25] [27]).
Adding EN signal on $memory\reg_file.register[25]$2825 ($dff) from module Pip_RV32IM_AHB (D = $memory\reg_file.register$wrmux[25][1][28]$y$9922, Q = \reg_file.register[25] [28]).
Adding EN signal on $memory\reg_file.register[25]$2825 ($dff) from module Pip_RV32IM_AHB (D = $memory\reg_file.register$wrmux[25][1][29]$y$9926, Q = \reg_file.register[25] [29]).
Adding EN signal on $memory\reg_file.register[25]$2825 ($dff) from module Pip_RV32IM_AHB (D = $memory\reg_file.register$wrmux[25][1][30]$y$9930, Q = \reg_file.register[25] [30]).
Adding EN signal on $memory\reg_file.register[25]$2825 ($dff) from module Pip_RV32IM_AHB (D = $memory\reg_file.register$wrmux[25][1][31]$y$9934, Q = \reg_file.register[25] [31]).
Adding EN signal on $memory\reg_file.register[26]$2827 ($dff) from module Pip_RV32IM_AHB (D = $memory\reg_file.register$wrmux[26][1][0]$y$10072, Q = \reg_file.register[26] [0]).
Adding EN signal on $memory\reg_file.register[26]$2827 ($dff) from module Pip_RV32IM_AHB (D = $memory\reg_file.register$wrmux[26][1][1]$y$10076, Q = \reg_file.register[26] [1]).
Adding EN signal on $memory\reg_file.register[26]$2827 ($dff) from module Pip_RV32IM_AHB (D = $memory\reg_file.register$wrmux[26][1][2]$y$10080, Q = \reg_file.register[26] [2]).
Adding EN signal on $memory\reg_file.register[26]$2827 ($dff) from module Pip_RV32IM_AHB (D = $memory\reg_file.register$wrmux[26][1][3]$y$10084, Q = \reg_file.register[26] [3]).
Adding EN signal on $memory\reg_file.register[26]$2827 ($dff) from module Pip_RV32IM_AHB (D = $memory\reg_file.register$wrmux[26][1][4]$y$10088, Q = \reg_file.register[26] [4]).
Adding EN signal on $memory\reg_file.register[26]$2827 ($dff) from module Pip_RV32IM_AHB (D = $memory\reg_file.register$wrmux[26][1][5]$y$10092, Q = \reg_file.register[26] [5]).
Adding EN signal on $memory\reg_file.register[26]$2827 ($dff) from module Pip_RV32IM_AHB (D = $memory\reg_file.register$wrmux[26][1][6]$y$10096, Q = \reg_file.register[26] [6]).
Adding EN signal on $memory\reg_file.register[26]$2827 ($dff) from module Pip_RV32IM_AHB (D = $memory\reg_file.register$wrmux[26][1][7]$y$10100, Q = \reg_file.register[26] [7]).
Adding EN signal on $memory\reg_file.register[26]$2827 ($dff) from module Pip_RV32IM_AHB (D = $memory\reg_file.register$wrmux[26][1][8]$y$10104, Q = \reg_file.register[26] [8]).
Adding EN signal on $memory\reg_file.register[26]$2827 ($dff) from module Pip_RV32IM_AHB (D = $memory\reg_file.register$wrmux[26][1][9]$y$10108, Q = \reg_file.register[26] [9]).
Adding EN signal on $memory\reg_file.register[26]$2827 ($dff) from module Pip_RV32IM_AHB (D = $memory\reg_file.register$wrmux[26][1][10]$y$10112, Q = \reg_file.register[26] [10]).
Adding EN signal on $memory\reg_file.register[26]$2827 ($dff) from module Pip_RV32IM_AHB (D = $memory\reg_file.register$wrmux[26][1][11]$y$10116, Q = \reg_file.register[26] [11]).
Adding EN signal on $memory\reg_file.register[26]$2827 ($dff) from module Pip_RV32IM_AHB (D = $memory\reg_file.register$wrmux[26][1][12]$y$10120, Q = \reg_file.register[26] [12]).
Adding EN signal on $memory\reg_file.register[26]$2827 ($dff) from module Pip_RV32IM_AHB (D = $memory\reg_file.register$wrmux[26][1][13]$y$10124, Q = \reg_file.register[26] [13]).
Adding EN signal on $memory\reg_file.register[26]$2827 ($dff) from module Pip_RV32IM_AHB (D = $memory\reg_file.register$wrmux[26][1][14]$y$10128, Q = \reg_file.register[26] [14]).
Adding EN signal on $memory\reg_file.register[26]$2827 ($dff) from module Pip_RV32IM_AHB (D = $memory\reg_file.register$wrmux[26][1][15]$y$10132, Q = \reg_file.register[26] [15]).
Adding EN signal on $memory\reg_file.register[26]$2827 ($dff) from module Pip_RV32IM_AHB (D = $memory\reg_file.register$wrmux[26][1][16]$y$10136, Q = \reg_file.register[26] [16]).
Adding EN signal on $memory\reg_file.register[26]$2827 ($dff) from module Pip_RV32IM_AHB (D = $memory\reg_file.register$wrmux[26][1][17]$y$10140, Q = \reg_file.register[26] [17]).
Adding EN signal on $memory\reg_file.register[26]$2827 ($dff) from module Pip_RV32IM_AHB (D = $memory\reg_file.register$wrmux[26][1][18]$y$10144, Q = \reg_file.register[26] [18]).
Adding EN signal on $memory\reg_file.register[26]$2827 ($dff) from module Pip_RV32IM_AHB (D = $memory\reg_file.register$wrmux[26][1][19]$y$10148, Q = \reg_file.register[26] [19]).
Adding EN signal on $memory\reg_file.register[26]$2827 ($dff) from module Pip_RV32IM_AHB (D = $memory\reg_file.register$wrmux[26][1][20]$y$10152, Q = \reg_file.register[26] [20]).
Adding EN signal on $memory\reg_file.register[26]$2827 ($dff) from module Pip_RV32IM_AHB (D = $memory\reg_file.register$wrmux[26][1][21]$y$10156, Q = \reg_file.register[26] [21]).
Adding EN signal on $memory\reg_file.register[26]$2827 ($dff) from module Pip_RV32IM_AHB (D = $memory\reg_file.register$wrmux[26][1][22]$y$10160, Q = \reg_file.register[26] [22]).
Adding EN signal on $memory\reg_file.register[26]$2827 ($dff) from module Pip_RV32IM_AHB (D = $memory\reg_file.register$wrmux[26][1][23]$y$10164, Q = \reg_file.register[26] [23]).
Adding EN signal on $memory\reg_file.register[26]$2827 ($dff) from module Pip_RV32IM_AHB (D = $memory\reg_file.register$wrmux[26][1][24]$y$10168, Q = \reg_file.register[26] [24]).
Adding EN signal on $memory\reg_file.register[26]$2827 ($dff) from module Pip_RV32IM_AHB (D = $memory\reg_file.register$wrmux[26][1][25]$y$10172, Q = \reg_file.register[26] [25]).
Adding EN signal on $memory\reg_file.register[26]$2827 ($dff) from module Pip_RV32IM_AHB (D = $memory\reg_file.register$wrmux[26][1][26]$y$10176, Q = \reg_file.register[26] [26]).
Adding EN signal on $memory\reg_file.register[26]$2827 ($dff) from module Pip_RV32IM_AHB (D = $memory\reg_file.register$wrmux[26][1][27]$y$10180, Q = \reg_file.register[26] [27]).
Adding EN signal on $memory\reg_file.register[26]$2827 ($dff) from module Pip_RV32IM_AHB (D = $memory\reg_file.register$wrmux[26][1][28]$y$10184, Q = \reg_file.register[26] [28]).
Adding EN signal on $memory\reg_file.register[26]$2827 ($dff) from module Pip_RV32IM_AHB (D = $memory\reg_file.register$wrmux[26][1][29]$y$10188, Q = \reg_file.register[26] [29]).
Adding EN signal on $memory\reg_file.register[26]$2827 ($dff) from module Pip_RV32IM_AHB (D = $memory\reg_file.register$wrmux[26][1][30]$y$10192, Q = \reg_file.register[26] [30]).
Adding EN signal on $memory\reg_file.register[26]$2827 ($dff) from module Pip_RV32IM_AHB (D = $memory\reg_file.register$wrmux[26][1][31]$y$10196, Q = \reg_file.register[26] [31]).
Adding EN signal on $memory\reg_file.register[27]$2829 ($dff) from module Pip_RV32IM_AHB (D = $memory\reg_file.register$wrmux[27][1][0]$y$10334, Q = \reg_file.register[27] [0]).
Adding EN signal on $memory\reg_file.register[27]$2829 ($dff) from module Pip_RV32IM_AHB (D = $memory\reg_file.register$wrmux[27][1][1]$y$10338, Q = \reg_file.register[27] [1]).
Adding EN signal on $memory\reg_file.register[27]$2829 ($dff) from module Pip_RV32IM_AHB (D = $memory\reg_file.register$wrmux[27][1][2]$y$10342, Q = \reg_file.register[27] [2]).
Adding EN signal on $memory\reg_file.register[27]$2829 ($dff) from module Pip_RV32IM_AHB (D = $memory\reg_file.register$wrmux[27][1][3]$y$10346, Q = \reg_file.register[27] [3]).
Adding EN signal on $memory\reg_file.register[27]$2829 ($dff) from module Pip_RV32IM_AHB (D = $memory\reg_file.register$wrmux[27][1][4]$y$10350, Q = \reg_file.register[27] [4]).
Adding EN signal on $memory\reg_file.register[27]$2829 ($dff) from module Pip_RV32IM_AHB (D = $memory\reg_file.register$wrmux[27][1][5]$y$10354, Q = \reg_file.register[27] [5]).
Adding EN signal on $memory\reg_file.register[27]$2829 ($dff) from module Pip_RV32IM_AHB (D = $memory\reg_file.register$wrmux[27][1][6]$y$10358, Q = \reg_file.register[27] [6]).
Adding EN signal on $memory\reg_file.register[27]$2829 ($dff) from module Pip_RV32IM_AHB (D = $memory\reg_file.register$wrmux[27][1][7]$y$10362, Q = \reg_file.register[27] [7]).
Adding EN signal on $memory\reg_file.register[27]$2829 ($dff) from module Pip_RV32IM_AHB (D = $memory\reg_file.register$wrmux[27][1][8]$y$10366, Q = \reg_file.register[27] [8]).
Adding EN signal on $memory\reg_file.register[27]$2829 ($dff) from module Pip_RV32IM_AHB (D = $memory\reg_file.register$wrmux[27][1][9]$y$10370, Q = \reg_file.register[27] [9]).
Adding EN signal on $memory\reg_file.register[27]$2829 ($dff) from module Pip_RV32IM_AHB (D = $memory\reg_file.register$wrmux[27][1][10]$y$10374, Q = \reg_file.register[27] [10]).
Adding EN signal on $memory\reg_file.register[27]$2829 ($dff) from module Pip_RV32IM_AHB (D = $memory\reg_file.register$wrmux[27][1][11]$y$10378, Q = \reg_file.register[27] [11]).
Adding EN signal on $memory\reg_file.register[27]$2829 ($dff) from module Pip_RV32IM_AHB (D = $memory\reg_file.register$wrmux[27][1][12]$y$10382, Q = \reg_file.register[27] [12]).
Adding EN signal on $memory\reg_file.register[27]$2829 ($dff) from module Pip_RV32IM_AHB (D = $memory\reg_file.register$wrmux[27][1][13]$y$10386, Q = \reg_file.register[27] [13]).
Adding EN signal on $memory\reg_file.register[27]$2829 ($dff) from module Pip_RV32IM_AHB (D = $memory\reg_file.register$wrmux[27][1][14]$y$10390, Q = \reg_file.register[27] [14]).
Adding EN signal on $memory\reg_file.register[27]$2829 ($dff) from module Pip_RV32IM_AHB (D = $memory\reg_file.register$wrmux[27][1][15]$y$10394, Q = \reg_file.register[27] [15]).
Adding EN signal on $memory\reg_file.register[27]$2829 ($dff) from module Pip_RV32IM_AHB (D = $memory\reg_file.register$wrmux[27][1][16]$y$10398, Q = \reg_file.register[27] [16]).
Adding EN signal on $memory\reg_file.register[27]$2829 ($dff) from module Pip_RV32IM_AHB (D = $memory\reg_file.register$wrmux[27][1][17]$y$10402, Q = \reg_file.register[27] [17]).
Adding EN signal on $memory\reg_file.register[27]$2829 ($dff) from module Pip_RV32IM_AHB (D = $memory\reg_file.register$wrmux[27][1][18]$y$10406, Q = \reg_file.register[27] [18]).
Adding EN signal on $memory\reg_file.register[27]$2829 ($dff) from module Pip_RV32IM_AHB (D = $memory\reg_file.register$wrmux[27][1][19]$y$10410, Q = \reg_file.register[27] [19]).
Adding EN signal on $memory\reg_file.register[27]$2829 ($dff) from module Pip_RV32IM_AHB (D = $memory\reg_file.register$wrmux[27][1][20]$y$10414, Q = \reg_file.register[27] [20]).
Adding EN signal on $memory\reg_file.register[27]$2829 ($dff) from module Pip_RV32IM_AHB (D = $memory\reg_file.register$wrmux[27][1][21]$y$10418, Q = \reg_file.register[27] [21]).
Adding EN signal on $memory\reg_file.register[27]$2829 ($dff) from module Pip_RV32IM_AHB (D = $memory\reg_file.register$wrmux[27][1][22]$y$10422, Q = \reg_file.register[27] [22]).
Adding EN signal on $memory\reg_file.register[27]$2829 ($dff) from module Pip_RV32IM_AHB (D = $memory\reg_file.register$wrmux[27][1][23]$y$10426, Q = \reg_file.register[27] [23]).
Adding EN signal on $memory\reg_file.register[27]$2829 ($dff) from module Pip_RV32IM_AHB (D = $memory\reg_file.register$wrmux[27][1][24]$y$10430, Q = \reg_file.register[27] [24]).
Adding EN signal on $memory\reg_file.register[27]$2829 ($dff) from module Pip_RV32IM_AHB (D = $memory\reg_file.register$wrmux[27][1][25]$y$10434, Q = \reg_file.register[27] [25]).
Adding EN signal on $memory\reg_file.register[27]$2829 ($dff) from module Pip_RV32IM_AHB (D = $memory\reg_file.register$wrmux[27][1][26]$y$10438, Q = \reg_file.register[27] [26]).
Adding EN signal on $memory\reg_file.register[27]$2829 ($dff) from module Pip_RV32IM_AHB (D = $memory\reg_file.register$wrmux[27][1][27]$y$10442, Q = \reg_file.register[27] [27]).
Adding EN signal on $memory\reg_file.register[27]$2829 ($dff) from module Pip_RV32IM_AHB (D = $memory\reg_file.register$wrmux[27][1][28]$y$10446, Q = \reg_file.register[27] [28]).
Adding EN signal on $memory\reg_file.register[27]$2829 ($dff) from module Pip_RV32IM_AHB (D = $memory\reg_file.register$wrmux[27][1][29]$y$10450, Q = \reg_file.register[27] [29]).
Adding EN signal on $memory\reg_file.register[27]$2829 ($dff) from module Pip_RV32IM_AHB (D = $memory\reg_file.register$wrmux[27][1][30]$y$10454, Q = \reg_file.register[27] [30]).
Adding EN signal on $memory\reg_file.register[27]$2829 ($dff) from module Pip_RV32IM_AHB (D = $memory\reg_file.register$wrmux[27][1][31]$y$10458, Q = \reg_file.register[27] [31]).
Adding EN signal on $memory\reg_file.register[28]$2831 ($dff) from module Pip_RV32IM_AHB (D = $memory\reg_file.register$wrmux[28][1][0]$y$10596, Q = \reg_file.register[28] [0]).
Adding EN signal on $memory\reg_file.register[28]$2831 ($dff) from module Pip_RV32IM_AHB (D = $memory\reg_file.register$wrmux[28][1][1]$y$10600, Q = \reg_file.register[28] [1]).
Adding EN signal on $memory\reg_file.register[28]$2831 ($dff) from module Pip_RV32IM_AHB (D = $memory\reg_file.register$wrmux[28][1][2]$y$10604, Q = \reg_file.register[28] [2]).
Adding EN signal on $memory\reg_file.register[28]$2831 ($dff) from module Pip_RV32IM_AHB (D = $memory\reg_file.register$wrmux[28][1][3]$y$10608, Q = \reg_file.register[28] [3]).
Adding EN signal on $memory\reg_file.register[28]$2831 ($dff) from module Pip_RV32IM_AHB (D = $memory\reg_file.register$wrmux[28][1][4]$y$10612, Q = \reg_file.register[28] [4]).
Adding EN signal on $memory\reg_file.register[28]$2831 ($dff) from module Pip_RV32IM_AHB (D = $memory\reg_file.register$wrmux[28][1][5]$y$10616, Q = \reg_file.register[28] [5]).
Adding EN signal on $memory\reg_file.register[28]$2831 ($dff) from module Pip_RV32IM_AHB (D = $memory\reg_file.register$wrmux[28][1][6]$y$10620, Q = \reg_file.register[28] [6]).
Adding EN signal on $memory\reg_file.register[28]$2831 ($dff) from module Pip_RV32IM_AHB (D = $memory\reg_file.register$wrmux[28][1][7]$y$10624, Q = \reg_file.register[28] [7]).
Adding EN signal on $memory\reg_file.register[28]$2831 ($dff) from module Pip_RV32IM_AHB (D = $memory\reg_file.register$wrmux[28][1][8]$y$10628, Q = \reg_file.register[28] [8]).
Adding EN signal on $memory\reg_file.register[28]$2831 ($dff) from module Pip_RV32IM_AHB (D = $memory\reg_file.register$wrmux[28][1][9]$y$10632, Q = \reg_file.register[28] [9]).
Adding EN signal on $memory\reg_file.register[28]$2831 ($dff) from module Pip_RV32IM_AHB (D = $memory\reg_file.register$wrmux[28][1][10]$y$10636, Q = \reg_file.register[28] [10]).
Adding EN signal on $memory\reg_file.register[28]$2831 ($dff) from module Pip_RV32IM_AHB (D = $memory\reg_file.register$wrmux[28][1][11]$y$10640, Q = \reg_file.register[28] [11]).
Adding EN signal on $memory\reg_file.register[28]$2831 ($dff) from module Pip_RV32IM_AHB (D = $memory\reg_file.register$wrmux[28][1][12]$y$10644, Q = \reg_file.register[28] [12]).
Adding EN signal on $memory\reg_file.register[28]$2831 ($dff) from module Pip_RV32IM_AHB (D = $memory\reg_file.register$wrmux[28][1][13]$y$10648, Q = \reg_file.register[28] [13]).
Adding EN signal on $memory\reg_file.register[28]$2831 ($dff) from module Pip_RV32IM_AHB (D = $memory\reg_file.register$wrmux[28][1][14]$y$10652, Q = \reg_file.register[28] [14]).
Adding EN signal on $memory\reg_file.register[28]$2831 ($dff) from module Pip_RV32IM_AHB (D = $memory\reg_file.register$wrmux[28][1][15]$y$10656, Q = \reg_file.register[28] [15]).
Adding EN signal on $memory\reg_file.register[28]$2831 ($dff) from module Pip_RV32IM_AHB (D = $memory\reg_file.register$wrmux[28][1][16]$y$10660, Q = \reg_file.register[28] [16]).
Adding EN signal on $memory\reg_file.register[28]$2831 ($dff) from module Pip_RV32IM_AHB (D = $memory\reg_file.register$wrmux[28][1][17]$y$10664, Q = \reg_file.register[28] [17]).
Adding EN signal on $memory\reg_file.register[28]$2831 ($dff) from module Pip_RV32IM_AHB (D = $memory\reg_file.register$wrmux[28][1][18]$y$10668, Q = \reg_file.register[28] [18]).
Adding EN signal on $memory\reg_file.register[28]$2831 ($dff) from module Pip_RV32IM_AHB (D = $memory\reg_file.register$wrmux[28][1][19]$y$10672, Q = \reg_file.register[28] [19]).
Adding EN signal on $memory\reg_file.register[28]$2831 ($dff) from module Pip_RV32IM_AHB (D = $memory\reg_file.register$wrmux[28][1][20]$y$10676, Q = \reg_file.register[28] [20]).
Adding EN signal on $memory\reg_file.register[28]$2831 ($dff) from module Pip_RV32IM_AHB (D = $memory\reg_file.register$wrmux[28][1][21]$y$10680, Q = \reg_file.register[28] [21]).
Adding EN signal on $memory\reg_file.register[28]$2831 ($dff) from module Pip_RV32IM_AHB (D = $memory\reg_file.register$wrmux[28][1][22]$y$10684, Q = \reg_file.register[28] [22]).
Adding EN signal on $memory\reg_file.register[28]$2831 ($dff) from module Pip_RV32IM_AHB (D = $memory\reg_file.register$wrmux[28][1][23]$y$10688, Q = \reg_file.register[28] [23]).
Adding EN signal on $memory\reg_file.register[28]$2831 ($dff) from module Pip_RV32IM_AHB (D = $memory\reg_file.register$wrmux[28][1][24]$y$10692, Q = \reg_file.register[28] [24]).
Adding EN signal on $memory\reg_file.register[28]$2831 ($dff) from module Pip_RV32IM_AHB (D = $memory\reg_file.register$wrmux[28][1][25]$y$10696, Q = \reg_file.register[28] [25]).
Adding EN signal on $memory\reg_file.register[28]$2831 ($dff) from module Pip_RV32IM_AHB (D = $memory\reg_file.register$wrmux[28][1][26]$y$10700, Q = \reg_file.register[28] [26]).
Adding EN signal on $memory\reg_file.register[28]$2831 ($dff) from module Pip_RV32IM_AHB (D = $memory\reg_file.register$wrmux[28][1][27]$y$10704, Q = \reg_file.register[28] [27]).
Adding EN signal on $memory\reg_file.register[28]$2831 ($dff) from module Pip_RV32IM_AHB (D = $memory\reg_file.register$wrmux[28][1][28]$y$10708, Q = \reg_file.register[28] [28]).
Adding EN signal on $memory\reg_file.register[28]$2831 ($dff) from module Pip_RV32IM_AHB (D = $memory\reg_file.register$wrmux[28][1][29]$y$10712, Q = \reg_file.register[28] [29]).
Adding EN signal on $memory\reg_file.register[28]$2831 ($dff) from module Pip_RV32IM_AHB (D = $memory\reg_file.register$wrmux[28][1][30]$y$10716, Q = \reg_file.register[28] [30]).
Adding EN signal on $memory\reg_file.register[28]$2831 ($dff) from module Pip_RV32IM_AHB (D = $memory\reg_file.register$wrmux[28][1][31]$y$10720, Q = \reg_file.register[28] [31]).
Adding EN signal on $memory\reg_file.register[29]$2833 ($dff) from module Pip_RV32IM_AHB (D = $memory\reg_file.register$wrmux[29][1][0]$y$10858, Q = \reg_file.register[29] [0]).
Adding EN signal on $memory\reg_file.register[29]$2833 ($dff) from module Pip_RV32IM_AHB (D = $memory\reg_file.register$wrmux[29][1][1]$y$10862, Q = \reg_file.register[29] [1]).
Adding EN signal on $memory\reg_file.register[29]$2833 ($dff) from module Pip_RV32IM_AHB (D = $memory\reg_file.register$wrmux[29][1][2]$y$10866, Q = \reg_file.register[29] [2]).
Adding EN signal on $memory\reg_file.register[29]$2833 ($dff) from module Pip_RV32IM_AHB (D = $memory\reg_file.register$wrmux[29][1][3]$y$10870, Q = \reg_file.register[29] [3]).
Adding EN signal on $memory\reg_file.register[29]$2833 ($dff) from module Pip_RV32IM_AHB (D = $memory\reg_file.register$wrmux[29][1][4]$y$10874, Q = \reg_file.register[29] [4]).
Adding EN signal on $memory\reg_file.register[29]$2833 ($dff) from module Pip_RV32IM_AHB (D = $memory\reg_file.register$wrmux[29][1][5]$y$10878, Q = \reg_file.register[29] [5]).
Adding EN signal on $memory\reg_file.register[29]$2833 ($dff) from module Pip_RV32IM_AHB (D = $memory\reg_file.register$wrmux[29][1][6]$y$10882, Q = \reg_file.register[29] [6]).
Adding EN signal on $memory\reg_file.register[29]$2833 ($dff) from module Pip_RV32IM_AHB (D = $memory\reg_file.register$wrmux[29][1][7]$y$10886, Q = \reg_file.register[29] [7]).
Adding EN signal on $memory\reg_file.register[29]$2833 ($dff) from module Pip_RV32IM_AHB (D = $memory\reg_file.register$wrmux[29][1][8]$y$10890, Q = \reg_file.register[29] [8]).
Adding EN signal on $memory\reg_file.register[29]$2833 ($dff) from module Pip_RV32IM_AHB (D = $memory\reg_file.register$wrmux[29][1][9]$y$10894, Q = \reg_file.register[29] [9]).
Adding EN signal on $memory\reg_file.register[29]$2833 ($dff) from module Pip_RV32IM_AHB (D = $memory\reg_file.register$wrmux[29][1][10]$y$10898, Q = \reg_file.register[29] [10]).
Adding EN signal on $memory\reg_file.register[29]$2833 ($dff) from module Pip_RV32IM_AHB (D = $memory\reg_file.register$wrmux[29][1][11]$y$10902, Q = \reg_file.register[29] [11]).
Adding EN signal on $memory\reg_file.register[29]$2833 ($dff) from module Pip_RV32IM_AHB (D = $memory\reg_file.register$wrmux[29][1][12]$y$10906, Q = \reg_file.register[29] [12]).
Adding EN signal on $memory\reg_file.register[29]$2833 ($dff) from module Pip_RV32IM_AHB (D = $memory\reg_file.register$wrmux[29][1][13]$y$10910, Q = \reg_file.register[29] [13]).
Adding EN signal on $memory\reg_file.register[29]$2833 ($dff) from module Pip_RV32IM_AHB (D = $memory\reg_file.register$wrmux[29][1][14]$y$10914, Q = \reg_file.register[29] [14]).
Adding EN signal on $memory\reg_file.register[29]$2833 ($dff) from module Pip_RV32IM_AHB (D = $memory\reg_file.register$wrmux[29][1][15]$y$10918, Q = \reg_file.register[29] [15]).
Adding EN signal on $memory\reg_file.register[29]$2833 ($dff) from module Pip_RV32IM_AHB (D = $memory\reg_file.register$wrmux[29][1][16]$y$10922, Q = \reg_file.register[29] [16]).
Adding EN signal on $memory\reg_file.register[29]$2833 ($dff) from module Pip_RV32IM_AHB (D = $memory\reg_file.register$wrmux[29][1][17]$y$10926, Q = \reg_file.register[29] [17]).
Adding EN signal on $memory\reg_file.register[29]$2833 ($dff) from module Pip_RV32IM_AHB (D = $memory\reg_file.register$wrmux[29][1][18]$y$10930, Q = \reg_file.register[29] [18]).
Adding EN signal on $memory\reg_file.register[29]$2833 ($dff) from module Pip_RV32IM_AHB (D = $memory\reg_file.register$wrmux[29][1][19]$y$10934, Q = \reg_file.register[29] [19]).
Adding EN signal on $memory\reg_file.register[29]$2833 ($dff) from module Pip_RV32IM_AHB (D = $memory\reg_file.register$wrmux[29][1][20]$y$10938, Q = \reg_file.register[29] [20]).
Adding EN signal on $memory\reg_file.register[29]$2833 ($dff) from module Pip_RV32IM_AHB (D = $memory\reg_file.register$wrmux[29][1][21]$y$10942, Q = \reg_file.register[29] [21]).
Adding EN signal on $memory\reg_file.register[29]$2833 ($dff) from module Pip_RV32IM_AHB (D = $memory\reg_file.register$wrmux[29][1][22]$y$10946, Q = \reg_file.register[29] [22]).
Adding EN signal on $memory\reg_file.register[29]$2833 ($dff) from module Pip_RV32IM_AHB (D = $memory\reg_file.register$wrmux[29][1][23]$y$10950, Q = \reg_file.register[29] [23]).
Adding EN signal on $memory\reg_file.register[29]$2833 ($dff) from module Pip_RV32IM_AHB (D = $memory\reg_file.register$wrmux[29][1][24]$y$10954, Q = \reg_file.register[29] [24]).
Adding EN signal on $memory\reg_file.register[29]$2833 ($dff) from module Pip_RV32IM_AHB (D = $memory\reg_file.register$wrmux[29][1][25]$y$10958, Q = \reg_file.register[29] [25]).
Adding EN signal on $memory\reg_file.register[29]$2833 ($dff) from module Pip_RV32IM_AHB (D = $memory\reg_file.register$wrmux[29][1][26]$y$10962, Q = \reg_file.register[29] [26]).
Adding EN signal on $memory\reg_file.register[29]$2833 ($dff) from module Pip_RV32IM_AHB (D = $memory\reg_file.register$wrmux[29][1][27]$y$10966, Q = \reg_file.register[29] [27]).
Adding EN signal on $memory\reg_file.register[29]$2833 ($dff) from module Pip_RV32IM_AHB (D = $memory\reg_file.register$wrmux[29][1][28]$y$10970, Q = \reg_file.register[29] [28]).
Adding EN signal on $memory\reg_file.register[29]$2833 ($dff) from module Pip_RV32IM_AHB (D = $memory\reg_file.register$wrmux[29][1][29]$y$10974, Q = \reg_file.register[29] [29]).
Adding EN signal on $memory\reg_file.register[29]$2833 ($dff) from module Pip_RV32IM_AHB (D = $memory\reg_file.register$wrmux[29][1][30]$y$10978, Q = \reg_file.register[29] [30]).
Adding EN signal on $memory\reg_file.register[29]$2833 ($dff) from module Pip_RV32IM_AHB (D = $memory\reg_file.register$wrmux[29][1][31]$y$10982, Q = \reg_file.register[29] [31]).
Adding EN signal on $memory\reg_file.register[30]$2835 ($dff) from module Pip_RV32IM_AHB (D = $memory\reg_file.register$wrmux[30][1][0]$y$11120, Q = \reg_file.register[30] [0]).
Adding EN signal on $memory\reg_file.register[30]$2835 ($dff) from module Pip_RV32IM_AHB (D = $memory\reg_file.register$wrmux[30][1][1]$y$11124, Q = \reg_file.register[30] [1]).
Adding EN signal on $memory\reg_file.register[30]$2835 ($dff) from module Pip_RV32IM_AHB (D = $memory\reg_file.register$wrmux[30][1][2]$y$11128, Q = \reg_file.register[30] [2]).
Adding EN signal on $memory\reg_file.register[30]$2835 ($dff) from module Pip_RV32IM_AHB (D = $memory\reg_file.register$wrmux[30][1][3]$y$11132, Q = \reg_file.register[30] [3]).
Adding EN signal on $memory\reg_file.register[30]$2835 ($dff) from module Pip_RV32IM_AHB (D = $memory\reg_file.register$wrmux[30][1][4]$y$11136, Q = \reg_file.register[30] [4]).
Adding EN signal on $memory\reg_file.register[30]$2835 ($dff) from module Pip_RV32IM_AHB (D = $memory\reg_file.register$wrmux[30][1][5]$y$11140, Q = \reg_file.register[30] [5]).
Adding EN signal on $memory\reg_file.register[30]$2835 ($dff) from module Pip_RV32IM_AHB (D = $memory\reg_file.register$wrmux[30][1][6]$y$11144, Q = \reg_file.register[30] [6]).
Adding EN signal on $memory\reg_file.register[30]$2835 ($dff) from module Pip_RV32IM_AHB (D = $memory\reg_file.register$wrmux[30][1][7]$y$11148, Q = \reg_file.register[30] [7]).
Adding EN signal on $memory\reg_file.register[30]$2835 ($dff) from module Pip_RV32IM_AHB (D = $memory\reg_file.register$wrmux[30][1][8]$y$11152, Q = \reg_file.register[30] [8]).
Adding EN signal on $memory\reg_file.register[30]$2835 ($dff) from module Pip_RV32IM_AHB (D = $memory\reg_file.register$wrmux[30][1][9]$y$11156, Q = \reg_file.register[30] [9]).
Adding EN signal on $memory\reg_file.register[30]$2835 ($dff) from module Pip_RV32IM_AHB (D = $memory\reg_file.register$wrmux[30][1][10]$y$11160, Q = \reg_file.register[30] [10]).
Adding EN signal on $memory\reg_file.register[30]$2835 ($dff) from module Pip_RV32IM_AHB (D = $memory\reg_file.register$wrmux[30][1][11]$y$11164, Q = \reg_file.register[30] [11]).
Adding EN signal on $memory\reg_file.register[30]$2835 ($dff) from module Pip_RV32IM_AHB (D = $memory\reg_file.register$wrmux[30][1][12]$y$11168, Q = \reg_file.register[30] [12]).
Adding EN signal on $memory\reg_file.register[30]$2835 ($dff) from module Pip_RV32IM_AHB (D = $memory\reg_file.register$wrmux[30][1][13]$y$11172, Q = \reg_file.register[30] [13]).
Adding EN signal on $memory\reg_file.register[30]$2835 ($dff) from module Pip_RV32IM_AHB (D = $memory\reg_file.register$wrmux[30][1][14]$y$11176, Q = \reg_file.register[30] [14]).
Adding EN signal on $memory\reg_file.register[30]$2835 ($dff) from module Pip_RV32IM_AHB (D = $memory\reg_file.register$wrmux[30][1][15]$y$11180, Q = \reg_file.register[30] [15]).
Adding EN signal on $memory\reg_file.register[30]$2835 ($dff) from module Pip_RV32IM_AHB (D = $memory\reg_file.register$wrmux[30][1][16]$y$11184, Q = \reg_file.register[30] [16]).
Adding EN signal on $memory\reg_file.register[30]$2835 ($dff) from module Pip_RV32IM_AHB (D = $memory\reg_file.register$wrmux[30][1][17]$y$11188, Q = \reg_file.register[30] [17]).
Adding EN signal on $memory\reg_file.register[30]$2835 ($dff) from module Pip_RV32IM_AHB (D = $memory\reg_file.register$wrmux[30][1][18]$y$11192, Q = \reg_file.register[30] [18]).
Adding EN signal on $memory\reg_file.register[30]$2835 ($dff) from module Pip_RV32IM_AHB (D = $memory\reg_file.register$wrmux[30][1][19]$y$11196, Q = \reg_file.register[30] [19]).
Adding EN signal on $memory\reg_file.register[30]$2835 ($dff) from module Pip_RV32IM_AHB (D = $memory\reg_file.register$wrmux[30][1][20]$y$11200, Q = \reg_file.register[30] [20]).
Adding EN signal on $memory\reg_file.register[30]$2835 ($dff) from module Pip_RV32IM_AHB (D = $memory\reg_file.register$wrmux[30][1][21]$y$11204, Q = \reg_file.register[30] [21]).
Adding EN signal on $memory\reg_file.register[30]$2835 ($dff) from module Pip_RV32IM_AHB (D = $memory\reg_file.register$wrmux[30][1][22]$y$11208, Q = \reg_file.register[30] [22]).
Adding EN signal on $memory\reg_file.register[30]$2835 ($dff) from module Pip_RV32IM_AHB (D = $memory\reg_file.register$wrmux[30][1][23]$y$11212, Q = \reg_file.register[30] [23]).
Adding EN signal on $memory\reg_file.register[30]$2835 ($dff) from module Pip_RV32IM_AHB (D = $memory\reg_file.register$wrmux[30][1][24]$y$11216, Q = \reg_file.register[30] [24]).
Adding EN signal on $memory\reg_file.register[30]$2835 ($dff) from module Pip_RV32IM_AHB (D = $memory\reg_file.register$wrmux[30][1][25]$y$11220, Q = \reg_file.register[30] [25]).
Adding EN signal on $memory\reg_file.register[30]$2835 ($dff) from module Pip_RV32IM_AHB (D = $memory\reg_file.register$wrmux[30][1][26]$y$11224, Q = \reg_file.register[30] [26]).
Adding EN signal on $memory\reg_file.register[30]$2835 ($dff) from module Pip_RV32IM_AHB (D = $memory\reg_file.register$wrmux[30][1][27]$y$11228, Q = \reg_file.register[30] [27]).
Adding EN signal on $memory\reg_file.register[30]$2835 ($dff) from module Pip_RV32IM_AHB (D = $memory\reg_file.register$wrmux[30][1][28]$y$11232, Q = \reg_file.register[30] [28]).
Adding EN signal on $memory\reg_file.register[30]$2835 ($dff) from module Pip_RV32IM_AHB (D = $memory\reg_file.register$wrmux[30][1][29]$y$11236, Q = \reg_file.register[30] [29]).
Adding EN signal on $memory\reg_file.register[30]$2835 ($dff) from module Pip_RV32IM_AHB (D = $memory\reg_file.register$wrmux[30][1][30]$y$11240, Q = \reg_file.register[30] [30]).
Adding EN signal on $memory\reg_file.register[30]$2835 ($dff) from module Pip_RV32IM_AHB (D = $memory\reg_file.register$wrmux[30][1][31]$y$11244, Q = \reg_file.register[30] [31]).
Adding EN signal on $memory\reg_file.register[31]$2837 ($dff) from module Pip_RV32IM_AHB (D = $memory\reg_file.register$wrmux[31][1][0]$y$11382, Q = \reg_file.register[31] [0]).
Adding EN signal on $memory\reg_file.register[31]$2837 ($dff) from module Pip_RV32IM_AHB (D = $memory\reg_file.register$wrmux[31][1][1]$y$11386, Q = \reg_file.register[31] [1]).
Adding EN signal on $memory\reg_file.register[31]$2837 ($dff) from module Pip_RV32IM_AHB (D = $memory\reg_file.register$wrmux[31][1][2]$y$11390, Q = \reg_file.register[31] [2]).
Adding EN signal on $memory\reg_file.register[31]$2837 ($dff) from module Pip_RV32IM_AHB (D = $memory\reg_file.register$wrmux[31][1][3]$y$11394, Q = \reg_file.register[31] [3]).
Adding EN signal on $memory\reg_file.register[31]$2837 ($dff) from module Pip_RV32IM_AHB (D = $memory\reg_file.register$wrmux[31][1][4]$y$11398, Q = \reg_file.register[31] [4]).
Adding EN signal on $memory\reg_file.register[31]$2837 ($dff) from module Pip_RV32IM_AHB (D = $memory\reg_file.register$wrmux[31][1][5]$y$11402, Q = \reg_file.register[31] [5]).
Adding EN signal on $memory\reg_file.register[31]$2837 ($dff) from module Pip_RV32IM_AHB (D = $memory\reg_file.register$wrmux[31][1][6]$y$11406, Q = \reg_file.register[31] [6]).
Adding EN signal on $memory\reg_file.register[31]$2837 ($dff) from module Pip_RV32IM_AHB (D = $memory\reg_file.register$wrmux[31][1][7]$y$11410, Q = \reg_file.register[31] [7]).
Adding EN signal on $memory\reg_file.register[31]$2837 ($dff) from module Pip_RV32IM_AHB (D = $memory\reg_file.register$wrmux[31][1][8]$y$11414, Q = \reg_file.register[31] [8]).
Adding EN signal on $memory\reg_file.register[31]$2837 ($dff) from module Pip_RV32IM_AHB (D = $memory\reg_file.register$wrmux[31][1][9]$y$11418, Q = \reg_file.register[31] [9]).
Adding EN signal on $memory\reg_file.register[31]$2837 ($dff) from module Pip_RV32IM_AHB (D = $memory\reg_file.register$wrmux[31][1][10]$y$11422, Q = \reg_file.register[31] [10]).
Adding EN signal on $memory\reg_file.register[31]$2837 ($dff) from module Pip_RV32IM_AHB (D = $memory\reg_file.register$wrmux[31][1][11]$y$11426, Q = \reg_file.register[31] [11]).
Adding EN signal on $memory\reg_file.register[31]$2837 ($dff) from module Pip_RV32IM_AHB (D = $memory\reg_file.register$wrmux[31][1][12]$y$11430, Q = \reg_file.register[31] [12]).
Adding EN signal on $memory\reg_file.register[31]$2837 ($dff) from module Pip_RV32IM_AHB (D = $memory\reg_file.register$wrmux[31][1][13]$y$11434, Q = \reg_file.register[31] [13]).
Adding EN signal on $memory\reg_file.register[31]$2837 ($dff) from module Pip_RV32IM_AHB (D = $memory\reg_file.register$wrmux[31][1][14]$y$11438, Q = \reg_file.register[31] [14]).
Adding EN signal on $memory\reg_file.register[31]$2837 ($dff) from module Pip_RV32IM_AHB (D = $memory\reg_file.register$wrmux[31][1][15]$y$11442, Q = \reg_file.register[31] [15]).
Adding EN signal on $memory\reg_file.register[31]$2837 ($dff) from module Pip_RV32IM_AHB (D = $memory\reg_file.register$wrmux[31][1][16]$y$11446, Q = \reg_file.register[31] [16]).
Adding EN signal on $memory\reg_file.register[31]$2837 ($dff) from module Pip_RV32IM_AHB (D = $memory\reg_file.register$wrmux[31][1][17]$y$11450, Q = \reg_file.register[31] [17]).
Adding EN signal on $memory\reg_file.register[31]$2837 ($dff) from module Pip_RV32IM_AHB (D = $memory\reg_file.register$wrmux[31][1][18]$y$11454, Q = \reg_file.register[31] [18]).
Adding EN signal on $memory\reg_file.register[31]$2837 ($dff) from module Pip_RV32IM_AHB (D = $memory\reg_file.register$wrmux[31][1][19]$y$11458, Q = \reg_file.register[31] [19]).
Adding EN signal on $memory\reg_file.register[31]$2837 ($dff) from module Pip_RV32IM_AHB (D = $memory\reg_file.register$wrmux[31][1][20]$y$11462, Q = \reg_file.register[31] [20]).
Adding EN signal on $memory\reg_file.register[31]$2837 ($dff) from module Pip_RV32IM_AHB (D = $memory\reg_file.register$wrmux[31][1][21]$y$11466, Q = \reg_file.register[31] [21]).
Adding EN signal on $memory\reg_file.register[31]$2837 ($dff) from module Pip_RV32IM_AHB (D = $memory\reg_file.register$wrmux[31][1][22]$y$11470, Q = \reg_file.register[31] [22]).
Adding EN signal on $memory\reg_file.register[31]$2837 ($dff) from module Pip_RV32IM_AHB (D = $memory\reg_file.register$wrmux[31][1][23]$y$11474, Q = \reg_file.register[31] [23]).
Adding EN signal on $memory\reg_file.register[31]$2837 ($dff) from module Pip_RV32IM_AHB (D = $memory\reg_file.register$wrmux[31][1][24]$y$11478, Q = \reg_file.register[31] [24]).
Adding EN signal on $memory\reg_file.register[31]$2837 ($dff) from module Pip_RV32IM_AHB (D = $memory\reg_file.register$wrmux[31][1][25]$y$11482, Q = \reg_file.register[31] [25]).
Adding EN signal on $memory\reg_file.register[31]$2837 ($dff) from module Pip_RV32IM_AHB (D = $memory\reg_file.register$wrmux[31][1][26]$y$11486, Q = \reg_file.register[31] [26]).
Adding EN signal on $memory\reg_file.register[31]$2837 ($dff) from module Pip_RV32IM_AHB (D = $memory\reg_file.register$wrmux[31][1][27]$y$11490, Q = \reg_file.register[31] [27]).
Adding EN signal on $memory\reg_file.register[31]$2837 ($dff) from module Pip_RV32IM_AHB (D = $memory\reg_file.register$wrmux[31][1][28]$y$11494, Q = \reg_file.register[31] [28]).
Adding EN signal on $memory\reg_file.register[31]$2837 ($dff) from module Pip_RV32IM_AHB (D = $memory\reg_file.register$wrmux[31][1][29]$y$11498, Q = \reg_file.register[31] [29]).
Adding EN signal on $memory\reg_file.register[31]$2837 ($dff) from module Pip_RV32IM_AHB (D = $memory\reg_file.register$wrmux[31][1][30]$y$11502, Q = \reg_file.register[31] [30]).
Adding EN signal on $memory\reg_file.register[31]$2837 ($dff) from module Pip_RV32IM_AHB (D = $memory\reg_file.register$wrmux[31][1][31]$y$11506, Q = \reg_file.register[31] [31]).

yosys> opt_clean

46.7. Executing OPT_CLEAN pass (remove unused cells and wires).
Finding unused cells or wires in module \Pip_RV32IM_AHB..
Removed 0 unused cells and 46 unused wires.
<suppressed ~1 debug messages>

yosys> opt_expr

46.8. Executing OPT_EXPR pass (perform const folding).
Optimizing module Pip_RV32IM_AHB.
<suppressed ~1024 debug messages>

46.9. Rerunning OPT passes. (Maybe there is more to do..)

yosys> opt_muxtree

46.10. Executing OPT_MUXTREE pass (detect dead branches in mux trees).
Running muxtree optimizer on module \Pip_RV32IM_AHB..
  Creating internal representation of mux trees.
  Evaluating internal representation of mux trees.
  Analyzing evaluation results.
Removed 0 multiplexer ports.
<suppressed ~6534 debug messages>

yosys> opt_reduce

46.11. Executing OPT_REDUCE pass (consolidate $*mux and $reduce_* inputs).
  Optimizing cells in module \Pip_RV32IM_AHB.
Performed a total of 0 changes.

yosys> opt_merge

46.12. Executing OPT_MERGE pass (detect identical cells).
Finding identical cells in module `\Pip_RV32IM_AHB'.
Computing hashes of 6032 cells of `\Pip_RV32IM_AHB'.
Finding duplicate cells in `\Pip_RV32IM_AHB'.
Computing hashes of 5072 cells of `\Pip_RV32IM_AHB'.
Finding duplicate cells in `\Pip_RV32IM_AHB'.
<suppressed ~2880 debug messages>
Removed a total of 960 cells.

yosys> opt_dff

46.13. Executing OPT_DFF pass (perform DFF optimizations).

yosys> opt_clean

46.14. Executing OPT_CLEAN pass (remove unused cells and wires).
Finding unused cells or wires in module \Pip_RV32IM_AHB..
Removed 0 unused cells and 960 unused wires.
<suppressed ~1 debug messages>

yosys> opt_expr

46.15. Executing OPT_EXPR pass (perform const folding).
Optimizing module Pip_RV32IM_AHB.

46.16. Rerunning OPT passes. (Maybe there is more to do..)

yosys> opt_muxtree

46.17. Executing OPT_MUXTREE pass (detect dead branches in mux trees).
Running muxtree optimizer on module \Pip_RV32IM_AHB..
  Creating internal representation of mux trees.
  Evaluating internal representation of mux trees.
  Analyzing evaluation results.
Removed 0 multiplexer ports.
<suppressed ~6598 debug messages>

yosys> opt_reduce

46.18. Executing OPT_REDUCE pass (consolidate $*mux and $reduce_* inputs).
  Optimizing cells in module \Pip_RV32IM_AHB.
Performed a total of 0 changes.

yosys> opt_merge

46.19. Executing OPT_MERGE pass (detect identical cells).
Finding identical cells in module `\Pip_RV32IM_AHB'.
Computing hashes of 5072 cells of `\Pip_RV32IM_AHB'.
Finding duplicate cells in `\Pip_RV32IM_AHB'.
Removed a total of 0 cells.

yosys> opt_dff

46.20. Executing OPT_DFF pass (perform DFF optimizations).

yosys> opt_clean

46.21. Executing OPT_CLEAN pass (remove unused cells and wires).
Finding unused cells or wires in module \Pip_RV32IM_AHB..

yosys> opt_expr

46.22. Executing OPT_EXPR pass (perform const folding).
Optimizing module Pip_RV32IM_AHB.

46.23. Finished fast OPT passes. (There is nothing left to do.)

yosys> techmap

47. Executing TECHMAP pass (map to technology primitives).

47.1. Executing Verilog-2005 frontend: /foss/tools/yosys/bin/../share/yosys/techmap.v
Parsing Verilog input from `/foss/tools/yosys/bin/../share/yosys/techmap.v' to AST representation.
Generating RTLIL representation for module `\_90_simplemap_bool_ops'.
Generating RTLIL representation for module `\_90_simplemap_reduce_ops'.
Generating RTLIL representation for module `\_90_simplemap_logic_ops'.
Generating RTLIL representation for module `\_90_simplemap_compare_ops'.
Generating RTLIL representation for module `\_90_simplemap_various'.
Generating RTLIL representation for module `\_90_simplemap_registers'.
Generating RTLIL representation for module `\_90_shift_ops_shr_shl_sshl_sshr'.
Generating RTLIL representation for module `\_90_shift_shiftx'.
Generating RTLIL representation for module `\_90_fa'.
Generating RTLIL representation for module `\_90_lcu_brent_kung'.
Generating RTLIL representation for module `\_90_alu'.
Generating RTLIL representation for module `\_90_macc'.
Generating RTLIL representation for module `\_90_alumacc'.
Generating RTLIL representation for module `$__div_mod_u'.
Generating RTLIL representation for module `$__div_mod_trunc'.
Generating RTLIL representation for module `\_90_div'.
Generating RTLIL representation for module `\_90_mod'.
Generating RTLIL representation for module `$__div_mod_floor'.
Generating RTLIL representation for module `\_90_divfloor'.
Generating RTLIL representation for module `\_90_modfloor'.
Generating RTLIL representation for module `\_90_pow'.
Generating RTLIL representation for module `\_90_pmux'.
Generating RTLIL representation for module `\_90_demux'.
Generating RTLIL representation for module `\_90_lut'.
Generating RTLIL representation for module `$connect'.
Generating RTLIL representation for module `$input_port'.
Successfully finished Verilog frontend.

47.2. Continuing TECHMAP pass.
Using extmapper simplemap for cells of type $reduce_bool.
Using extmapper simplemap for cells of type $dffe.
Using extmapper simplemap for cells of type $reduce_or.
Using extmapper simplemap for cells of type $and.
Using extmapper simplemap for cells of type $not.
Using extmapper simplemap for cells of type $or.
Using extmapper simplemap for cells of type $sdff.
Using extmapper simplemap for cells of type $sdffe.
Using extmapper simplemap for cells of type $reduce_and.
Using extmapper simplemap for cells of type $ne.
Using extmapper simplemap for cells of type $mux.
Using extmapper simplemap for cells of type $logic_not.
Using extmapper simplemap for cells of type $eq.
Using extmapper simplemap for cells of type $logic_or.
Using extmapper simplemap for cells of type $dff.
Using template $paramod$b098bc6f249c0ac91c4d6e19d54b23c285914115\_90_pmux for cells of type $pmux.
Running "alumacc" on wrapper $extern:wrap:$add:Y_WIDTH=32:B_WIDTH=32:A_WIDTH=32:B_SIGNED=0:A_SIGNED=0:394426c56d1a028ba8fdd5469b163e04011def47.
Using template $extern:wrap:$add:Y_WIDTH=32:B_WIDTH=32:A_WIDTH=32:B_SIGNED=0:A_SIGNED=0:394426c56d1a028ba8fdd5469b163e04011def47 for cells of type $extern:wrap:$add:Y_WIDTH=32:B_WIDTH=32:A_WIDTH=32:B_SIGNED=0:A_SIGNED=0:394426c56d1a028ba8fdd5469b163e04011def47.
Using template $paramod$57f63e8a3282e053be0430389b09fa050ac7dca0\_90_pmux for cells of type $pmux.
Using template $paramod$e830d104b5de63a966ae948f6aff012e63986700\_90_pmux for cells of type $pmux.
Using template $paramod$645fe0cc96ae5edb83bff90cc2c78f4a20ca3e3c\_90_pmux for cells of type $pmux.
Using template $paramod$c5c783b17ab1d780abfad8cfe6563a0a7b47a3b0\_90_pmux for cells of type $pmux.
Using template $paramod$b6ec48645094baeb70d6b93add0cdbbe7498ad3c\_90_pmux for cells of type $pmux.
Using template $paramod$bf2533632d512eac76dd186c0da49367e29b8e98\_90_pmux for cells of type $pmux.
Using template $paramod$a285b5a57fe61eabc57c91b8c412748ee1151a85\_90_pmux for cells of type $pmux.
Using extmapper simplemap for cells of type $logic_and.
Using template $paramod$59b03ae2620a41577de8da5f5c97b2919e82362b\_90_pmux for cells of type $pmux.
Using template $paramod$constmap:6111415c3ecfd9bb520e2072bfee38e7d8bfb139$paramod$e765c459d3029c22a22a27989e94858fd9ebfa9c\_90_shift_ops_shr_shl_sshl_sshr for cells of type $sshr.
Using template $paramod$constmap:6111415c3ecfd9bb520e2072bfee38e7d8bfb139$paramod$feecc7a0dbd012970970f2858f15e786e251f677\_90_shift_ops_shr_shl_sshl_sshr for cells of type $shr.
Using template $paramod$constmap:6111415c3ecfd9bb520e2072bfee38e7d8bfb139$paramod$335cfd09f1afa8139c4aafcbbe5f361887b79c5e\_90_shift_ops_shr_shl_sshl_sshr for cells of type $shl.
Using template $paramod$104d3d1e82b09b030a785dad8a5e608a6d4401f7\_90_pmux for cells of type $pmux.
Using extmapper simplemap for cells of type $xor.
Running "alumacc" on wrapper $extern:wrap:$lt:Y_WIDTH=1:B_WIDTH=32:A_WIDTH=32:B_SIGNED=0:A_SIGNED=0:394426c56d1a028ba8fdd5469b163e04011def47.
Using template $extern:wrap:$lt:Y_WIDTH=1:B_WIDTH=32:A_WIDTH=32:B_SIGNED=0:A_SIGNED=0:394426c56d1a028ba8fdd5469b163e04011def47 for cells of type $extern:wrap:$lt:Y_WIDTH=1:B_WIDTH=32:A_WIDTH=32:B_SIGNED=0:A_SIGNED=0:394426c56d1a028ba8fdd5469b163e04011def47.
Running "alumacc" on wrapper $extern:wrap:$lt:Y_WIDTH=1:B_WIDTH=32:A_WIDTH=32:B_SIGNED=1:A_SIGNED=1:394426c56d1a028ba8fdd5469b163e04011def47.
Using template $extern:wrap:$lt:Y_WIDTH=1:B_WIDTH=32:A_WIDTH=32:B_SIGNED=1:A_SIGNED=1:394426c56d1a028ba8fdd5469b163e04011def47 for cells of type $extern:wrap:$lt:Y_WIDTH=1:B_WIDTH=32:A_WIDTH=32:B_SIGNED=1:A_SIGNED=1:394426c56d1a028ba8fdd5469b163e04011def47.
Running "alumacc" on wrapper $extern:wrap:$sub:Y_WIDTH=32:B_WIDTH=32:A_WIDTH=32:B_SIGNED=0:A_SIGNED=0:394426c56d1a028ba8fdd5469b163e04011def47.
Using template $extern:wrap:$sub:Y_WIDTH=32:B_WIDTH=32:A_WIDTH=32:B_SIGNED=0:A_SIGNED=0:394426c56d1a028ba8fdd5469b163e04011def47 for cells of type $extern:wrap:$sub:Y_WIDTH=32:B_WIDTH=32:A_WIDTH=32:B_SIGNED=0:A_SIGNED=0:394426c56d1a028ba8fdd5469b163e04011def47.
Using template $paramod$bf541dd3c0ba8228982b61e7bfbc350a2c253f4c\_90_pmux for cells of type $pmux.
Running "alumacc" on wrapper $extern:wrap:$add:Y_WIDTH=32:B_WIDTH=1:A_WIDTH=32:B_SIGNED=0:A_SIGNED=0:394426c56d1a028ba8fdd5469b163e04011def47.
Using template $extern:wrap:$add:Y_WIDTH=32:B_WIDTH=1:A_WIDTH=32:B_SIGNED=0:A_SIGNED=0:394426c56d1a028ba8fdd5469b163e04011def47 for cells of type $extern:wrap:$add:Y_WIDTH=32:B_WIDTH=1:A_WIDTH=32:B_SIGNED=0:A_SIGNED=0:394426c56d1a028ba8fdd5469b163e04011def47.
Running "alumacc" on wrapper $extern:wrap:$sub:Y_WIDTH=33:B_WIDTH=33:A_WIDTH=33:B_SIGNED=0:A_SIGNED=0:394426c56d1a028ba8fdd5469b163e04011def47.
Using template $extern:wrap:$sub:Y_WIDTH=33:B_WIDTH=33:A_WIDTH=33:B_SIGNED=0:A_SIGNED=0:394426c56d1a028ba8fdd5469b163e04011def47 for cells of type $extern:wrap:$sub:Y_WIDTH=33:B_WIDTH=33:A_WIDTH=33:B_SIGNED=0:A_SIGNED=0:394426c56d1a028ba8fdd5469b163e04011def47.
Running "alumacc" on wrapper $extern:wrap:$add:Y_WIDTH=6:B_WIDTH=1:A_WIDTH=6:B_SIGNED=0:A_SIGNED=0:394426c56d1a028ba8fdd5469b163e04011def47.
Using template $extern:wrap:$add:Y_WIDTH=6:B_WIDTH=1:A_WIDTH=6:B_SIGNED=0:A_SIGNED=0:394426c56d1a028ba8fdd5469b163e04011def47 for cells of type $extern:wrap:$add:Y_WIDTH=6:B_WIDTH=1:A_WIDTH=6:B_SIGNED=0:A_SIGNED=0:394426c56d1a028ba8fdd5469b163e04011def47.
Running "alumacc" on wrapper $extern:wrap:$mul:Y_WIDTH=66:B_WIDTH=33:A_WIDTH=33:B_SIGNED=1:A_SIGNED=1:394426c56d1a028ba8fdd5469b163e04011def47.
Using template $extern:wrap:$mul:Y_WIDTH=66:B_WIDTH=33:A_WIDTH=33:B_SIGNED=1:A_SIGNED=1:394426c56d1a028ba8fdd5469b163e04011def47 for cells of type $extern:wrap:$mul:Y_WIDTH=66:B_WIDTH=33:A_WIDTH=33:B_SIGNED=1:A_SIGNED=1:394426c56d1a028ba8fdd5469b163e04011def47.
Using template $paramod$97565c3687be688407d1272a293bd9d0ae6852dc\_90_pmux for cells of type $pmux.
Using template $paramod$8fabc56b80a569262acfc42757a02ca0b8e91278\_90_pmux for cells of type $pmux.
Using template $paramod$20d3ee62d72123142eb855d7ddafd835e31ba009\_90_pmux for cells of type $pmux.
Using template $paramod$ee721315a7b0169d82611b9aea01747035b97792\_90_pmux for cells of type $pmux.
Using template $paramod$0d149ffe75563ef6fcc1a3dddc59d00af28651a7\_90_pmux for cells of type $pmux.
Using template $paramod$8d502f02b5b0b72663c46788e07dcce65ffb9a1e\_90_pmux for cells of type $pmux.
Using template $paramod$c96def1cdcef2eee3c62e5dfb7ba2dd09c9f74dd\_90_pmux for cells of type $pmux.
Running "alumacc" on wrapper $extern:wrap:$add:Y_WIDTH=64:B_WIDTH=32:A_WIDTH=64:B_SIGNED=0:A_SIGNED=0:394426c56d1a028ba8fdd5469b163e04011def47.
Using template $extern:wrap:$add:Y_WIDTH=64:B_WIDTH=32:A_WIDTH=64:B_SIGNED=0:A_SIGNED=0:394426c56d1a028ba8fdd5469b163e04011def47 for cells of type $extern:wrap:$add:Y_WIDTH=64:B_WIDTH=32:A_WIDTH=64:B_SIGNED=0:A_SIGNED=0:394426c56d1a028ba8fdd5469b163e04011def47.
Running "alumacc" on wrapper $extern:wrap:$add:Y_WIDTH=64:B_WIDTH=1:A_WIDTH=64:B_SIGNED=0:A_SIGNED=0:394426c56d1a028ba8fdd5469b163e04011def47.
Using template $extern:wrap:$add:Y_WIDTH=64:B_WIDTH=1:A_WIDTH=64:B_SIGNED=0:A_SIGNED=0:394426c56d1a028ba8fdd5469b163e04011def47 for cells of type $extern:wrap:$add:Y_WIDTH=64:B_WIDTH=1:A_WIDTH=64:B_SIGNED=0:A_SIGNED=0:394426c56d1a028ba8fdd5469b163e04011def47.
Using template $paramod$2653f68ddb8eab7b1907b4a20767b72a824a7a36\_90_alu for cells of type $alu.
Using template $paramod$fbc7873bff55778c0b3173955b7e4bce1d9d6834\_90_alu for cells of type $alu.
Using template $paramod$cc80a4e89b0341cb117f5d28b0e7244620640141\_90_alu for cells of type $alu.
Using template $paramod$2126a3039e9678f6a4bd73d35a1f58ee2616afb2\_90_alu for cells of type $alu.
Using extmapper maccmap for cells of type $macc_v2.
  add { \u_mdu.u_mul.A_sign_bit \u_mdu.u_div.A_In } * { \u_mdu.u_mul.B_sign_bit \u_mdu.u_div.B_In } (33x33 bits, signed)
Using template $paramod$6a42b6fefed750f8a1c58eab59479d960557103c\_90_alu for cells of type $alu.
Using template $paramod$32efbfac1c4dc57230cf86180788fdfd12e3b511\_90_alu for cells of type $alu.
Using template $paramod$cc6a978c1b57cdb49efcec348c88d8e28bf1a01f\_90_alu for cells of type $alu.
Using template $paramod\_90_fa\WIDTH=32'00000000000000000000000001000010 for cells of type $fa.
Using template $paramod\_90_fa\WIDTH=32'00000000000000000000000001000001 for cells of type $fa.
Using template $paramod$7771edcff16823dc6718501da45b2d48ec8690bf\_90_alu for cells of type $alu.
Using extmapper simplemap for cells of type $pos.
Using template $paramod\_90_fa\WIDTH=32'00000000000000000000000000100000 for cells of type $fa.
Using template $paramod\_90_lcu_brent_kung\WIDTH=32'00000000000000000000000000100000 for cells of type $lcu.
Using template $paramod\_90_fa\WIDTH=32'00000000000000000000000000100001 for cells of type $fa.
Using template $paramod\_90_lcu_brent_kung\WIDTH=32'00000000000000000000000000100001 for cells of type $lcu.
Using template $paramod\_90_fa\WIDTH=32'00000000000000000000000000000110 for cells of type $fa.
Using template $paramod\_90_lcu_brent_kung\WIDTH=32'00000000000000000000000000000110 for cells of type $lcu.
Using template $paramod\_90_fa\WIDTH=32'00000000000000000000000001000000 for cells of type $fa.
Using template $paramod\_90_lcu_brent_kung\WIDTH=32'00000000000000000000000001000000 for cells of type $lcu.
Using template $paramod\_90_lcu_brent_kung\WIDTH=32'00000000000000000000000001000010 for cells of type $lcu.
No more expansions possible.
<suppressed ~13321 debug messages>

yosys> opt -fast

48. Executing OPT pass (performing simple optimizations).

yosys> opt_expr

48.1. Executing OPT_EXPR pass (perform const folding).
Optimizing module Pip_RV32IM_AHB.
<suppressed ~12572 debug messages>

yosys> opt_merge

48.2. Executing OPT_MERGE pass (detect identical cells).
Finding identical cells in module `\Pip_RV32IM_AHB'.
Computing hashes of 29865 cells of `\Pip_RV32IM_AHB'.
Finding duplicate cells in `\Pip_RV32IM_AHB'.
Computing hashes of 28113 cells of `\Pip_RV32IM_AHB'.
Finding duplicate cells in `\Pip_RV32IM_AHB'.
Computing hashes of 26242 cells of `\Pip_RV32IM_AHB'.
Finding duplicate cells in `\Pip_RV32IM_AHB'.
Computing hashes of 24646 cells of `\Pip_RV32IM_AHB'.
Finding duplicate cells in `\Pip_RV32IM_AHB'.
Computing hashes of 24348 cells of `\Pip_RV32IM_AHB'.
Finding duplicate cells in `\Pip_RV32IM_AHB'.
Computing hashes of 24103 cells of `\Pip_RV32IM_AHB'.
Finding duplicate cells in `\Pip_RV32IM_AHB'.
Computing hashes of 23855 cells of `\Pip_RV32IM_AHB'.
Finding duplicate cells in `\Pip_RV32IM_AHB'.
Computing hashes of 23713 cells of `\Pip_RV32IM_AHB'.
Finding duplicate cells in `\Pip_RV32IM_AHB'.
Computing hashes of 23547 cells of `\Pip_RV32IM_AHB'.
Finding duplicate cells in `\Pip_RV32IM_AHB'.
Computing hashes of 23406 cells of `\Pip_RV32IM_AHB'.
Finding duplicate cells in `\Pip_RV32IM_AHB'.
Computing hashes of 23317 cells of `\Pip_RV32IM_AHB'.
Finding duplicate cells in `\Pip_RV32IM_AHB'.
Computing hashes of 23267 cells of `\Pip_RV32IM_AHB'.
Finding duplicate cells in `\Pip_RV32IM_AHB'.
Computing hashes of 23194 cells of `\Pip_RV32IM_AHB'.
Finding duplicate cells in `\Pip_RV32IM_AHB'.
Computing hashes of 23153 cells of `\Pip_RV32IM_AHB'.
Finding duplicate cells in `\Pip_RV32IM_AHB'.
Computing hashes of 23111 cells of `\Pip_RV32IM_AHB'.
Finding duplicate cells in `\Pip_RV32IM_AHB'.
Computing hashes of 23090 cells of `\Pip_RV32IM_AHB'.
Finding duplicate cells in `\Pip_RV32IM_AHB'.
Computing hashes of 23057 cells of `\Pip_RV32IM_AHB'.
Finding duplicate cells in `\Pip_RV32IM_AHB'.
Computing hashes of 23045 cells of `\Pip_RV32IM_AHB'.
Finding duplicate cells in `\Pip_RV32IM_AHB'.
Computing hashes of 23030 cells of `\Pip_RV32IM_AHB'.
Finding duplicate cells in `\Pip_RV32IM_AHB'.
Computing hashes of 23027 cells of `\Pip_RV32IM_AHB'.
Finding duplicate cells in `\Pip_RV32IM_AHB'.
Computing hashes of 23024 cells of `\Pip_RV32IM_AHB'.
Finding duplicate cells in `\Pip_RV32IM_AHB'.
<suppressed ~20523 debug messages>
Removed a total of 6841 cells.

yosys> opt_dff

48.3. Executing OPT_DFF pass (perform DFF optimizations).

yosys> opt_clean

48.4. Executing OPT_CLEAN pass (remove unused cells and wires).
Finding unused cells or wires in module \Pip_RV32IM_AHB..
Removed 593 unused cells and 8816 unused wires.
<suppressed ~594 debug messages>

48.5. Finished fast OPT passes.

yosys> dfflibmap -liberty /foss/pdks/sky130A/libs.ref/sky130_fd_sc_hd/lib/sky130_fd_sc_hd__tt_025C_1v80.lib

49. Executing DFFLIBMAP pass (mapping DFF cells to sequential cells from liberty file).
  cell sky130_fd_sc_hd__dfxtp_1 (noninv, pins=3, area=20.02) is a direct match for cell type $_DFF_P_.
  cell sky130_fd_sc_hd__dfrtn_1 (noninv, pins=4, area=25.02) is a direct match for cell type $_DFF_NN0_.
  cell sky130_fd_sc_hd__dfrtp_1 (noninv, pins=4, area=25.02) is a direct match for cell type $_DFF_PN0_.
  cell sky130_fd_sc_hd__dfstp_2 (noninv, pins=4, area=26.28) is a direct match for cell type $_DFF_PN1_.
  cell sky130_fd_sc_hd__edfxtp_1 (noninv, pins=4, area=30.03) is a direct match for cell type $_DFFE_PP_.
  cell sky130_fd_sc_hd__dfbbn_1 (noninv, pins=6, area=32.53) is a direct match for cell type $_DFFSR_NNN_.
  cell sky130_fd_sc_hd__dfbbp_1 (noninv, pins=6, area=32.53) is a direct match for cell type $_DFFSR_PNN_.
  final dff cell mappings:
    unmapped dff cell: $_DFF_N_
    \sky130_fd_sc_hd__dfxtp_1 _DFF_P_ (.CLK( C), .D( D), .Q( Q));
    \sky130_fd_sc_hd__dfrtn_1 _DFF_NN0_ (.CLK_N( C), .D( D), .Q( Q), .RESET_B( R));
    unmapped dff cell: $_DFF_NN1_
    unmapped dff cell: $_DFF_NP0_
    unmapped dff cell: $_DFF_NP1_
    \sky130_fd_sc_hd__dfrtp_1 _DFF_PN0_ (.CLK( C), .D( D), .Q( Q), .RESET_B( R));
    \sky130_fd_sc_hd__dfstp_2 _DFF_PN1_ (.CLK( C), .D( D), .Q( Q), .SET_B( R));
    unmapped dff cell: $_DFF_PP0_
    unmapped dff cell: $_DFF_PP1_
    unmapped dff cell: $_DFFE_NN_
    unmapped dff cell: $_DFFE_NP_
    unmapped dff cell: $_DFFE_PN_
    \sky130_fd_sc_hd__edfxtp_1 _DFFE_PP_ (.CLK( C), .D( D), .DE( E), .Q( Q));
    \sky130_fd_sc_hd__dfbbn_1 _DFFSR_NNN_ (.CLK_N( C), .D( D), .Q( Q), .Q_N(~Q), .RESET_B( R), .SET_B( S));
    unmapped dff cell: $_DFFSR_NNP_
    unmapped dff cell: $_DFFSR_NPN_
    unmapped dff cell: $_DFFSR_NPP_
    \sky130_fd_sc_hd__dfbbp_1 _DFFSR_PNN_ (.CLK( C), .D( D), .Q( Q), .Q_N(~Q), .RESET_B( R), .SET_B( S));
    unmapped dff cell: $_DFFSR_PNP_
    unmapped dff cell: $_DFFSR_PPN_
    unmapped dff cell: $_DFFSR_PPP_

yosys> dfflegalize -cell $_DFFE_PP_ 01 -cell $_DFFSR_NNN_ 01 -cell $_DFFSR_PNN_ 01 -cell $_DFF_NN0_ 01 -cell $_DFF_PN0_ 01 -cell $_DFF_PN1_ 01 -cell $_DFF_P_ 01 t:$_DFF* t:$_SDFF*

49.1. Executing DFFLEGALIZE pass (convert FFs to types supported by the target).
<suppressed ~24 debug messages>
Mapping DFF cells in module `\Pip_RV32IM_AHB':
  mapped 1024 $_DFFE_PP_ cells to \sky130_fd_sc_hd__edfxtp_1 cells.
  mapped 1601 $_DFF_P_ cells to \sky130_fd_sc_hd__dfxtp_1 cells.

yosys> abc -dff -liberty /foss/pdks/sky130A/libs.ref/sky130_fd_sc_hd/lib/sky130_fd_sc_hd__tt_025C_1v80.lib -constr syn_sta_rv32im_ahb_core/constraints/synthesis_constraints.sdc

50. Executing ABC pass (technology mapping using ABC).

50.1. Summary of detected clock domains:
  25283 cells in clk={ }, en={ }, arst={ }, srst={ }

50.2. Extracting gate netlist of module `\Pip_RV32IM_AHB' to `<abc-temp-dir>/input.blif'..
No matching clock domain found. Not extracting any FF cells.
Replacing 665 occurrences of constant undef bits with constant zero bits

50.2.1. Executed ABC.
Extracted 22624 gates and 25387 wires to a netlist network with 2760 inputs and 2697 outputs.
Running ABC script: <abc-temp-dir>/abc.script
ABC: UC Berkeley, ABC 1.01 (compiled Apr 16 2026 21:01:18)
ABC: abc 01> empty
ABC: abc 01> source <abc-temp-dir>/abc.script
ABC: + read_blif <abc-temp-dir>/input.blif 
ABC: + read_lib -w /foss/pdks/sky130A/libs.ref/sky130_fd_sc_hd/lib/sky130_fd_sc_hd__tt_025C_1v80.lib 
ABC: Parsing finished successfully.  Parsing time =     0.20 sec
ABC: Scl_LibertyReadGenlib() skipped cell "sky130_fd_sc_hd__decap_12" without logic function.
ABC: Scl_LibertyReadGenlib() skipped cell "sky130_fd_sc_hd__decap_3" without logic function.
ABC: Scl_LibertyReadGenlib() skipped cell "sky130_fd_sc_hd__decap_4" without logic function.
ABC: Scl_LibertyReadGenlib() skipped cell "sky130_fd_sc_hd__decap_6" without logic function.
ABC: Scl_LibertyReadGenlib() skipped cell "sky130_fd_sc_hd__decap_8" without logic function.
ABC: Scl_LibertyReadGenlib() skipped sequential cell "sky130_fd_sc_hd__dfbbn_1".
ABC: Scl_LibertyReadGenlib() skipped sequential cell "sky130_fd_sc_hd__dfbbn_2".
ABC: Scl_LibertyReadGenlib() skipped sequential cell "sky130_fd_sc_hd__dfbbp_1".
ABC: Scl_LibertyReadGenlib() skipped sequential cell "sky130_fd_sc_hd__dfrbp_1".
ABC: Scl_LibertyReadGenlib() skipped sequential cell "sky130_fd_sc_hd__dfrbp_2".
ABC: Scl_LibertyReadGenlib() skipped sequential cell "sky130_fd_sc_hd__dfrtn_1".
ABC: Scl_LibertyReadGenlib() skipped sequential cell "sky130_fd_sc_hd__dfrtp_1".
ABC: Scl_LibertyReadGenlib() skipped sequential cell "sky130_fd_sc_hd__dfrtp_2".
ABC: Scl_LibertyReadGenlib() skipped sequential cell "sky130_fd_sc_hd__dfrtp_4".
ABC: Scl_LibertyReadGenlib() skipped sequential cell "sky130_fd_sc_hd__dfsbp_1".
ABC: Scl_LibertyReadGenlib() skipped sequential cell "sky130_fd_sc_hd__dfsbp_2".
ABC: Scl_LibertyReadGenlib() skipped sequential cell "sky130_fd_sc_hd__dfstp_1".
ABC: Scl_LibertyReadGenlib() skipped sequential cell "sky130_fd_sc_hd__dfstp_2".
ABC: Scl_LibertyReadGenlib() skipped sequential cell "sky130_fd_sc_hd__dfstp_4".
ABC: Scl_LibertyReadGenlib() skipped sequential cell "sky130_fd_sc_hd__dfxbp_1".
ABC: Scl_LibertyReadGenlib() skipped sequential cell "sky130_fd_sc_hd__dfxbp_2".
ABC: Scl_LibertyReadGenlib() skipped sequential cell "sky130_fd_sc_hd__dfxtp_1".
ABC: Scl_LibertyReadGenlib() skipped sequential cell "sky130_fd_sc_hd__dfxtp_2".
ABC: Scl_LibertyReadGenlib() skipped sequential cell "sky130_fd_sc_hd__dfxtp_4".
ABC: Scl_LibertyReadGenlib() skipped cell "sky130_fd_sc_hd__diode_2" without logic function.
ABC: Scl_LibertyReadGenlib() skipped cell "sky130_fd_sc_hd__dlclkp_1" without logic function.
ABC: Scl_LibertyReadGenlib() skipped cell "sky130_fd_sc_hd__dlclkp_2" without logic function.
ABC: Scl_LibertyReadGenlib() skipped cell "sky130_fd_sc_hd__dlclkp_4" without logic function.
ABC: Scl_LibertyReadGenlib() skipped sequential cell "sky130_fd_sc_hd__dlrbn_1".
ABC: Scl_LibertyReadGenlib() skipped sequential cell "sky130_fd_sc_hd__dlrbn_2".
ABC: Scl_LibertyReadGenlib() skipped sequential cell "sky130_fd_sc_hd__dlrbp_1".
ABC: Scl_LibertyReadGenlib() skipped sequential cell "sky130_fd_sc_hd__dlrbp_2".
ABC: Scl_LibertyReadGenlib() skipped sequential cell "sky130_fd_sc_hd__dlrtn_1".
ABC: Scl_LibertyReadGenlib() skipped sequential cell "sky130_fd_sc_hd__dlrtn_2".
ABC: Scl_LibertyReadGenlib() skipped sequential cell "sky130_fd_sc_hd__dlrtn_4".
ABC: Scl_LibertyReadGenlib() skipped sequential cell "sky130_fd_sc_hd__dlrtp_1".
ABC: Scl_LibertyReadGenlib() skipped sequential cell "sky130_fd_sc_hd__dlrtp_2".
ABC: Scl_LibertyReadGenlib() skipped sequential cell "sky130_fd_sc_hd__dlrtp_4".
ABC: Scl_LibertyReadGenlib() skipped sequential cell "sky130_fd_sc_hd__dlxbn_1".
ABC: Scl_LibertyReadGenlib() skipped sequential cell "sky130_fd_sc_hd__dlxbn_2".
ABC: Scl_LibertyReadGenlib() skipped sequential cell "sky130_fd_sc_hd__dlxbp_1".
ABC: Scl_LibertyReadGenlib() skipped sequential cell "sky130_fd_sc_hd__dlxtn_1".
ABC: Scl_LibertyReadGenlib() skipped sequential cell "sky130_fd_sc_hd__dlxtn_2".
ABC: Scl_LibertyReadGenlib() skipped sequential cell "sky130_fd_sc_hd__dlxtn_4".
ABC: Scl_LibertyReadGenlib() skipped sequential cell "sky130_fd_sc_hd__dlxtp_1".
ABC: Scl_LibertyReadGenlib() skipped three-state cell "sky130_fd_sc_hd__ebufn_1".
ABC: Scl_LibertyReadGenlib() skipped three-state cell "sky130_fd_sc_hd__ebufn_2".
ABC: Scl_LibertyReadGenlib() skipped three-state cell "sky130_fd_sc_hd__ebufn_4".
ABC: Scl_LibertyReadGenlib() skipped three-state cell "sky130_fd_sc_hd__ebufn_8".
ABC: Scl_LibertyReadGenlib() skipped sequential cell "sky130_fd_sc_hd__edfxbp_1".
ABC: Scl_LibertyReadGenlib() skipped sequential cell "sky130_fd_sc_hd__edfxtp_1".
ABC: Scl_LibertyReadGenlib() skipped three-state cell "sky130_fd_sc_hd__einvn_0".
ABC: Scl_LibertyReadGenlib() skipped three-state cell "sky130_fd_sc_hd__einvn_1".
ABC: Scl_LibertyReadGenlib() skipped three-state cell "sky130_fd_sc_hd__einvn_2".
ABC: Scl_LibertyReadGenlib() skipped three-state cell "sky130_fd_sc_hd__einvn_4".
ABC: Scl_LibertyReadGenlib() skipped three-state cell "sky130_fd_sc_hd__einvn_8".
ABC: Scl_LibertyReadGenlib() skipped three-state cell "sky130_fd_sc_hd__einvp_1".
ABC: Scl_LibertyReadGenlib() skipped three-state cell "sky130_fd_sc_hd__einvp_2".
ABC: Scl_LibertyReadGenlib() skipped three-state cell "sky130_fd_sc_hd__einvp_4".
ABC: Scl_LibertyReadGenlib() skipped three-state cell "sky130_fd_sc_hd__einvp_8".
ABC: Scl_LibertyReadGenlib() skipped cell "sky130_fd_sc_hd__lpflow_bleeder_1" without logic function.
ABC: Scl_LibertyReadGenlib() skipped cell "sky130_fd_sc_hd__lpflow_decapkapwr_12" without logic function.
ABC: Scl_LibertyReadGenlib() skipped cell "sky130_fd_sc_hd__lpflow_decapkapwr_3" without logic function.
ABC: Scl_LibertyReadGenlib() skipped cell "sky130_fd_sc_hd__lpflow_decapkapwr_4" without logic function.
ABC: Scl_LibertyReadGenlib() skipped cell "sky130_fd_sc_hd__lpflow_decapkapwr_6" without logic function.
ABC: Scl_LibertyReadGenlib() skipped cell "sky130_fd_sc_hd__lpflow_decapkapwr_8" without logic function.
ABC: Scl_LibertyReadGenlib() skipped sequential cell "sky130_fd_sc_hd__lpflow_inputisolatch_1".
ABC: Scl_LibertyReadGenlib() skipped sequential cell "sky130_fd_sc_hd__sdfbbn_1".
ABC: Scl_LibertyReadGenlib() skipped sequential cell "sky130_fd_sc_hd__sdfbbn_2".
ABC: Scl_LibertyReadGenlib() skipped sequential cell "sky130_fd_sc_hd__sdfbbp_1".
ABC: Scl_LibertyReadGenlib() skipped sequential cell "sky130_fd_sc_hd__sdfrbp_1".
ABC: Scl_LibertyReadGenlib() skipped sequential cell "sky130_fd_sc_hd__sdfrbp_2".
ABC: Scl_LibertyReadGenlib() skipped sequential cell "sky130_fd_sc_hd__sdfrtn_1".
ABC: Scl_LibertyReadGenlib() skipped sequential cell "sky130_fd_sc_hd__sdfrtp_1".
ABC: Scl_LibertyReadGenlib() skipped sequential cell "sky130_fd_sc_hd__sdfrtp_2".
ABC: Scl_LibertyReadGenlib() skipped sequential cell "sky130_fd_sc_hd__sdfrtp_4".
ABC: Scl_LibertyReadGenlib() skipped sequential cell "sky130_fd_sc_hd__sdfsbp_1".
ABC: Scl_LibertyReadGenlib() skipped sequential cell "sky130_fd_sc_hd__sdfsbp_2".
ABC: Scl_LibertyReadGenlib() skipped sequential cell "sky130_fd_sc_hd__sdfstp_1".
ABC: Scl_LibertyReadGenlib() skipped sequential cell "sky130_fd_sc_hd__sdfstp_2".
ABC: Scl_LibertyReadGenlib() skipped sequential cell "sky130_fd_sc_hd__sdfstp_4".
ABC: Scl_LibertyReadGenlib() skipped sequential cell "sky130_fd_sc_hd__sdfxbp_1".
ABC: Scl_LibertyReadGenlib() skipped sequential cell "sky130_fd_sc_hd__sdfxbp_2".
ABC: Scl_LibertyReadGenlib() skipped sequential cell "sky130_fd_sc_hd__sdfxtp_1".
ABC: Scl_LibertyReadGenlib() skipped sequential cell "sky130_fd_sc_hd__sdfxtp_2".
ABC: Scl_LibertyReadGenlib() skipped sequential cell "sky130_fd_sc_hd__sdfxtp_4".
ABC: Scl_LibertyReadGenlib() skipped cell "sky130_fd_sc_hd__sdlclkp_1" without logic function.
ABC: Scl_LibertyReadGenlib() skipped cell "sky130_fd_sc_hd__sdlclkp_2" without logic function.
ABC: Scl_LibertyReadGenlib() skipped cell "sky130_fd_sc_hd__sdlclkp_4" without logic function.
ABC: Scl_LibertyReadGenlib() skipped sequential cell "sky130_fd_sc_hd__sedfxbp_1".
ABC: Scl_LibertyReadGenlib() skipped sequential cell "sky130_fd_sc_hd__sedfxbp_2".
ABC: Scl_LibertyReadGenlib() skipped sequential cell "sky130_fd_sc_hd__sedfxtp_1".
ABC: Scl_LibertyReadGenlib() skipped sequential cell "sky130_fd_sc_hd__sedfxtp_2".
ABC: Scl_LibertyReadGenlib() skipped sequential cell "sky130_fd_sc_hd__sedfxtp_4".
ABC: Library "sky130_fd_sc_hd__tt_025C_1v80" from "/foss/pdks/sky130A/libs.ref/sky130_fd_sc_hd/lib/sky130_fd_sc_hd__tt_025C_1v80.lib" has 334 cells (94 skipped: 63 seq; 13 tri-state; 18 no func; 0 dont_use; 0 with 2 outputs; 0 with 3+ outputs).  Time =     0.29 sec
ABC: Memory =   19.85 MB. Time =     0.29 sec
ABC: Warning: Detected 9 multi-output cells (for example, "sky130_fd_sc_hd__fa_1").
ABC: + read_constr -v /foss/designs/CPU/RV32IM_AHB_Core/syn_sta_rv32im_ahb_core/constraints/synthesis_constraints.sdc 
ABC: Unrecognized token "#".
ABC: Unrecognized token "#".
ABC: Unrecognized token "#".
ABC: Unrecognized token "#".
ABC: Unrecognized token "#".
ABC: Unrecognized token "#".
ABC: Unrecognized token "#".
ABC: Unrecognized token "#".
ABC: Unrecognized token "#".
ABC: Unrecognized token "#".
ABC: Unrecognized token "#".
ABC: Unrecognized token "#".
ABC: Unrecognized token "create_clock".
ABC: Unrecognized token "#".
ABC: Unrecognized token "set_clock_uncertainty".
ABC: Unrecognized token "set_clock_uncertainty".
ABC: Unrecognized token "#".
ABC: Unrecognized token "set_clock_transition".
ABC: Unrecognized token "#".
ABC: Unrecognized token "#".
ABC: Unrecognized token "#".
ABC: Unrecognized token "#".
ABC: Unrecognized token "set_false_path".
ABC: Unrecognized token "#".
ABC: Unrecognized token "#".
ABC: Unrecognized token "#".
ABC: Unrecognized token "#".
ABC: Unrecognized token "#".
ABC: Unrecognized token "#".
ABC: Unrecognized token "set_input_delay".
ABC: Unrecognized token "set_input_delay".
ABC: Unrecognized token "set_input_delay".
ABC: Unrecognized token "set_input_delay".
ABC: Unrecognized token "#".
ABC: Unrecognized token "set_input_delay".
ABC: Unrecognized token "set_input_delay".
ABC: Unrecognized token "set_input_delay".
ABC: Unrecognized token "set_input_delay".
ABC: Unrecognized token "set_input_delay".
ABC: Unrecognized token "set_input_delay".
ABC: Unrecognized token "#".
ABC: Unrecognized token "#".
ABC: Unrecognized token "#".
ABC: Unrecognized token "set_input_delay".
ABC: Unrecognized token "set_input_delay".
ABC: Unrecognized token "set_input_delay".
ABC: Unrecognized token "set_input_delay".
ABC: Unrecognized token "set_input_delay".
ABC: Unrecognized token "set_input_delay".
ABC: Unrecognized token "#".
ABC: Unrecognized token "#".
ABC: Unrecognized token "#".
ABC: Unrecognized token "#".
ABC: Unrecognized token "set_input_delay".
ABC: Unrecognized token "set_input_delay".
ABC: Unrecognized token "#".
ABC: Unrecognized token "#".
ABC: Unrecognized token "#".
ABC: Unrecognized token "#".
ABC: Unrecognized token "#".
ABC: Unrecognized token "#".
ABC: Unrecognized token "set_output_delay".
ABC: Unrecognized token "set_output_delay".
ABC: Unrecognized token "#".
ABC: Unrecognized token "set_output_delay".
ABC: Unrecognized token "set_output_delay".
ABC: Unrecognized token "set_output_delay".
ABC: Unrecognized token "set_output_delay".
ABC: Unrecognized token "set_output_delay".
ABC: Unrecognized token "set_output_delay".
ABC: Unrecognized token "set_output_delay".
ABC: Unrecognized token "set_output_delay".
ABC: Unrecognized token "#".
ABC: Unrecognized token "set_output_delay".
ABC: Unrecognized token "set_output_delay".
ABC: Unrecognized token "set_output_delay".
ABC: Unrecognized token "set_output_delay".
ABC: Unrecognized token "#".
ABC: Unrecognized token "#".
ABC: Unrecognized token "#".
ABC: Unrecognized token "#".
ABC: Setting driving cell to be "-lib_cell".
ABC: Unrecognized token "#".
ABC: Unrecognized token "#".
ABC: Setting output load to be 0.000000.
ABC: Unrecognized token "#".
ABC: Unrecognized token "#".
ABC: Unrecognized token "#".
ABC: Unrecognized token "set_max_fanout".
ABC: Unrecognized token "#".
ABC: Unrecognized token "#".
ABC: Unrecognized token "#".
ABC: Unrecognized token "#".
ABC: Unrecognized token "set_max_transition".
ABC: Unrecognized token "#".
ABC: Unrecognized token "#".
ABC: Unrecognized token "#".
ABC: Unrecognized token "set_max_capacitance".
ABC: Unrecognized token "#".
ABC: Unrecognized token "#".
ABC: Unrecognized token "#".
ABC: Unrecognized token "#".
ABC: Unrecognized token "#".
ABC: Unrecognized token "#".
ABC: Unrecognized token "#".
ABC: Unrecognized token "#".
ABC: Unrecognized token "#".
ABC: Unrecognized token "#".
ABC: Unrecognized token "#".
ABC: Unrecognized token "#".
ABC: Unrecognized token "#".
ABC: Unrecognized token "#".
ABC: Unrecognized token "#".
ABC: Unrecognized token "#".
ABC: Unrecognized token "#".
ABC: Unrecognized token "#".
ABC: Unrecognized token "#".
ABC: Unrecognized token "#".
ABC: Unrecognized token "#".
ABC: Unrecognized token "#".
ABC: Unrecognized token "#".
ABC: Unrecognized token "#".
ABC: Unrecognized token "#".
ABC: Unrecognized token "#".
ABC: Unrecognized token "#".
ABC: Unrecognized token "#".
ABC: Unrecognized token "#".
ABC: Unrecognized token "#".
ABC: Unrecognized token "#".
ABC: Unrecognized token "#".
ABC: Unrecognized token "#".
ABC: Unrecognized token "#".
ABC: Unrecognized token "#".
ABC: Unrecognized token "#".
ABC: Unrecognized token "#".
ABC: Unrecognized token "#".
ABC: Unrecognized token "#".
ABC: Unrecognized token "#".
ABC: Unrecognized token "#".
ABC: Unrecognized token "#".
ABC: Unrecognized token "#".
ABC: Unrecognized token "#".
ABC: Unrecognized token "#".
ABC: Unrecognized token "#".
ABC: Unrecognized token "#".
ABC: Unrecognized token "#".
ABC: Unrecognized token "#".
ABC: Unrecognized token "#".
ABC: Unrecognized token "#".
ABC: Unrecognized token "#".
ABC: + strash 
ABC: + &get -n 
ABC: + &fraig -x 
ABC: + &put 
ABC: + scorr 
ABC: Warning: The network is combinational (run "fraig" or "fraig_sweep").
ABC: + dc2 
ABC: + dretime 
ABC: + strash 
ABC: + &get -n 
ABC: + &dch -f 
ABC: + &nf 
ABC: + &put 
ABC: + buffer 
ABC: Cannot find the default PI driving cell (-lib_cell) in the library.
ABC: + upsize 
ABC: Cannot find the default PI driving cell (-lib_cell) in the library.
ABC: + dnsize 
ABC: Cannot find the default PI driving cell (-lib_cell) in the library.
ABC: + stime -p 
ABC: Cannot find the default PI driving cell (-lib_cell) in the library.
ABC: WireLoad = "none"  Gates =  20528 ( 10.1 %)   Cap =  5.4 ff (  3.9 %)   Area =   113851.69 ( 84.8 %)   Delay = 11713.78 ps  (  6.2 %)               
ABC: Path  0 --    1980 : 0   10 pi                        A =   0.00  Df =   0.0   -0.0 ps  S =   0.0 ps  Cin =  0.0 ff  Cout =  28.7 ff  Cmax =   0.0 ff  G =    0  
ABC: Path  1 --    5586 : 4   10 sky130_fd_sc_hd__nor4b_4  A =  23.77  Df = 480.8 -341.0 ps  S = 498.8 ps  Cin =  7.0 ff  Cout =  30.4 ff  Cmax = 113.5 ff  G =  421  
ABC: Path  2 --    5892 : 4    8 sky130_fd_sc_hd__o211ai_4 A =  21.27  Df = 658.2 -119.8 ps  S = 233.1 ps  Cin =  8.8 ff  Cout =  20.3 ff  Cmax = 215.2 ff  G =  216  
ABC: Path  3 --    6846 : 5    2 sky130_fd_sc_hd__o2111a_1 A =  11.26  Df = 925.1 -177.9 ps  S =  63.7 ps  Cin =  2.4 ff  Cout =   4.0 ff  Cmax = 161.1 ff  G =  163  
ABC: Path  4 --    6853 : 4    2 sky130_fd_sc_hd__and4_1   A =   8.76  Df =1257.4 -129.8 ps  S =  77.3 ps  Cin =  1.5 ff  Cout =   4.9 ff  Cmax = 161.1 ff  G =  303  
ABC: Path  5 --    6854 : 4    2 sky130_fd_sc_hd__o211a_1  A =  10.01  Df =1400.7  -68.1 ps  S =  56.2 ps  Cin =  2.3 ff  Cout =   4.1 ff  Cmax = 183.1 ff  G =  164  
ABC: Path  6 --    6856 : 4    1 sky130_fd_sc_hd__o31a_1   A =   8.76  Df =1609.0  -70.2 ps  S =  67.0 ps  Cin =  2.4 ff  Cout =   4.6 ff  Cmax = 149.2 ff  G =  182  
ABC: Path  7 --    6857 : 5    5 sky130_fd_sc_hd__a32oi_2  A =  16.27  Df =1887.7 -259.3 ps  S = 303.6 ps  Cin =  4.3 ff  Cout =  17.5 ff  Cmax = 155.7 ff  G =  384  
ABC: Path  8 --    8828 : 3    8 sky130_fd_sc_hd__mux2i_4  A =  22.52  Df =2055.6 -141.3 ps  S = 291.2 ps  Cin =  9.2 ff  Cout =  28.4 ff  Cmax = 190.4 ff  G =  291  
ABC: Path  9 --   14773 : 4    2 sky130_fd_sc_hd__nor4_2   A =  12.51  Df =2351.5 -197.4 ps  S = 276.0 ps  Cin =  4.3 ff  Cout =   7.1 ff  Cmax =  64.1 ff  G =  155  
ABC: Path 10 --   14775 : 2    2 sky130_fd_sc_hd__nor2_2   A =   6.26  Df =2450.2  -53.3 ps  S = 144.5 ps  Cin =  4.4 ff  Cout =  10.9 ff  Cmax = 141.9 ff  G =  239  
ABC: Path 11 --   14782 : 2    2 sky130_fd_sc_hd__xnor2_2  A =  16.27  Df =2612.6  -39.4 ps  S = 158.3 ps  Cin =  8.5 ff  Cout =   7.8 ff  Cmax = 121.8 ff  G =   89  
ABC: Path 12 --   14783 : 3    2 sky130_fd_sc_hd__maj3_1   A =  10.01  Df =2975.9 -114.3 ps  S = 126.1 ps  Cin =  2.8 ff  Cout =  10.9 ff  Cmax = 155.7 ff  G =  376  
ABC: Path 13 --   14785 : 2    3 sky130_fd_sc_hd__xor2_2   A =  16.27  Df =3187.5  -80.2 ps  S = 199.9 ps  Cin =  8.6 ff  Cout =  12.6 ff  Cmax = 130.0 ff  G =  142  
ABC: Path 14 --   14832 : 3    2 sky130_fd_sc_hd__xnor3_1  A =  22.52  Df =3504.1  -23.6 ps  S =  80.0 ps  Cin =  3.7 ff  Cout =   5.1 ff  Cmax = 154.7 ff  G =  127  
ABC: Path 15 --   14833 : 3    5 sky130_fd_sc_hd__nand3_1  A =   5.00  Df =3664.1  -35.5 ps  S = 165.1 ps  Cin =  2.4 ff  Cout =  13.5 ff  Cmax = 146.5 ff  G =  553  
ABC: Path 16 --   14903 : 2    1 sky130_fd_sc_hd__nand2_1  A =   3.75  Df =3759.1   -7.4 ps  S =  75.5 ps  Cin =  2.3 ff  Cout =   5.4 ff  Cmax = 166.6 ff  G =  227  
ABC: Path 17 --   14904 : 3    2 sky130_fd_sc_hd__xnor3_1  A =  22.52  Df =4119.9  -62.7 ps  S =  97.5 ps  Cin =  3.7 ff  Cout =   7.0 ff  Cmax = 154.7 ff  G =  178  
ABC: Path 18 --   14915 : 2    2 sky130_fd_sc_hd__xor2_1   A =   8.76  Df =4303.7   -2.2 ps  S = 248.9 ps  Cin =  4.4 ff  Cout =  10.1 ff  Cmax =  76.9 ff  G =  225  
ABC: Path 19 --   14984 : 3    2 sky130_fd_sc_hd__xnor3_1  A =  22.52  Df =4734.8 -118.7 ps  S =  98.1 ps  Cin =  3.7 ff  Cout =   7.1 ff  Cmax = 154.7 ff  G =  179  
ABC: Path 20 --   14985 : 3    3 sky130_fd_sc_hd__a21oi_2  A =   8.76  Df =4889.6 -115.1 ps  S = 143.1 ps  Cin =  4.6 ff  Cout =   8.7 ff  Cmax = 128.2 ff  G =  179  
ABC: Path 21 --   14987 : 3    3 sky130_fd_sc_hd__o21ai_2  A =   8.76  Df =4974.4  -24.5 ps  S = 157.4 ps  Cin =  4.5 ff  Cout =   9.9 ff  Cmax = 139.2 ff  G =  208  
ABC: Path 22 --   14989 : 3    3 sky130_fd_sc_hd__a21oi_2  A =   8.76  Df =5161.2 -119.6 ps  S = 153.6 ps  Cin =  4.6 ff  Cout =   9.7 ff  Cmax = 128.2 ff  G =  200  
ABC: Path 23 --   14991 : 3    3 sky130_fd_sc_hd__o21bai_2 A =  11.26  Df =5397.2 -143.0 ps  S = 162.1 ps  Cin =  3.4 ff  Cout =  10.0 ff  Cmax = 140.1 ff  G =  282  
ABC: Path 24 --   14993 : 3    3 sky130_fd_sc_hd__a21oi_2  A =   8.76  Df =5481.8  -62.3 ps  S = 125.9 ps  Cin =  4.6 ff  Cout =   7.0 ff  Cmax = 128.2 ff  G =  145  
ABC: Path 25 --   14996 : 3    3 sky130_fd_sc_hd__o21a_2   A =   8.76  Df =5685.9 -122.2 ps  S =  53.0 ps  Cin =  2.4 ff  Cout =   6.9 ff  Cmax = 294.8 ff  G =  274  
ABC: Path 26 --   14998 : 3    3 sky130_fd_sc_hd__o21ai_1  A =   5.00  Df =5856.4 -218.2 ps  S = 181.4 ps  Cin =  2.3 ff  Cout =   7.4 ff  Cmax =  80.6 ff  G =  309  
ABC: Path 27 --   15000 : 3    3 sky130_fd_sc_hd__a21o_1   A =   7.51  Df =6039.7 -185.3 ps  S =  96.9 ps  Cin =  2.4 ff  Cout =   9.9 ff  Cmax = 177.6 ff  G =  400  
ABC: Path 28 --   15002 : 3    3 sky130_fd_sc_hd__a21oi_2  A =   8.76  Df =6117.0  -81.0 ps  S = 153.6 ps  Cin =  4.6 ff  Cout =   9.7 ff  Cmax = 128.2 ff  G =  199  
ABC: Path 29 --   15004 : 3    3 sky130_fd_sc_hd__o21ai_2  A =   8.76  Df =6270.8 -150.7 ps  S = 148.9 ps  Cin =  4.5 ff  Cout =   9.1 ff  Cmax = 139.2 ff  G =  191  
ABC: Path 30 --   15006 : 3    3 sky130_fd_sc_hd__a21oi_2  A =   8.76  Df =6360.7  -53.3 ps  S = 154.1 ps  Cin =  4.6 ff  Cout =   9.7 ff  Cmax = 128.2 ff  G =  200  
ABC: Path 31 --   15008 : 3    3 sky130_fd_sc_hd__o21bai_2 A =  11.26  Df =6511.8 -113.5 ps  S = 152.2 ps  Cin =  3.4 ff  Cout =   9.1 ff  Cmax = 140.1 ff  G =  257  
ABC: Path 32 --   15011 : 3    3 sky130_fd_sc_hd__a21oi_2  A =   8.76  Df =6593.6  -33.3 ps  S = 123.0 ps  Cin =  4.6 ff  Cout =   6.8 ff  Cmax = 128.2 ff  G =  139  
ABC: Path 33 --   15014 : 3    3 sky130_fd_sc_hd__o21ai_1  A =   5.00  Df =6801.6 -133.8 ps  S = 229.1 ps  Cin =  2.3 ff  Cout =  10.1 ff  Cmax =  80.6 ff  G =  421  
ABC: Path 34 --   15016 : 3    4 sky130_fd_sc_hd__a21oi_2  A =   8.76  Df =6909.2  -38.8 ps  S = 161.8 ps  Cin =  4.6 ff  Cout =  10.5 ff  Cmax = 128.2 ff  G =  215  
ABC: Path 35 --   15075 : 4    2 sky130_fd_sc_hd__o211ai_2 A =  12.51  Df =7084.4 -109.9 ps  S = 156.9 ps  Cin =  4.4 ff  Cout =   7.1 ff  Cmax = 133.7 ff  G =  156  
ABC: Path 36 --   15082 : 3    3 sky130_fd_sc_hd__a21oi_2  A =   8.76  Df =7166.7  -27.2 ps  S = 130.2 ps  Cin =  4.6 ff  Cout =   7.5 ff  Cmax = 128.2 ff  G =  154  
ABC: Path 37 --   15084 : 3    3 sky130_fd_sc_hd__o21bai_1 A =   7.51  Df =7365.9 -120.2 ps  S = 211.9 ps  Cin =  2.1 ff  Cout =   8.5 ff  Cmax =  77.8 ff  G =  384  
ABC: Path 38 --   15100 : 4    2 sky130_fd_sc_hd__a211oi_2 A =  12.51  Df =7486.8  -16.7 ps  S = 177.6 ps  Cin =  4.4 ff  Cout =   5.0 ff  Cmax =  88.8 ff  G =  108  
ABC: Path 39 --   15104 : 3    3 sky130_fd_sc_hd__o21a_2   A =   8.76  Df =7702.7  -31.3 ps  S =  66.3 ps  Cin =  2.4 ff  Cout =   9.7 ff  Cmax = 294.8 ff  G =  383  
ABC: Path 40 --   15105 : 3    3 sky130_fd_sc_hd__nor3_2   A =  10.01  Df =7921.7 -194.3 ps  S = 279.7 ps  Cin =  4.4 ff  Cout =  13.7 ff  Cmax =  92.5 ff  G =  291  
ABC: Path 41 --   15107 : 4    2 sky130_fd_sc_hd__o31ai_4  A =  21.27  Df =8014.3  -82.4 ps  S = 215.7 ps  Cin =  8.6 ff  Cout =   9.5 ff  Cmax = 144.7 ff  G =  106  
ABC: Path 42 --   15108 : 3    3 sky130_fd_sc_hd__a21boi_2 A =  11.26  Df =8219.9 -181.0 ps  S = 167.6 ps  Cin =  3.6 ff  Cout =  11.1 ff  Cmax = 129.1 ff  G =  295  
ABC: Path 43 --   15111 : 4    3 sky130_fd_sc_hd__o211ai_2 A =  12.51  Df =8325.4 -114.8 ps  S = 159.2 ps  Cin =  4.4 ff  Cout =   7.3 ff  Cmax = 133.7 ff  G =  160  
ABC: Path 44 --   15114 : 4    2 sky130_fd_sc_hd__a31oi_1  A =   6.26  Df =8602.0 -249.5 ps  S = 260.9 ps  Cin =  2.3 ff  Cout =   9.2 ff  Cmax =  65.9 ff  G =  375  
ABC: Path 45 --   15116 : 3    3 sky130_fd_sc_hd__o21bai_2 A =  11.26  Df =8709.4 -180.5 ps  S = 154.6 ps  Cin =  3.4 ff  Cout =   9.3 ff  Cmax = 140.1 ff  G =  262  
ABC: Path 46 --   15117 : 3    2 sky130_fd_sc_hd__a21oi_2  A =   8.76  Df =8894.2 -274.2 ps  S = 150.4 ps  Cin =  4.6 ff  Cout =   9.4 ff  Cmax = 128.2 ff  G =  196  
ABC: Path 47 --   15118 : 3    2 sky130_fd_sc_hd__o21ai_2  A =   8.76  Df =8979.1 -199.8 ps  S = 153.8 ps  Cin =  4.5 ff  Cout =   9.5 ff  Cmax = 139.2 ff  G =  201  
ABC: Path 48 --   15119 : 3    2 sky130_fd_sc_hd__a21boi_2 A =  11.26  Df =9156.1 -286.6 ps  S = 149.0 ps  Cin =  3.6 ff  Cout =   9.4 ff  Cmax = 129.1 ff  G =  249  
ABC: Path 49 --   15121 : 3    3 sky130_fd_sc_hd__o21ai_2  A =   8.76  Df =9240.6 -211.0 ps  S = 152.7 ps  Cin =  4.5 ff  Cout =   9.4 ff  Cmax = 139.2 ff  G =  199  
ABC: Path 50 --   15160 : 3    2 sky130_fd_sc_hd__nand3_1  A =   5.00  Df =9358.5 -206.0 ps  S = 106.5 ps  Cin =  2.4 ff  Cout =   7.1 ff  Cmax = 146.5 ff  G =  290  
ABC: Path 51 --   15168 : 3    3 sky130_fd_sc_hd__a21oi_2  A =   8.76  Df =9434.4  -94.0 ps  S = 153.6 ps  Cin =  4.6 ff  Cout =   9.7 ff  Cmax = 128.2 ff  G =  199  
ABC: Path 52 --   15170 : 3    3 sky130_fd_sc_hd__o21ai_2  A =   8.76  Df =9591.0 -164.0 ps  S = 157.6 ps  Cin =  4.5 ff  Cout =   9.9 ff  Cmax = 139.2 ff  G =  209  
ABC: Path 53 --   15173 : 3    3 sky130_fd_sc_hd__a21oi_2  A =   8.76  Df =9682.5  -68.6 ps  S = 153.6 ps  Cin =  4.6 ff  Cout =   9.7 ff  Cmax = 128.2 ff  G =  199  
ABC: Path 54 --   15176 : 3    3 sky130_fd_sc_hd__o21ai_2  A =   8.76  Df =9840.5 -140.1 ps  S = 157.6 ps  Cin =  4.5 ff  Cout =   9.9 ff  Cmax = 139.2 ff  G =  209  
ABC: Path 55 --   15178 : 3    3 sky130_fd_sc_hd__a21oi_2  A =   8.76  Df =9922.7  -62.2 ps  S = 119.8 ps  Cin =  4.6 ff  Cout =   6.5 ff  Cmax = 128.2 ff  G =  134  
ABC: Path 56 --   15182 : 5    3 sky130_fd_sc_hd__o311ai_1 A =   8.76  Df =10234.3 -256.9 ps  S = 330.8 ps  Cin =  2.4 ff  Cout =   6.4 ff  Cmax =  45.8 ff  G =  259  
ABC: Path 57 --   15184 : 3    3 sky130_fd_sc_hd__a21o_1   A =   7.51  Df =10429.4 -237.6 ps  S =  76.7 ps  Cin =  2.4 ff  Cout =   7.3 ff  Cmax = 177.6 ff  G =  295  
ABC: Path 58 --   15187 : 3    3 sky130_fd_sc_hd__a21o_1   A =   7.51  Df =10569.8 -184.9 ps  S =  74.9 ps  Cin =  2.4 ff  Cout =   7.3 ff  Cmax = 177.6 ff  G =  295  
ABC: Path 59 --   15190 : 3    3 sky130_fd_sc_hd__a21o_1   A =   7.51  Df =10709.6 -131.9 ps  S =  76.2 ps  Cin =  2.4 ff  Cout =   7.2 ff  Cmax = 177.6 ff  G =  293  
ABC: Path 60 --   15193 : 3    3 sky130_fd_sc_hd__a21o_1   A =   7.51  Df =10865.8  -84.4 ps  S =  97.3 ps  Cin =  2.4 ff  Cout =   9.9 ff  Cmax = 177.6 ff  G =  398  
ABC: Path 61 --   15196 : 3    3 sky130_fd_sc_hd__a21oi_2  A =   8.76  Df =10940.5   -4.3 ps  S = 123.3 ps  Cin =  4.6 ff  Cout =   6.8 ff  Cmax = 128.2 ff  G =  141  
ABC: Path 62 --   15199 : 3    3 sky130_fd_sc_hd__o21ai_1  A =   5.00  Df =11120.2  -84.2 ps  S = 179.5 ps  Cin =  2.3 ff  Cout =   7.3 ff  Cmax =  80.6 ff  G =  308  
ABC: Path 63 --   15201 : 3    3 sky130_fd_sc_hd__a21o_1   A =   7.51  Df =11286.7  -46.6 ps  S =  76.1 ps  Cin =  2.4 ff  Cout =   7.3 ff  Cmax = 177.6 ff  G =  295  
ABC: Path 64 --   15203 : 3    3 sky130_fd_sc_hd__a21o_1   A =   7.51  Df =11433.1   -6.0 ps  S =  75.0 ps  Cin =  2.4 ff  Cout =   7.3 ff  Cmax = 177.6 ff  G =  295  
ABC: Path 65 --   15244 : 3    1 sky130_fd_sc_hd__a21o_1   A =   7.51  Df =11603.3  -66.6 ps  S =  36.5 ps  Cin =  2.4 ff  Cout =   2.5 ff  Cmax = 177.6 ff  G =  100  
ABC: Path 66 --   15248 : 3    1 sky130_fd_sc_hd__nand3_1  A =   5.00  Df =11670.0  -72.3 ps  S =  69.9 ps  Cin =  2.4 ff  Cout =   2.4 ff  Cmax = 146.5 ff  G =  100  
ABC: Path 67 --   15262 : 3    1 sky130_fd_sc_hd__a21oi_1  A =   5.00  Df =11713.8  -30.1 ps  S =  53.5 ps  Cin =  2.3 ff  Cout =   0.0 ff  Cmax =  74.2 ff  G =    0  
ABC: Start-point = pi1979 (\reg_m_w.CSR_Addr_Out [0]).  End-point = po115 ($auto$rtlil.cc:3501:MuxGate$67794).
ABC: + write_blif <abc-temp-dir>/output.blif 
ABC: 
ABC: YOSYS_ABC_DONE 

50.2.2. Re-integrating ABC results.
ABC RESULTS:          _const0_ cells:       32
ABC RESULTS:   sky130_fd_sc_hd__a2111oi_0 cells:        6
ABC RESULTS:   sky130_fd_sc_hd__a2111oi_1 cells:        1
ABC RESULTS:   sky130_fd_sc_hd__a211o_1 cells:        2
ABC RESULTS:   sky130_fd_sc_hd__a211oi_1 cells:      193
ABC RESULTS:   sky130_fd_sc_hd__a211oi_2 cells:        2
ABC RESULTS:   sky130_fd_sc_hd__a21bo_2 cells:        2
ABC RESULTS:   sky130_fd_sc_hd__a21boi_0 cells:       20
ABC RESULTS:   sky130_fd_sc_hd__a21boi_1 cells:        7
ABC RESULTS:   sky130_fd_sc_hd__a21boi_2 cells:        4
ABC RESULTS:   sky130_fd_sc_hd__a21boi_4 cells:        1
ABC RESULTS:   sky130_fd_sc_hd__a21o_1 cells:       61
ABC RESULTS:   sky130_fd_sc_hd__a21oi_1 cells:     2404
ABC RESULTS:   sky130_fd_sc_hd__a21oi_2 cells:       14
ABC RESULTS:   sky130_fd_sc_hd__a221o_1 cells:       17
ABC RESULTS:   sky130_fd_sc_hd__a221oi_1 cells:      171
ABC RESULTS:   sky130_fd_sc_hd__a221oi_2 cells:        4
ABC RESULTS:   sky130_fd_sc_hd__a222oi_1 cells:      119
ABC RESULTS:   sky130_fd_sc_hd__a22o_1 cells:       38
ABC RESULTS:   sky130_fd_sc_hd__a22oi_1 cells:      315
ABC RESULTS:   sky130_fd_sc_hd__a2bb2oi_1 cells:       13
ABC RESULTS:   sky130_fd_sc_hd__a311o_1 cells:        1
ABC RESULTS:   sky130_fd_sc_hd__a311oi_1 cells:        9
ABC RESULTS:   sky130_fd_sc_hd__a31o_1 cells:        1
ABC RESULTS:   sky130_fd_sc_hd__a31o_2 cells:       23
ABC RESULTS:   sky130_fd_sc_hd__a31oi_1 cells:      306
ABC RESULTS:   sky130_fd_sc_hd__a31oi_4 cells:        1
ABC RESULTS:   sky130_fd_sc_hd__a32o_1 cells:       17
ABC RESULTS:   sky130_fd_sc_hd__a32oi_1 cells:       24
ABC RESULTS:   sky130_fd_sc_hd__a32oi_2 cells:        2
ABC RESULTS:   sky130_fd_sc_hd__a32oi_4 cells:        1
ABC RESULTS:   sky130_fd_sc_hd__a41o_1 cells:        2
ABC RESULTS:   sky130_fd_sc_hd__a41oi_1 cells:        3
ABC RESULTS:   sky130_fd_sc_hd__and2_0 cells:       20
ABC RESULTS:   sky130_fd_sc_hd__and2_1 cells:        2
ABC RESULTS:   sky130_fd_sc_hd__and3_1 cells:      124
ABC RESULTS:   sky130_fd_sc_hd__and3b_1 cells:       13
ABC RESULTS:   sky130_fd_sc_hd__and4_1 cells:       63
ABC RESULTS:   sky130_fd_sc_hd__and4b_1 cells:        2
ABC RESULTS:   sky130_fd_sc_hd__and4bb_2 cells:        1
ABC RESULTS:   sky130_fd_sc_hd__and4bb_4 cells:        1
ABC RESULTS:   sky130_fd_sc_hd__buf_1 cells:       29
ABC RESULTS:   sky130_fd_sc_hd__buf_2 cells:       49
ABC RESULTS:   sky130_fd_sc_hd__buf_4 cells:        9
ABC RESULTS:   sky130_fd_sc_hd__buf_6 cells:        3
ABC RESULTS:   sky130_fd_sc_hd__clkbuf_1 cells:      867
ABC RESULTS:   sky130_fd_sc_hd__clkinv_1 cells:        1
ABC RESULTS:   sky130_fd_sc_hd__inv_1 cells:      451
ABC RESULTS:   sky130_fd_sc_hd__inv_2 cells:       24
ABC RESULTS:   sky130_fd_sc_hd__lpflow_clkbufkapwr_1 cells:      622
ABC RESULTS:   sky130_fd_sc_hd__lpflow_clkinvkapwr_1 cells:       13
ABC RESULTS:   sky130_fd_sc_hd__lpflow_inputiso0n_1 cells:       98
ABC RESULTS:   sky130_fd_sc_hd__lpflow_inputiso0p_1 cells:        1
ABC RESULTS:   sky130_fd_sc_hd__lpflow_inputiso1p_1 cells:        2
ABC RESULTS:   sky130_fd_sc_hd__lpflow_isobufsrc_1 cells:      364
ABC RESULTS:   sky130_fd_sc_hd__maj3_1 cells:      427
ABC RESULTS:   sky130_fd_sc_hd__maj3_2 cells:        3
ABC RESULTS:   sky130_fd_sc_hd__mux2_1 cells:        1
ABC RESULTS:   sky130_fd_sc_hd__mux2_2 cells:       15
ABC RESULTS:   sky130_fd_sc_hd__mux2i_1 cells:      105
ABC RESULTS:   sky130_fd_sc_hd__mux2i_2 cells:        2
ABC RESULTS:   sky130_fd_sc_hd__mux2i_4 cells:        2
ABC RESULTS:   sky130_fd_sc_hd__mux4_2 cells:       38
ABC RESULTS:   sky130_fd_sc_hd__nand2_1 cells:     2998
ABC RESULTS:   sky130_fd_sc_hd__nand2_2 cells:        1
ABC RESULTS:   sky130_fd_sc_hd__nand2b_1 cells:      163
ABC RESULTS:   sky130_fd_sc_hd__nand3_1 cells:      291
ABC RESULTS:   sky130_fd_sc_hd__nand3_2 cells:        1
ABC RESULTS:   sky130_fd_sc_hd__nand3b_1 cells:        7
ABC RESULTS:   sky130_fd_sc_hd__nand4_1 cells:      141
ABC RESULTS:   sky130_fd_sc_hd__nand4b_1 cells:        3
ABC RESULTS:   sky130_fd_sc_hd__nor2_1 cells:     3677
ABC RESULTS:   sky130_fd_sc_hd__nor2_2 cells:        9
ABC RESULTS:   sky130_fd_sc_hd__nor2b_1 cells:       45
ABC RESULTS:   sky130_fd_sc_hd__nor3_1 cells:      453
ABC RESULTS:   sky130_fd_sc_hd__nor3_2 cells:        4
ABC RESULTS:   sky130_fd_sc_hd__nor3b_1 cells:       12
ABC RESULTS:   sky130_fd_sc_hd__nor3b_2 cells:        2
ABC RESULTS:   sky130_fd_sc_hd__nor4_1 cells:       41
ABC RESULTS:   sky130_fd_sc_hd__nor4_2 cells:        8
ABC RESULTS:   sky130_fd_sc_hd__nor4b_1 cells:        7
ABC RESULTS:   sky130_fd_sc_hd__nor4b_2 cells:        2
ABC RESULTS:   sky130_fd_sc_hd__nor4b_4 cells:        3
ABC RESULTS:   sky130_fd_sc_hd__nor4bb_1 cells:        5
ABC RESULTS:   sky130_fd_sc_hd__o2111a_1 cells:        4
ABC RESULTS:   sky130_fd_sc_hd__o2111ai_1 cells:       42
ABC RESULTS:   sky130_fd_sc_hd__o211a_1 cells:       11
ABC RESULTS:   sky130_fd_sc_hd__o211a_2 cells:        1
ABC RESULTS:   sky130_fd_sc_hd__o211ai_1 cells:       51
ABC RESULTS:   sky130_fd_sc_hd__o211ai_2 cells:        2
ABC RESULTS:   sky130_fd_sc_hd__o211ai_4 cells:        1
ABC RESULTS:   sky130_fd_sc_hd__o21a_1 cells:       90
ABC RESULTS:   sky130_fd_sc_hd__o21a_2 cells:        4
ABC RESULTS:   sky130_fd_sc_hd__o21ai_0 cells:     1668
ABC RESULTS:   sky130_fd_sc_hd__o21ai_1 cells:       37
ABC RESULTS:   sky130_fd_sc_hd__o21ai_2 cells:        8
ABC RESULTS:   sky130_fd_sc_hd__o21ba_1 cells:        1
ABC RESULTS:   sky130_fd_sc_hd__o21ba_2 cells:        6
ABC RESULTS:   sky130_fd_sc_hd__o21bai_1 cells:       19
ABC RESULTS:   sky130_fd_sc_hd__o21bai_2 cells:        3
ABC RESULTS:   sky130_fd_sc_hd__o221a_2 cells:        6
ABC RESULTS:   sky130_fd_sc_hd__o221ai_1 cells:      114
ABC RESULTS:   sky130_fd_sc_hd__o22a_1 cells:       87
ABC RESULTS:   sky130_fd_sc_hd__o22ai_1 cells:      528
ABC RESULTS:   sky130_fd_sc_hd__o2bb2ai_1 cells:        2
ABC RESULTS:   sky130_fd_sc_hd__o311ai_0 cells:        5
ABC RESULTS:   sky130_fd_sc_hd__o311ai_1 cells:        1
ABC RESULTS:   sky130_fd_sc_hd__o31a_1 cells:       13
ABC RESULTS:   sky130_fd_sc_hd__o31a_2 cells:        1
ABC RESULTS:   sky130_fd_sc_hd__o31ai_1 cells:       38
ABC RESULTS:   sky130_fd_sc_hd__o31ai_4 cells:        1
ABC RESULTS:   sky130_fd_sc_hd__o32a_1 cells:       37
ABC RESULTS:   sky130_fd_sc_hd__o32ai_1 cells:       36
ABC RESULTS:   sky130_fd_sc_hd__o41ai_1 cells:        1
ABC RESULTS:   sky130_fd_sc_hd__or2_1 cells:        5
ABC RESULTS:   sky130_fd_sc_hd__or2_2 cells:       98
ABC RESULTS:   sky130_fd_sc_hd__or3_1 cells:       94
ABC RESULTS:   sky130_fd_sc_hd__or3b_1 cells:        1
ABC RESULTS:   sky130_fd_sc_hd__or3b_2 cells:        3
ABC RESULTS:   sky130_fd_sc_hd__or4_1 cells:        7
ABC RESULTS:   sky130_fd_sc_hd__or4b_2 cells:        4
ABC RESULTS:   sky130_fd_sc_hd__xnor2_1 cells:     1589
ABC RESULTS:   sky130_fd_sc_hd__xnor2_2 cells:        8
ABC RESULTS:   sky130_fd_sc_hd__xnor3_1 cells:       24
ABC RESULTS:   sky130_fd_sc_hd__xor2_1 cells:      827
ABC RESULTS:   sky130_fd_sc_hd__xor2_2 cells:        4
ABC RESULTS:   sky130_fd_sc_hd__xor3_1 cells:        5
ABC RESULTS:        internal signals:    19930
ABC RESULTS:           input signals:     2760
ABC RESULTS:          output signals:     2697
Removing temp directory.
Removing global temp directory.

yosys> clean
Removed 0 unused cells and 9690 unused wires.

yosys> opt_clean -purge

51. Executing OPT_CLEAN pass (remove unused cells and wires).
Finding unused cells or wires in module \Pip_RV32IM_AHB..
Removed 34 unused cells and 342 unused wires.
<suppressed ~376 debug messages>

yosys> stat -liberty /foss/pdks/sky130A/libs.ref/sky130_fd_sc_hd/lib/sky130_fd_sc_hd__tt_025C_1v80.lib

52. Printing statistics.

=== Pip_RV32IM_AHB ===

        +----------Local Count, excluding submodules.
        |        +-Local Area, excluding submodules.
        |        | 
    20485        - wires
    23402        - wire bits
      165        - public wires
     3020        - public wire bits
       18        - ports
      242        - port bits
    23121 1.77E+05 cells
        6    52.55   sky130_fd_sc_hd__a2111oi_0
        1    10.01   sky130_fd_sc_hd__a2111oi_1
        2   17.517   sky130_fd_sc_hd__a211o_1
      193  1448.89   sky130_fd_sc_hd__a211oi_1
        2   25.024   sky130_fd_sc_hd__a211oi_2
        2   20.019   sky130_fd_sc_hd__a21bo_2
       20  150.144   sky130_fd_sc_hd__a21boi_0
        7    52.55   sky130_fd_sc_hd__a21boi_1
        4   45.043   sky130_fd_sc_hd__a21boi_2
        1   18.768   sky130_fd_sc_hd__a21boi_4
       61  457.939   sky130_fd_sc_hd__a21o_1
     2404  1.2E+04   sky130_fd_sc_hd__a21oi_1
       14  122.618   sky130_fd_sc_hd__a21oi_2
       17  170.163   sky130_fd_sc_hd__a221o_1
      171  1.5E+03   sky130_fd_sc_hd__a221oi_1
        4   60.058   sky130_fd_sc_hd__a221oi_2
      119 1.19E+03   sky130_fd_sc_hd__a222oi_1
       38  332.819   sky130_fd_sc_hd__a22o_1
      315 2.36E+03   sky130_fd_sc_hd__a22oi_1
       13  113.859   sky130_fd_sc_hd__a2bb2oi_1
        1    10.01   sky130_fd_sc_hd__a311o_1
        9   78.826   sky130_fd_sc_hd__a311oi_1
        1    8.758   sky130_fd_sc_hd__a31o_1
       23  201.443   sky130_fd_sc_hd__a31o_2
      306 1.91E+03   sky130_fd_sc_hd__a31oi_1
        1    21.27   sky130_fd_sc_hd__a31oi_4
       17  170.163   sky130_fd_sc_hd__a32o_1
       24  210.202   sky130_fd_sc_hd__a32oi_1
        2   32.531   sky130_fd_sc_hd__a32oi_2
        1   27.526   sky130_fd_sc_hd__a32oi_4
        2   20.019   sky130_fd_sc_hd__a41o_1
        3   26.275   sky130_fd_sc_hd__a41oi_1
       20   125.12   sky130_fd_sc_hd__and2_0
        2   12.512   sky130_fd_sc_hd__and2_1
      124  775.744   sky130_fd_sc_hd__and3_1
       13  113.859   sky130_fd_sc_hd__and3b_1
       63  551.779   sky130_fd_sc_hd__and4_1
        2   20.019   sky130_fd_sc_hd__and4b_1
        1   12.512   sky130_fd_sc_hd__and4bb_2
        1   16.266   sky130_fd_sc_hd__and4bb_4
       29  108.854   sky130_fd_sc_hd__buf_1
       49  245.235   sky130_fd_sc_hd__buf_2
        9   67.565   sky130_fd_sc_hd__buf_4
        3   33.782   sky130_fd_sc_hd__buf_6
      867 3.25E+03   sky130_fd_sc_hd__clkbuf_1
        1    3.754   sky130_fd_sc_hd__clkinv_1
     1601 3.21E+04   sky130_fd_sc_hd__dfxtp_1
     1024 3.07E+04   sky130_fd_sc_hd__edfxtp_1
      451 1.69E+03   sky130_fd_sc_hd__inv_1
       24   90.086   sky130_fd_sc_hd__inv_2
      622 2.33E+03   sky130_fd_sc_hd__lpflow_clkbufkapwr_1
       13   48.797   sky130_fd_sc_hd__lpflow_clkinvkapwr_1
       98  613.088   sky130_fd_sc_hd__lpflow_inputiso0n_1
        1    7.507   sky130_fd_sc_hd__lpflow_inputiso0p_1
        2   12.512   sky130_fd_sc_hd__lpflow_inputiso1p_1
      364 2.28E+03   sky130_fd_sc_hd__lpflow_isobufsrc_1
      427 4.27E+03   sky130_fd_sc_hd__maj3_1
        3   33.782   sky130_fd_sc_hd__maj3_2
        1   11.261   sky130_fd_sc_hd__mux2_1
       15  168.912   sky130_fd_sc_hd__mux2_2
      105 1.05E+03   sky130_fd_sc_hd__mux2i_1
        2   27.526   sky130_fd_sc_hd__mux2i_2
        2   45.043   sky130_fd_sc_hd__mux2i_4
       38  855.821   sky130_fd_sc_hd__mux4_2
     2998 1.13E+04   sky130_fd_sc_hd__nand2_1
        1    6.256   sky130_fd_sc_hd__nand2_2
      163 1.02E+03   sky130_fd_sc_hd__nand2b_1
      291 1.46E+03   sky130_fd_sc_hd__nand3_1
        1    10.01   sky130_fd_sc_hd__nand3_2
        7    52.55   sky130_fd_sc_hd__nand3b_1
      141  882.096   sky130_fd_sc_hd__nand4_1
        3   26.275   sky130_fd_sc_hd__nand4b_1
     3677 1.38E+04   sky130_fd_sc_hd__nor2_1
        9   56.304   sky130_fd_sc_hd__nor2_2
       45   281.52   sky130_fd_sc_hd__nor2b_1
      453 2.27E+03   sky130_fd_sc_hd__nor3_1
        4   40.038   sky130_fd_sc_hd__nor3_2
       12   90.086   sky130_fd_sc_hd__nor3b_1
        2   25.024   sky130_fd_sc_hd__nor3b_2
       41  256.496   sky130_fd_sc_hd__nor4_1
        8  100.096   sky130_fd_sc_hd__nor4_2
        7   61.309   sky130_fd_sc_hd__nor4b_1
        2   30.029   sky130_fd_sc_hd__nor4b_2
        3   71.318   sky130_fd_sc_hd__nor4b_4
        5   50.048   sky130_fd_sc_hd__nor4bb_1
        4   45.043   sky130_fd_sc_hd__o2111a_1
       42  367.853   sky130_fd_sc_hd__o2111ai_1
       11  110.106   sky130_fd_sc_hd__o211a_1
        1    10.01   sky130_fd_sc_hd__o211a_2
       51  382.867   sky130_fd_sc_hd__o211ai_1
        2   25.024   sky130_fd_sc_hd__o211ai_2
        1    21.27   sky130_fd_sc_hd__o211ai_4
       90  675.648   sky130_fd_sc_hd__o21a_1
        4   35.034   sky130_fd_sc_hd__o21a_2
     1668 8.35E+03   sky130_fd_sc_hd__o21ai_0
       37  185.178   sky130_fd_sc_hd__o21ai_1
        8   70.067   sky130_fd_sc_hd__o21ai_2
        1    10.01   sky130_fd_sc_hd__o21ba_1
        6   60.058   sky130_fd_sc_hd__o21ba_2
       19  142.637   sky130_fd_sc_hd__o21bai_1
        3   33.782   sky130_fd_sc_hd__o21bai_2
        6   67.565   sky130_fd_sc_hd__o221a_2
      114  998.458   sky130_fd_sc_hd__o221ai_1
       87  761.981   sky130_fd_sc_hd__o22a_1
      528  3.3E+03   sky130_fd_sc_hd__o22ai_1
        2   17.517   sky130_fd_sc_hd__o2bb2ai_1
        5   43.792   sky130_fd_sc_hd__o311ai_0
        1    8.758   sky130_fd_sc_hd__o311ai_1
       13  113.859   sky130_fd_sc_hd__o31a_1
        1    10.01   sky130_fd_sc_hd__o31a_2
       38  285.274   sky130_fd_sc_hd__o31ai_1
        1    21.27   sky130_fd_sc_hd__o31ai_4
       37  370.355   sky130_fd_sc_hd__o32a_1
       36  315.302   sky130_fd_sc_hd__o32ai_1
        1    8.758   sky130_fd_sc_hd__o41ai_1
        5    31.28   sky130_fd_sc_hd__or2_1
       98  613.088   sky130_fd_sc_hd__or2_2
       94  588.064   sky130_fd_sc_hd__or3_1
        1    8.758   sky130_fd_sc_hd__or3b_1
        3   26.275   sky130_fd_sc_hd__or3b_2
        7    52.55   sky130_fd_sc_hd__or4_1
        4   40.038   sky130_fd_sc_hd__or4b_2
     1589 1.39E+04   sky130_fd_sc_hd__xnor2_1
        8  130.125   sky130_fd_sc_hd__xnor2_2
       24  540.518   sky130_fd_sc_hd__xnor3_1
      827 7.24E+03   sky130_fd_sc_hd__xor2_1
        4   65.062   sky130_fd_sc_hd__xor2_2
        5  118.864   sky130_fd_sc_hd__xor3_1

   Chip area for module '\Pip_RV32IM_AHB': 176651.923200
     of which used for sequential elements: 62800.230400 (35.55%)


yosys> tee -o syn_sta_rv32im_ahb_core/reports/synthesis/synthesis_stats.txt stat -liberty /foss/pdks/sky130A/libs.ref/sky130_fd_sc_hd/lib/sky130_fd_sc_hd__tt_025C_1v80.lib

yosys> stat -liberty /foss/pdks/sky130A/libs.ref/sky130_fd_sc_hd/lib/sky130_fd_sc_hd__tt_025C_1v80.lib

53. Printing statistics.

=== Pip_RV32IM_AHB ===

        +----------Local Count, excluding submodules.
        |        +-Local Area, excluding submodules.
        |        | 
    20485        - wires
    23402        - wire bits
      165        - public wires
     3020        - public wire bits
       18        - ports
      242        - port bits
    23121 1.77E+05 cells
        6    52.55   sky130_fd_sc_hd__a2111oi_0
        1    10.01   sky130_fd_sc_hd__a2111oi_1
        2   17.517   sky130_fd_sc_hd__a211o_1
      193  1448.89   sky130_fd_sc_hd__a211oi_1
        2   25.024   sky130_fd_sc_hd__a211oi_2
        2   20.019   sky130_fd_sc_hd__a21bo_2
       20  150.144   sky130_fd_sc_hd__a21boi_0
        7    52.55   sky130_fd_sc_hd__a21boi_1
        4   45.043   sky130_fd_sc_hd__a21boi_2
        1   18.768   sky130_fd_sc_hd__a21boi_4
       61  457.939   sky130_fd_sc_hd__a21o_1
     2404  1.2E+04   sky130_fd_sc_hd__a21oi_1
       14  122.618   sky130_fd_sc_hd__a21oi_2
       17  170.163   sky130_fd_sc_hd__a221o_1
      171  1.5E+03   sky130_fd_sc_hd__a221oi_1
        4   60.058   sky130_fd_sc_hd__a221oi_2
      119 1.19E+03   sky130_fd_sc_hd__a222oi_1
       38  332.819   sky130_fd_sc_hd__a22o_1
      315 2.36E+03   sky130_fd_sc_hd__a22oi_1
       13  113.859   sky130_fd_sc_hd__a2bb2oi_1
        1    10.01   sky130_fd_sc_hd__a311o_1
        9   78.826   sky130_fd_sc_hd__a311oi_1
        1    8.758   sky130_fd_sc_hd__a31o_1
       23  201.443   sky130_fd_sc_hd__a31o_2
      306 1.91E+03   sky130_fd_sc_hd__a31oi_1
        1    21.27   sky130_fd_sc_hd__a31oi_4
       17  170.163   sky130_fd_sc_hd__a32o_1
       24  210.202   sky130_fd_sc_hd__a32oi_1
        2   32.531   sky130_fd_sc_hd__a32oi_2
        1   27.526   sky130_fd_sc_hd__a32oi_4
        2   20.019   sky130_fd_sc_hd__a41o_1
        3   26.275   sky130_fd_sc_hd__a41oi_1
       20   125.12   sky130_fd_sc_hd__and2_0
        2   12.512   sky130_fd_sc_hd__and2_1
      124  775.744   sky130_fd_sc_hd__and3_1
       13  113.859   sky130_fd_sc_hd__and3b_1
       63  551.779   sky130_fd_sc_hd__and4_1
        2   20.019   sky130_fd_sc_hd__and4b_1
        1   12.512   sky130_fd_sc_hd__and4bb_2
        1   16.266   sky130_fd_sc_hd__and4bb_4
       29  108.854   sky130_fd_sc_hd__buf_1
       49  245.235   sky130_fd_sc_hd__buf_2
        9   67.565   sky130_fd_sc_hd__buf_4
        3   33.782   sky130_fd_sc_hd__buf_6
      867 3.25E+03   sky130_fd_sc_hd__clkbuf_1
        1    3.754   sky130_fd_sc_hd__clkinv_1
     1601 3.21E+04   sky130_fd_sc_hd__dfxtp_1
     1024 3.07E+04   sky130_fd_sc_hd__edfxtp_1
      451 1.69E+03   sky130_fd_sc_hd__inv_1
       24   90.086   sky130_fd_sc_hd__inv_2
      622 2.33E+03   sky130_fd_sc_hd__lpflow_clkbufkapwr_1
       13   48.797   sky130_fd_sc_hd__lpflow_clkinvkapwr_1
       98  613.088   sky130_fd_sc_hd__lpflow_inputiso0n_1
        1    7.507   sky130_fd_sc_hd__lpflow_inputiso0p_1
        2   12.512   sky130_fd_sc_hd__lpflow_inputiso1p_1
      364 2.28E+03   sky130_fd_sc_hd__lpflow_isobufsrc_1
      427 4.27E+03   sky130_fd_sc_hd__maj3_1
        3   33.782   sky130_fd_sc_hd__maj3_2
        1   11.261   sky130_fd_sc_hd__mux2_1
       15  168.912   sky130_fd_sc_hd__mux2_2
      105 1.05E+03   sky130_fd_sc_hd__mux2i_1
        2   27.526   sky130_fd_sc_hd__mux2i_2
        2   45.043   sky130_fd_sc_hd__mux2i_4
       38  855.821   sky130_fd_sc_hd__mux4_2
     2998 1.13E+04   sky130_fd_sc_hd__nand2_1
        1    6.256   sky130_fd_sc_hd__nand2_2
      163 1.02E+03   sky130_fd_sc_hd__nand2b_1
      291 1.46E+03   sky130_fd_sc_hd__nand3_1
        1    10.01   sky130_fd_sc_hd__nand3_2
        7    52.55   sky130_fd_sc_hd__nand3b_1
      141  882.096   sky130_fd_sc_hd__nand4_1
        3   26.275   sky130_fd_sc_hd__nand4b_1
     3677 1.38E+04   sky130_fd_sc_hd__nor2_1
        9   56.304   sky130_fd_sc_hd__nor2_2
       45   281.52   sky130_fd_sc_hd__nor2b_1
      453 2.27E+03   sky130_fd_sc_hd__nor3_1
        4   40.038   sky130_fd_sc_hd__nor3_2
       12   90.086   sky130_fd_sc_hd__nor3b_1
        2   25.024   sky130_fd_sc_hd__nor3b_2
       41  256.496   sky130_fd_sc_hd__nor4_1
        8  100.096   sky130_fd_sc_hd__nor4_2
        7   61.309   sky130_fd_sc_hd__nor4b_1
        2   30.029   sky130_fd_sc_hd__nor4b_2
        3   71.318   sky130_fd_sc_hd__nor4b_4
        5   50.048   sky130_fd_sc_hd__nor4bb_1
        4   45.043   sky130_fd_sc_hd__o2111a_1
       42  367.853   sky130_fd_sc_hd__o2111ai_1
       11  110.106   sky130_fd_sc_hd__o211a_1
        1    10.01   sky130_fd_sc_hd__o211a_2
       51  382.867   sky130_fd_sc_hd__o211ai_1
        2   25.024   sky130_fd_sc_hd__o211ai_2
        1    21.27   sky130_fd_sc_hd__o211ai_4
       90  675.648   sky130_fd_sc_hd__o21a_1
        4   35.034   sky130_fd_sc_hd__o21a_2
     1668 8.35E+03   sky130_fd_sc_hd__o21ai_0
       37  185.178   sky130_fd_sc_hd__o21ai_1
        8   70.067   sky130_fd_sc_hd__o21ai_2
        1    10.01   sky130_fd_sc_hd__o21ba_1
        6   60.058   sky130_fd_sc_hd__o21ba_2
       19  142.637   sky130_fd_sc_hd__o21bai_1
        3   33.782   sky130_fd_sc_hd__o21bai_2
        6   67.565   sky130_fd_sc_hd__o221a_2
      114  998.458   sky130_fd_sc_hd__o221ai_1
       87  761.981   sky130_fd_sc_hd__o22a_1
      528  3.3E+03   sky130_fd_sc_hd__o22ai_1
        2   17.517   sky130_fd_sc_hd__o2bb2ai_1
        5   43.792   sky130_fd_sc_hd__o311ai_0
        1    8.758   sky130_fd_sc_hd__o311ai_1
       13  113.859   sky130_fd_sc_hd__o31a_1
        1    10.01   sky130_fd_sc_hd__o31a_2
       38  285.274   sky130_fd_sc_hd__o31ai_1
        1    21.27   sky130_fd_sc_hd__o31ai_4
       37  370.355   sky130_fd_sc_hd__o32a_1
       36  315.302   sky130_fd_sc_hd__o32ai_1
        1    8.758   sky130_fd_sc_hd__o41ai_1
        5    31.28   sky130_fd_sc_hd__or2_1
       98  613.088   sky130_fd_sc_hd__or2_2
       94  588.064   sky130_fd_sc_hd__or3_1
        1    8.758   sky130_fd_sc_hd__or3b_1
        3   26.275   sky130_fd_sc_hd__or3b_2
        7    52.55   sky130_fd_sc_hd__or4_1
        4   40.038   sky130_fd_sc_hd__or4b_2
     1589 1.39E+04   sky130_fd_sc_hd__xnor2_1
        8  130.125   sky130_fd_sc_hd__xnor2_2
       24  540.518   sky130_fd_sc_hd__xnor3_1
      827 7.24E+03   sky130_fd_sc_hd__xor2_1
        4   65.062   sky130_fd_sc_hd__xor2_2
        5  118.864   sky130_fd_sc_hd__xor3_1

   Chip area for module '\Pip_RV32IM_AHB': 176651.923200
     of which used for sequential elements: 62800.230400 (35.55%)


yosys> check

54. Executing CHECK pass (checking for obvious problems).
Checking module Pip_RV32IM_AHB...
Found and reported 0 problems.

yosys> write_verilog -noattr -nohex syn_sta_rv32im_ahb_core/netlist/synthesized/synthesized_netlist.v

55. Executing Verilog backend.

yosys> bmuxmap

55.1. Executing BMUXMAP pass.

yosys> demuxmap

55.2. Executing DEMUXMAP pass.

yosys> clean_zerowidth
Dumping module `\Pip_RV32IM_AHB'.

yosys> write_blif syn_sta_rv32im_ahb_core/netlist/synthesized/synthesized_netlist.blif

56. Executing BLIF backend.

yosys> write_json syn_sta_rv32im_ahb_core/netlist/synthesized/synthesized_netlist.json

57. Executing JSON backend.

End of script. Logfile hash: dfd855588a, time: 45.28s, user: 14.31s, system: 1.01s, MEM: 173.64 MB peak
Yosys 0.64 (git sha1 6d2c445ae, g++ 13.3.0-6ubuntu2~24.04.1 -fPIC -O3)
Time spent: 71% 1x abc (33 sec), 4% 2x write_verilog (2 sec), ...
